{"type": "FeatureCollection", "features": [{"type": "Feature", "properties": {"Name": "Tmp", "SymbolID": "5"}, "geometry": {"type": "MultiPolygon", "coordinates": [[[[65.75925000028735, 26.35805999986917, 0.0], [65.75870000010497, 26.30083000020437, 0.0], [65.72155000013248, 26.303210000241393, 0.0], [65.72083999976621, 26.277470000340315, 0.0], [65.74735000010247, 26.272940000081007, 0.0], [65.81087000025036, 26.348940000180903, 0.0], [65.8147999998202, 26.309809999731726, 0.0], [65.79638999979869, 26.30489000037329, 0.0], [65.78134000004104, 26.28141999993312, 0.0], [65.76582999975471, 26.223849999877643, 0.0], [65.75371999977824, 26.223580000017023, 0.0], [65.74607000043022, 26.242050000107497, 0.0], [65.73932000031783, 26.203329999679795, 0.0], [65.69298999968879, 26.20354999993259, 0.0], [65.69261999971326, 26.191330000279322, 0.0], [65.75338999984865, 26.183709999616838, 0.0], [65.79960999990163, 26.213680000331806, 0.0], [65.88700999961185, 26.23045999982918, 0.0], [65.90764999994758, 26.267019999573392, 0.0], [65.93391000044625, 26.226240000375753, 0.0], [66.00200000000007, 26.241940000430702, 0.0], [65.99695000004255, 26.212840000265828, 0.0], [65.94375999962432, 26.212200000429732, 0.0], [65.91575999982416, 26.195449999617836, 0.0], [65.83238000023687, 26.17898999958885, 0.0], [65.79301999997307, 26.148219999753223, 0.0], [65.77023999987614, 26.084090000253354, 0.0], [65.75227000036028, 26.086140000360786, 0.0], [65.73524999968777, 26.124429999844665, 0.0], [65.7002400003758, 26.12257999996706, 0.0], [65.67426999976072, 26.099409999871625, 0.0], [65.64516999959585, 26.106659999659314, 0.0], [65.64401000006148, 26.09402999998457, 0.0], [65.59534999990262, 26.106130000399276, 0.0], [65.58882999960485, 26.084480000251858, 0.0], [65.54233000012948, 26.050330000129463, 0.0], [65.43687235928543, 25.999759605214493, 0.0], [65.29402892642474, 25.999759605214493, 0.0], [65.30884999982766, 26.01823999967627, 0.0], [65.29753999987116, 26.033059999619354, 0.0], [65.35964999974777, 26.05696000010397, 0.0], [65.26133999964134, 26.04177000018541, 0.0], [65.49531000005652, 26.213970000215397, 0.0], [65.51072000022788, 26.206230000314292, 0.0], [65.50343000039425, 26.186779999997043, 0.0], [65.44968999979369, 26.142870000350285, 0.0], [65.42448999961385, 26.140209999991555, 0.0], [65.42772000017794, 26.126100000414738, 0.0], [65.49249999997505, 26.1013199998182, 0.0], [65.57049999967529, 26.128050000407256, 0.0], [65.58391999980819, 26.156640000435743, 0.0], [65.6407200003278, 26.187550000432225, 0.0], [65.63364000028582, 26.21052999985966, 0.0], [65.64661999991313, 26.23012000033782, 0.0], [65.75925000028735, 26.35805999986917, 0.0]]], [[[65.6872399998262, 26.0008200003428, 0.0], [65.74825000023736, 26.03173000033928, 0.0], [65.76254000002103, 26.021160000333794, 0.0], [65.76076227956774, 25.999759605214493, 0.0], [65.6872399998262, 26.0008200003428, 0.0]]]]}}, {"type": "Feature", "properties": {"Name": "Qt", "SymbolID": "7"}, "geometry": {"type": "Polygon", "coordinates": [[[65.29794999989264, 26.02888000021187, 0.0], [65.30884999982766, 26.01823999967627, 0.0], [65.29402892642474, 25.999759605214493, 0.0], [65.17828530731911, 25.999759605214493, 0.0], [65.20973000013947, 26.01704000009596, 0.0], [65.29794999989264, 26.02888000021187, 0.0]]]}}, {"type": "Feature", "properties": {"Name": "Qt", "SymbolID": "7"}, "geometry": {"type": "Polygon", "coordinates": [[[65.61650999993662, 26.096029999584857, 0.0], [65.59153999957135, 26.08454000032083, 0.0], [65.58738999974872, 26.086020000222902, 0.0], [65.59534999990262, 26.106130000399276, 0.0], [65.61650999993662, 26.096029999584857, 0.0]]]}}, {"type": "Feature", "properties": {"Name": "Qt", "SymbolID": "7"}, "geometry": {"type": "Polygon", "coordinates": [[[65.67407000043022, 26.098420000082967, 0.0], [65.6625899998287, 26.09111999978819, 0.0], [65.64401000006148, 26.09402999998457, 0.0], [65.64516999959585, 26.106659999659314, 0.0], [65.66004999960785, 26.108939999581366, 0.0], [65.67407000043022, 26.098420000082967, 0.0]]]}}, {"type": "Feature", "properties": {"Name": "Qph", "SymbolID": "56"}, "geometry": {"type": "Polygon", "coordinates": [[[65.98808999975375, 26.04505999991909, 0.0], [65.95602999978473, 26.06433999959137, 0.0], [65.9389000003348, 26.095819999793207, 0.0], [65.95087000015042, 26.141700000354774, 0.0], [66.0244900002134, 26.186329999929626, 0.0], [66.0665600004437, 26.189099999965094, 0.0], [66.09058000016694, 26.176279999622352, 0.0], [66.10690999959684, 26.154749999612818, 0.0], [66.10585000017744, 26.112419999983047, 0.0], [66.05031000020642, 26.102420000182917, 0.0], [66.02346999994057, 26.060519999698272, 0.0], [65.98808999975375, 26.04505999991909, 0.0]]]}}, {"type": "Feature", "properties": {"Name": "Q", "SymbolID": "8"}, "geometry": {"type": "Polygon", "coordinates": [[[65.45994999989261, 26.199919999808174, 0.0], [65.41891000039624, 26.200189999668794, 0.0], [65.39886999985066, 26.210520000297834, 0.0], [65.41861999961333, 26.228159999884156, 0.0], [65.43886999995061, 26.213549999732777, 0.0], [65.44609999971527, 26.233650000347268, 0.0], [65.45994999989261, 26.199919999808174, 0.0]]]}}, {"type": "Feature", "properties": {"Name": "Tk", "SymbolID": "53"}, "geometry": {"type": "Polygon", "coordinates": [[[65.55224000027584, 26.202299999845195, 0.0], [65.5595100000865, 26.22930999985664, 0.0], [65.59980000006999, 26.231179999757217, 0.0], [65.56156999975576, 26.21071999962834, 0.0], [65.55224000027584, 26.202299999845195, 0.0]]]}}, {"type": "Feature", "properties": {"Name": "Qt", "SymbolID": "7"}, "geometry": {"type": "Polygon", "coordinates": [[[64.03445000036726, 26.037710000016546, 0.0], [64.1076000003398, 26.04376000022387, 0.0], [64.16881999964335, 26.08075000001253, 0.0], [64.22381999989312, 26.079029999834688, 0.0], [64.24070999996655, 26.09123999992613, 0.0], [64.31014999972274, 26.098629999874618, 0.0], [64.2541599996843, 26.068949999942618, 0.0], [64.14586999980071, 26.058250000237365, 0.0], [64.11544000035576, 26.035470000140435, 0.0], [64.00533000017941, 26.016509999936602, 0.0], [64.03445000036726, 26.037710000016546, 0.0]]]}}, {"type": "Feature", "properties": {"Name": "Qpkc", "SymbolID": "0"}, "geometry": {"type": "Polygon", "coordinates": [[[64.30883000000455, 26.098030000084464, 0.0], [64.24070999996655, 26.09123999992613, 0.0], [64.22381999989312, 26.079029999834688, 0.0], [64.16881999964335, 26.08075000001253, 0.0], [64.09151999984817, 26.03966999957089, 0.0], [63.94823000021438, 26.023580000416757, 0.0], [63.93719000011845, 26.045960000054038, 0.0], [64.00165000044723, 26.044210000291343, 0.0], [64.23800000000006, 26.1019300000695, 0.0], [64.29234000039077, 26.11987000000056, 0.0], [64.30792000030783, 26.141669999870658, 0.0], [64.35968999999358, 26.157690000293314, 0.0], [64.30429000018341, 26.13280000002004, 0.0], [64.30883000000455, 26.098030000084464, 0.0]]]}}, {"type": "Feature", "properties": {"Name": "Qpkc", "SymbolID": "0"}, "geometry": {"type": "Polygon", "coordinates": [[[63.90890999999658, 26.08163000012445, 0.0], [63.90148000000204, 26.095509999886644, 0.0], [63.919509999586865, 26.102850000227363, 0.0], [63.95800000019989, 26.095619999563382, 0.0], [63.90890999999658, 26.08163000012445, 0.0]]]}}, {"type": "Feature", "properties": {"Name": "Qpkc", "SymbolID": "0"}, "geometry": {"type": "Polygon", "coordinates": [[[64.4191099999266, 26.127910000246345, 0.0], [64.36935999986417, 26.109609999901636, 0.0], [64.3408400003658, 26.121849999577876, 0.0], [64.41028000012199, 26.138759999674278, 0.0], [64.4191099999266, 26.127910000246345, 0.0]]]}}, {"type": "Feature", "properties": {"Name": "Q", "SymbolID": "8"}, "geometry": {"type": "Polygon", "coordinates": [[[63.89749999992512, 26.127360000064016, 0.0], [63.88935999956436, 26.127620000362754, 0.0], [63.88799999980023, 26.129109999826653, 0.0], [63.89749999992512, 26.127360000064016, 0.0]]]}}, {"type": "Feature", "properties": {"Name": "Qt", "SymbolID": "7"}, "geometry": {"type": "Polygon", "coordinates": [[[63.889980000276864, 26.13234000039074, 0.0], [63.90472000012795, 26.120850000227392, 0.0], [63.87625999979923, 26.11789999998507, 0.0], [63.87804999960787, 26.10958000031684, 0.0], [63.99377000038527, 26.128499999575354, 0.0], [63.97306999998057, 26.111000000149943, 0.0], [63.93029999984515, 26.108210000091503, 0.0], [63.89657000020537, 26.090330000229358, 0.0], [63.70276000007402, 26.08978000004703, 0.0], [63.79347000044021, 26.10256000034377, 0.0], [63.78130999995659, 26.11205000000757, 0.0], [63.829119999588386, 26.113699999655296, 0.0], [63.82188000026184, 26.12401999982319, 0.0], [63.852579999567354, 26.12734999960287, 0.0], [63.81845999992913, 26.131699999655325, 0.0], [63.850080000291825, 26.142300000144928, 0.0], [63.806530000159455, 26.16412999959988, 0.0], [63.75873999965131, 26.184110000076487, 0.0], [63.7180100000615, 26.183720000077983, 0.0], [63.71688999967381, 26.194820000242885, 0.0], [63.78816000018389, 26.203750000162415, 0.0], [63.79126000014895, 26.191860000438737, 0.0], [63.84977000038526, 26.188930000219386, 0.0], [63.848170000345306, 26.166800000419755, 0.0], [63.889309999956595, 26.16787999986218, 0.0], [63.889980000276864, 26.13234000039074, 0.0]]]}}, {"type": "Feature", "properties": {"Name": "Qt", "SymbolID": "7"}, "geometry": {"type": "Polygon", "coordinates": [[[63.91531000015641, 26.143820000093, 0.0], [63.93171999967831, 26.161180000256877, 0.0], [64.02514999957288, 26.164449999967587, 0.0], [63.995580000216876, 26.153090000403267, 0.0], [63.91531000015641, 26.143820000093, 0.0]]]}}, {"type": "Feature", "properties": {"Name": "Qt", "SymbolID": "7"}, "geometry": {"type": "Polygon", "coordinates": [[[64.29454000022088, 26.168360000413713, 0.0], [64.30751999984818, 26.16619999973028, 0.0], [64.22301000031132, 26.150499999675276, 0.0], [64.19126000024886, 26.157189999718753, 0.0], [64.30181000003154, 26.183450000217363, 0.0], [64.29454000022088, 26.168360000413713, 0.0]]]}}, {"type": "Feature", "properties": {"Name": "Tk", "SymbolID": "53"}, "geometry": {"type": "Polygon", "coordinates": [[[63.97432000006802, 26.168479999652334, 0.0], [63.96067999968227, 26.169949999992582, 0.0], [63.98041999988317, 26.176439999806178, 0.0], [63.97432000006802, 26.168479999652334, 0.0]]]}}, {"type": "Feature", "properties": {"Name": "Tk", "SymbolID": "53"}, "geometry": {"type": "Polygon", "coordinates": [[[63.9548099996818, 26.172969999865643, 0.0], [63.92500999961186, 26.174110000276357, 0.0], [63.92319000021837, 26.186439999606364, 0.0], [63.95716999969579, 26.1846699998207, 0.0], [63.9548099996818, 26.172969999865643, 0.0]]]}}, {"type": "Feature", "properties": {"Name": "Qt", "SymbolID": "7"}, "geometry": {"type": "Polygon", "coordinates": [[[65.17287000005052, 26.058359999914103, 0.0], [65.21775999992411, 26.05544999971778, 0.0], [65.23785000007751, 26.041420000232847, 0.0], [65.17077000033532, 26.029649999747733, 0.0], [65.15320999994162, 26.0437400002009, 0.0], [65.15187999976223, 26.068709999666794, 0.0], [65.16888000041172, 26.072350000252356, 0.0], [65.17287000005052, 26.058359999914103, 0.0]]]}}, {"type": "Feature", "properties": {"Name": "Qt", "SymbolID": "7"}, "geometry": {"type": "Polygon", "coordinates": [[[64.75201999982318, 26.104410000221378, 0.0], [64.70803000008448, 26.103100000065012, 0.0], [64.70992000000803, 26.090339999791183, 0.0], [64.67699000038829, 26.077810000231352, 0.0], [64.67905000005749, 26.06055000018239, 0.0], [64.59112000018791, 26.05724999998756, 0.0], [64.65452999975975, 26.070719999728283, 0.0], [64.71024999993762, 26.119860000438734, 0.0], [64.75201999982318, 26.104410000221378, 0.0]]]}}, {"type": "Feature", "properties": {"Name": "Qt", "SymbolID": "7"}, "geometry": {"type": "Polygon", "coordinates": [[[64.42255999984417, 26.156099999815183, 0.0], [64.42592000010796, 26.18072999978972, 0.0], [64.48131999991813, 26.19872999978969, 0.0], [64.48739000014842, 26.17259999989011, 0.0], [64.4478699997008, 26.1354000003098, 0.0], [64.42891000039623, 26.142289999683783, 0.0], [64.41931000015643, 26.131600000439732, 0.0], [64.34519999998008, 26.12502999963482, 0.0], [64.34774000020093, 26.11627000036026, 0.0], [64.32219999963036, 26.105549999732773, 0.0], [64.30429000018341, 26.13280000002004, 0.0], [64.35968999999358, 26.157690000293314, 0.0], [64.42255999984417, 26.156099999815183, 0.0]]]}}, {"type": "Feature", "properties": {"Name": "Tk", "SymbolID": "53"}, "geometry": {"type": "Polygon", "coordinates": [[[65.38006999983071, 26.1607599997742, 0.0], [65.38187999966232, 26.184009999961575, 0.0], [65.40194000023087, 26.203619999563387, 0.0], [65.404160000084, 26.18047999995207, 0.0], [65.38006999983071, 26.1607599997742, 0.0]]]}}, {"type": "Feature", "properties": {"Name": "Tk", "SymbolID": "53"}, "geometry": {"type": "Polygon", "coordinates": [[[64.78442999974476, 26.204249999837657, 0.0], [64.75961000000154, 26.20757000005551, 0.0], [64.78953000020942, 26.218579999667327, 0.0], [64.78442999974476, 26.204249999837657, 0.0]]]}}, {"type": "Feature", "properties": {"Name": "Qt", "SymbolID": "7"}, "geometry": {"type": "Polygon", "coordinates": [[[64.50447999955242, 26.209580000116944, 0.0], [64.51768000033178, 26.224620000312825, 0.0], [64.52177999964732, 26.212140000360762, 0.0], [64.50447999955242, 26.209580000116944, 0.0]]]}}, {"type": "Feature", "properties": {"Name": "Tk", "SymbolID": "53"}, "geometry": {"type": "Polygon", "coordinates": [[[64.62849000041325, 26.25529000003354, 0.0], [64.67693999988114, 26.251200000279823, 0.0], [64.61606000006901, 26.227569999655827, 0.0], [64.62849000041325, 26.25529000003354, 0.0]]]}}, {"type": "Feature", "properties": {"Name": "Qt", "SymbolID": "7"}, "geometry": {"type": "Polygon", "coordinates": [[[64.74433000042922, 26.315440000355807, 0.0], [64.70117000029535, 26.288370000275336, 0.0], [64.72822999991462, 26.294229999814718, 0.0], [64.73044000020587, 26.250209999591846, 0.0], [64.72348999986366, 26.240380000436744, 0.0], [64.68699000018842, 26.240800000020045, 0.0], [64.67617000034528, 26.21415000042225, 0.0], [64.65165000004754, 26.22454999978271, 0.0], [64.5895899997787, 26.21808999955391, 0.0], [64.57187999966231, 26.240840000065987, 0.0], [64.56914999967279, 26.224050000107468, 0.0], [64.54153999987113, 26.21206000026882, 0.0], [64.51945000011744, 26.225799999870162, 0.0], [64.7038000001699, 26.30393000016943, 0.0], [64.72601999962336, 26.328589999728763, 0.0], [64.74433000042922, 26.315440000355807, 0.0]], [[64.6580300001844, 26.261249999687777, 0.0], [64.62849000041325, 26.25529000003354, 0.0], [64.61606000006901, 26.227569999655827, 0.0], [64.67693999988114, 26.251200000279823, 0.0], [64.6580300001844, 26.261249999687777, 0.0]]]}}, {"type": "Feature", "properties": {"Name": "Tk", "SymbolID": "53"}, "geometry": {"type": "Polygon", "coordinates": [[[64.7650000003498, 26.263439999956063, 0.0], [64.77744000025587, 26.27645999962931, 0.0], [64.79641000002152, 26.28006000016893, 0.0], [64.79181000013148, 26.267769999985546, 0.0], [64.7650000003498, 26.263439999956063, 0.0]]]}}, {"type": "Feature", "properties": {"Name": "Tk", "SymbolID": "53"}, "geometry": {"type": "Polygon", "coordinates": [[[65.01366000010898, 26.317669999770715, 0.0], [64.82177999994707, 26.21496999956588, 0.0], [64.79971999977823, 26.21939000014845, 0.0], [64.84410999997658, 26.25005000030734, 0.0], [64.82927000001052, 26.256709999866644, 0.0], [64.85539000034828, 26.280260000398755, 0.0], [64.94445999972925, 26.303569999755723, 0.0], [64.96922999986464, 26.334659999959058, 0.0], [65.01251999969827, 26.334350000052495, 0.0], [65.01366000010898, 26.317669999770715, 0.0]]]}}, {"type": "Feature", "properties": {"Name": "Tk", "SymbolID": "53"}, "geometry": {"type": "Polygon", "coordinates": [[[63.97924999988766, 26.20350999988665, 0.0], [63.95098000022688, 26.195429999594865, 0.0], [63.95213000019942, 26.201920000307837, 0.0], [63.97924999988766, 26.20350999988665, 0.0]]]}}, {"type": "Feature", "properties": {"Name": "Tk", "SymbolID": "53"}, "geometry": {"type": "Polygon", "coordinates": [[[63.9495400003708, 26.212149999922588, 0.0], [63.94495999960435, 26.20231000030634, 0.0], [63.922649999597866, 26.20539000024837, 0.0], [63.92391000014646, 26.20931000025638, 0.0], [63.9495400003708, 26.212149999922588, 0.0]]]}}, {"type": "Feature", "properties": {"Name": "Qpkc", "SymbolID": "0"}, "geometry": {"type": "Polygon", "coordinates": [[[64.15230000044471, 26.220440000006022, 0.0], [64.14664999979772, 26.212740000150916, 0.0], [64.11665000039727, 26.220520000097963, 0.0], [64.13623000041423, 26.231509999686807, 0.0], [64.15230000044471, 26.220440000006022, 0.0]]]}}, {"type": "Feature", "properties": {"Name": "Q", "SymbolID": "8"}, "geometry": {"type": "Polygon", "coordinates": [[[64.02807999979223, 26.21496999956588, 0.0], [64.06124000012596, 26.24223999987612, 0.0], [64.08012000023786, 26.23948999986368, 0.0], [64.02807999979223, 26.21496999956588, 0.0]]]}}, {"type": "Feature", "properties": {"Name": "Qt", "SymbolID": "7"}, "geometry": {"type": "Polygon", "coordinates": [[[64.12392999976976, 26.284120000337793, 0.0], [64.07058000006703, 26.281439999956092, 0.0], [64.13894000038079, 26.29870999956688, 0.0], [64.12392999976976, 26.284120000337793, 0.0]]]}}, {"type": "Feature", "properties": {"Name": "Q", "SymbolID": "0"}, "geometry": {"type": "Polygon", "coordinates": [[[64.4536500000475, 26.440219999853184, 0.0], [64.30064999959785, 26.34662000021291, 0.0], [64.29522000010297, 26.313009999811698, 0.0], [64.27034999985267, 26.301049999557904, 0.0], [64.30860999975175, 26.27983000035431, 0.0], [64.24980999963185, 26.28632999972973, 0.0], [64.22790999964684, 26.27914000001107, 0.0], [64.26427999962232, 26.26549999962532, 0.0], [64.17852999955988, 26.243920000008018, 0.0], [64.14999999960037, 26.224270000360264, 0.0], [64.12410999997655, 26.23045999982918, 0.0], [64.11665000039727, 26.220520000097963, 0.0], [64.14664999979772, 26.212740000150916, 0.0], [64.119080000042, 26.21028000002201, 0.0], [64.06672999968981, 26.162009999861652, 0.0], [63.93171999967831, 26.161180000256877, 0.0], [63.91500999981167, 26.139690000293342, 0.0], [63.89497999972724, 26.13561000010145, 0.0], [63.882650000397234, 26.143639999886148, 0.0], [63.88575000036229, 26.1708599996893, 0.0], [63.848170000345306, 26.166800000419755, 0.0], [63.84977000038526, 26.188930000219386, 0.0], [63.79126000014895, 26.191860000438737, 0.0], [63.75156000039374, 26.220040000445692, 0.0], [63.76339999961033, 26.2319500001924, 0.0], [63.777510000086465, 26.21986999980072, 0.0], [63.81318000015693, 26.222840000066014, 0.0], [63.87196999981569, 26.24779000040826, 0.0], [63.89550000032483, 26.232480000351813, 0.0], [63.874429999944596, 26.22002000042272, 0.0], [63.91818999986867, 26.222140000160948, 0.0], [63.92112000008797, 26.253999999900145, 0.0], [63.9056099998017, 26.26959999984018, 0.0], [63.97649999987516, 26.27877999959736, 0.0], [63.981480000201884, 26.249429999594838, 0.0], [64.03222000005303, 26.247309999856668, 0.0], [64.04753000010948, 26.235179999857166, 0.0], [64.02807999979223, 26.21496999956588, 0.0], [64.04285000012749, 26.215359999564384, 0.0], [64.08030000044471, 26.235039999696255, 0.0], [64.06124000012596, 26.24223999987612, 0.0], [64.073700000055, 26.25988000036176, 0.0], [64.11567000017044, 26.272969999665804, 0.0], [64.11864999999756, 26.26029999994512, 0.0], [64.1411699997957, 26.253830000154437, 0.0], [64.18779999987015, 26.261520000447717, 0.0], [64.25294999964285, 26.30046999979072, 0.0], [64.25618000020688, 26.312280000321834, 0.0], [64.2277599999241, 26.32694000008098, 0.0], [64.15327999977222, 26.318859999789197, 0.0], [64.2193800001869, 26.33500999991162, 0.0], [64.20546000037876, 26.35795000019243, 0.0], [64.09742000033282, 26.33923999982619, 0.0], [64.19890999959688, 26.38168000003202, 0.0], [64.13636999967582, 26.39793999983118, 0.0], [64.33358000011697, 26.44099000028831, 0.0], [64.32820999979174, 26.42845999982916, 0.0], [64.28512999974976, 26.413229999864654, 0.0], [64.32732999967982, 26.41587999976224, 0.0], [64.35700999961188, 26.428989999988573, 0.0], [64.35741999963335, 26.441980000076967, 0.0], [64.40812000033782, 26.44153000000955, 0.0], [64.41098999958888, 26.46297000036526, 0.0], [64.51058999982871, 26.473260000049038, 0.0], [64.44187999956239, 26.44637000017542, 0.0], [64.4536500000475, 26.440219999853184, 0.0]], [[64.40535000030235, 26.43079999982018, 0.0], [64.26749000016343, 26.395579999817187, 0.0], [64.26234999965283, 26.405650000147432, 0.0], [64.22207999969231, 26.40559000007852, 0.0], [64.20302999983465, 26.385330000179408, 0.0], [64.21296000000405, 26.374140000360796, 0.0], [64.26989000022337, 26.383289999633803, 0.0], [64.22896999996556, 26.36487000005053, 0.0], [64.22311999998806, 26.34590999984664, 0.0], [64.27441999958336, 26.31860000038978, 0.0], [64.2806099999516, 26.340989999588885, 0.0], [64.31447999975222, 26.369830000354284, 0.0], [64.29009999961534, 26.37542999959487, 0.0], [64.37331999991812, 26.40247000009049, 0.0], [64.40535000030235, 26.43079999982018, 0.0]], [[63.92391000014646, 26.20931000025638, 0.0], [63.94495999960435, 26.20231000030634, 0.0], [63.9495400003708, 26.212149999922588, 0.0], [63.92391000014646, 26.20931000025638, 0.0]], [[63.95213000019942, 26.201920000307837, 0.0], [63.97598999973877, 26.196289999683813, 0.0], [63.97924999988766, 26.20350999988665, 0.0], [63.95213000019942, 26.201920000307837, 0.0]], [[63.92319000021837, 26.186439999606364, 0.0], [63.93050000007497, 26.172749999612847, 0.0], [63.95736999992562, 26.18015999958436, 0.0], [63.93969000029335, 26.191800000369767, 0.0], [63.92319000021837, 26.186439999606364, 0.0]], [[63.96067999968227, 26.169949999992582, 0.0], [63.97432000006802, 26.168479999652334, 0.0], [63.98041999988317, 26.176439999806178, 0.0], [63.969760000223914, 26.174779999697307, 0.0], [63.96067999968227, 26.169949999992582, 0.0]]]}}, {"type": "Feature", "properties": {"Name": "Qt", "SymbolID": "7"}, "geometry": {"type": "Polygon", "coordinates": [[[63.86234999955292, 26.349600000040027, 0.0], [63.784149999622855, 26.341650000347272, 0.0], [63.768330000329286, 26.335529999609832, 0.0], [63.77644999976775, 26.3234599996793, 0.0], [63.75805000020739, 26.322360000213905, 0.0], [63.69165999990912, 26.346339999891143, 0.0], [63.94919999998007, 26.376989999588886, 0.0], [63.86234999955292, 26.349600000040027, 0.0]]]}}, {"type": "Feature", "properties": {"Name": "Qt", "SymbolID": "7"}, "geometry": {"type": "Polygon", "coordinates": [[[64.03593999983116, 26.37024000037576, 0.0], [63.95513000004951, 26.3452299999646, 0.0], [63.8951300003493, 26.342669999720783, 0.0], [63.99423000001457, 26.371339999841155, 0.0], [64.03593999983116, 26.37024000037576, 0.0]]]}}, {"type": "Feature", "properties": {"Name": "Tk", "SymbolID": "53"}, "geometry": {"type": "Polygon", "coordinates": [[[64.34437000037525, 26.392129999899623, 0.0], [64.29009999961534, 26.37542999959487, 0.0], [64.31447999975222, 26.369830000354284, 0.0], [64.2806099999516, 26.340989999588885, 0.0], [64.27900999991164, 26.322170000445226, 0.0], [64.26264999999756, 26.316929999819706, 0.0], [64.2229799998272, 26.349310000156436, 0.0], [64.22896999996556, 26.36487000005053, 0.0], [64.26989000022337, 26.383289999633803, 0.0], [64.21296000000405, 26.374140000360796, 0.0], [64.2026900003433, 26.393420000033018, 0.0], [64.22207999969231, 26.40559000007852, 0.0], [64.29916999969578, 26.39705999971926, 0.0], [64.37787999976223, 26.430770000235384, 0.0], [64.40535000030235, 26.43079999982018, 0.0], [64.34437000037525, 26.392129999899623, 0.0]]]}}, {"type": "Feature", "properties": {"Name": "Qt", "SymbolID": "7"}, "geometry": {"type": "Polygon", "coordinates": [[[64.0981800003068, 26.389870000000542, 0.0], [64.05783999981617, 26.391889999623857, 0.0], [64.11364000008598, 26.404899999735278, 0.0], [64.0981800003068, 26.389870000000542, 0.0]]]}}, {"type": "Feature", "properties": {"Name": "Tk", "SymbolID": "53"}, "geometry": {"type": "Polygon", "coordinates": [[[65.84078999955887, 26.25637999993711, 0.0], [65.83431999976824, 26.231810000031544, 0.0], [65.77764999984765, 26.218980000126976, 0.0], [65.81294000038076, 26.257690000093476, 0.0], [65.84078999955887, 26.25637999993711, 0.0]]]}}, {"type": "Feature", "properties": {"Name": "Q", "SymbolID": "0"}, "geometry": {"type": "Polygon", "coordinates": [[[65.87113000024937, 26.299370000325325, 0.0], [65.91386999990061, 26.26715000017242, 0.0], [65.88700999961185, 26.23045999982918, 0.0], [65.79960999990163, 26.213680000331806, 0.0], [65.75338999984865, 26.183709999616838, 0.0], [65.69261999971326, 26.191330000279322, 0.0], [65.69298999968879, 26.20354999993259, 0.0], [65.73932000031783, 26.203329999679795, 0.0], [65.74607000043022, 26.242050000107497, 0.0], [65.75371999977824, 26.223580000017023, 0.0], [65.77606999983067, 26.238179999707256, 0.0], [65.7875699995559, 26.234729999789693, 0.0], [65.77764999984765, 26.218980000126976, 0.0], [65.8026000001899, 26.21888999957389, 0.0], [65.83431999976824, 26.231810000031544, 0.0], [65.83944000025588, 26.25734000014097, 0.0], [65.8584700000905, 26.2710900002034, 0.0], [65.88792000020788, 26.25354999983267, 0.0], [65.88852999955986, 26.28441999978321, 0.0], [65.87113000024937, 26.299370000325325, 0.0]]]}}, {"type": "Feature", "properties": {"Name": "Tk", "SymbolID": "53"}, "geometry": {"type": "Polygon", "coordinates": [[[65.85479999992009, 26.29205000000752, 0.0], [65.88852999955986, 26.28441999978321, 0.0], [65.88792000020788, 26.25354999983267, 0.0], [65.85479999992009, 26.29205000000752, 0.0]]]}}, {"type": "Feature", "properties": {"Name": "Q", "SymbolID": "8"}, "geometry": {"type": "Polygon", "coordinates": [[[65.74928999963385, 26.275389999748768, 0.0], [65.74462999967483, 26.27415000012246, 0.0], [65.75277999959735, 26.28269999960537, 0.0], [65.74928999963385, 26.275389999748768, 0.0]]]}}, {"type": "Feature", "properties": {"Name": "Tk", "SymbolID": "53"}, "geometry": {"type": "Polygon", "coordinates": [[[65.82095000014243, 26.27780000026985, 0.0], [65.8116300002244, 26.27952000044769, 0.0], [65.81633999979124, 26.28991000024638, 0.0], [65.82095000014243, 26.27780000026985, 0.0]]]}}, {"type": "Feature", "properties": {"Name": "Q", "SymbolID": "8"}, "geometry": {"type": "Polygon", "coordinates": [[[65.4958899998237, 26.291660000009017, 0.0], [65.50579000040824, 26.303970000215372, 0.0], [65.51429000028332, 26.313940000430705, 0.0], [65.4958899998237, 26.291660000009017, 0.0]]]}}, {"type": "Feature", "properties": {"Name": "Qt", "SymbolID": "7"}, "geometry": {"type": "Polygon", "coordinates": [[[65.68370000025487, 26.349900000384764, 0.0], [65.69955000003256, 26.319409999971583, 0.0], [65.63364000028582, 26.21052999985966, 0.0], [65.6407200003278, 26.187550000432225, 0.0], [65.58391999980819, 26.156640000435743, 0.0], [65.57049999967529, 26.128050000407256, 0.0], [65.49249999997505, 26.1013199998182, 0.0], [65.42772000017794, 26.126100000414738, 0.0], [65.42448999961385, 26.140209999991555, 0.0], [65.44968999979369, 26.142870000350285, 0.0], [65.50343000039425, 26.186779999997043, 0.0], [65.51072000022788, 26.206230000314292, 0.0], [65.49531000005652, 26.213970000215397, 0.0], [65.36682999990461, 26.11545000031731, 0.0], [65.3248500002274, 26.10977000008546, 0.0], [65.29926999961083, 26.085980000176903, 0.0], [65.24480999998156, 26.0755700003553, 0.0], [65.2345800003668, 26.08366000020891, 0.0], [65.39886999985066, 26.210520000297834, 0.0], [65.45727000041023, 26.194720000127973, 0.0], [65.4594300001944, 26.217270000410224, 0.0], [65.44609999971527, 26.233650000347268, 0.0], [65.43886999995061, 26.213549999732777, 0.0], [65.41861999961333, 26.228159999884156, 0.0], [65.44611999973824, 26.26579000040823, 0.0], [65.49602999998456, 26.28950999978673, 0.0], [65.66180000026986, 26.4905499996828, 0.0], [65.67405000040725, 26.561550000332318, 0.0], [65.68101000031135, 26.49356999955586, 0.0], [65.62549999992513, 26.43724000002601, 0.0], [65.61722000030284, 26.402980000226876, 0.0], [65.57654000032079, 26.354449999767724, 0.0], [65.47043000024439, 26.254169999645796, 0.0], [65.4726300000745, 26.228520000297806, 0.0], [65.51238999989863, 26.257130000349264, 0.0], [65.59532999987965, 26.273260000448715, 0.0], [65.59481999974327, 26.2905999996903, 0.0], [65.66385999993912, 26.360100000414718, 0.0], [65.68370000025487, 26.349900000384764, 0.0]], [[65.54610999997658, 26.204880000111984, 0.0], [65.57905999961935, 26.216129999999566, 0.0], [65.59980000006999, 26.231179999757217, 0.0], [65.5595100000865, 26.22930999985664, 0.0], [65.54610999997658, 26.204880000111984, 0.0]], [[65.37444999966783, 26.163360000064017, 0.0], [65.404160000084, 26.18047999995207, 0.0], [65.40194000023087, 26.203619999563387, 0.0], [65.37444999966783, 26.163360000064017, 0.0]]]}}, {"type": "Feature", "properties": {"Name": "Q", "SymbolID": "8"}, "geometry": {"type": "Polygon", "coordinates": [[[65.5221199998382, 26.321529999709753, 0.0], [65.52903000013447, 26.32809000005352, 0.0], [65.53675000001255, 26.33437999963735, 0.0], [65.5221199998382, 26.321529999709753, 0.0]]]}}, {"type": "Feature", "properties": {"Name": "Q", "SymbolID": "8"}, "geometry": {"type": "Polygon", "coordinates": [[[65.54188999962383, 26.343090000203404, 0.0], [65.55688000021189, 26.368680000381744, 0.0], [65.56778000014697, 26.373659999809206, 0.0], [65.54188999962383, 26.343090000203404, 0.0]]]}}, {"type": "Feature", "properties": {"Name": "Q", "SymbolID": "8"}, "geometry": {"type": "Polygon", "coordinates": [[[65.56961999956337, 26.374860000288834, 0.0], [65.58229000018343, 26.39350000012496, 0.0], [65.58529000003352, 26.396339999791223, 0.0], [65.58329000043324, 26.39163000022438, 0.0], [65.57642999974473, 26.382469999590853, 0.0], [65.56961999956337, 26.374860000288834, 0.0]]]}}, {"type": "Feature", "properties": {"Name": "Tk", "SymbolID": "53"}, "geometry": {"type": "Polygon", "coordinates": [[[64.83643999970627, 26.2918600002389, 0.0], [64.80975000006254, 26.283989999738765, 0.0], [64.83633000002953, 26.29490000013493, 0.0], [64.83643999970627, 26.2918600002389, 0.0]]]}}, {"type": "Feature", "properties": {"Name": "Tk", "SymbolID": "53"}, "geometry": {"type": "Polygon", "coordinates": [[[64.73553999977122, 26.301049999557904, 0.0], [64.71642000028282, 26.286300000144934, 0.0], [64.70117000029535, 26.288370000275336, 0.0], [64.72691999975825, 26.306359999814163, 0.0], [64.73553999977122, 26.301049999557904, 0.0]]]}}, {"type": "Feature", "properties": {"Name": "Tk", "SymbolID": "53"}, "geometry": {"type": "Polygon", "coordinates": [[[64.77553999987117, 26.34122999986465, 0.0], [64.78417000034528, 26.351099999965072, 0.0], [64.80644999986765, 26.356820000242863, 0.0], [64.80507999964232, 26.348160000183896, 0.0], [64.77553999987117, 26.34122999986465, 0.0]]]}}, {"type": "Feature", "properties": {"Name": "Tk", "SymbolID": "53"}, "geometry": {"type": "Polygon", "coordinates": [[[64.87904000009598, 26.370579999867175, 0.0], [64.86159000027834, 26.371090000003562, 0.0], [64.89301999997309, 26.388709999566856, 0.0], [64.87904000009598, 26.370579999867175, 0.0]]]}}, {"type": "Feature", "properties": {"Name": "Tk", "SymbolID": "53"}, "geometry": {"type": "Polygon", "coordinates": [[[64.82691999955841, 26.36602999958484, 0.0], [64.85162999962483, 26.382449999567882, 0.0], [64.8788500003273, 26.391840000016032, 0.0], [64.85367999973226, 26.37187000000057, 0.0], [64.82691999955841, 26.36602999958484, 0.0]]]}}, {"type": "Feature", "properties": {"Name": "Tk", "SymbolID": "53"}, "geometry": {"type": "Polygon", "coordinates": [[[65.35184000021587, 26.37466000005901, 0.0], [65.33628999988366, 26.38406999963081, 0.0], [65.37600000009996, 26.415179999857173, 0.0], [65.35958000011698, 26.382700000304794, 0.0], [65.35184000021587, 26.37466000005901, 0.0]]]}}, {"type": "Feature", "properties": {"Name": "Tk", "SymbolID": "53"}, "geometry": {"type": "Polygon", "coordinates": [[[64.8999999999001, 26.39801999992312, 0.0], [64.89677000023539, 26.409579999717266, 0.0], [64.91754999983266, 26.41068000008198, 0.0], [64.91393000016944, 26.401449999817714, 0.0], [64.8999999999001, 26.39801999992312, 0.0]]]}}, {"type": "Feature", "properties": {"Name": "Qt", "SymbolID": "7"}, "geometry": {"type": "Polygon", "coordinates": [[[65.00485000032728, 26.423480000401753, 0.0], [65.00524999988767, 26.372329999629812, 0.0], [64.98074000005101, 26.36608999965381, 0.0], [64.94275999957438, 26.407049999957565, 0.0], [64.94112000038774, 26.341410000071505, 0.0], [64.90358999997858, 26.35350999958689, 0.0], [64.89983000015445, 26.3326400003358, 0.0], [64.8736800002319, 26.32529999999508, 0.0], [64.83497999982717, 26.276069999630806, 0.0], [64.78861999961333, 26.25344999971776, 0.0], [64.75047000029036, 26.252319999768247, 0.0], [64.74871999962835, 26.31031999986817, 0.0], [64.85053999972126, 26.355409999971585, 0.0], [64.78124999968782, 26.330770000435223, 0.0], [64.76917999975723, 26.33041999958334, 0.0], [64.76660000038976, 26.350019999623328, 0.0], [64.90467000032032, 26.426079999792194, 0.0], [64.98330000029483, 26.452180000106978, 0.0], [65.02289999993508, 26.494250000337274, 0.0], [65.12843000024435, 26.561220000402727, 0.0], [65.12387999996207, 26.51389000042326, 0.0], [65.06413000009945, 26.466659999659328, 0.0], [65.09592000020791, 26.475129999949615, 0.0], [65.00485000032728, 26.423480000401753, 0.0]], [[64.8999999999001, 26.39801999992312, 0.0], [64.91754999983266, 26.41068000008198, 0.0], [64.8913399998412, 26.404360000014037, 0.0], [64.8999999999001, 26.39801999992312, 0.0]], [[64.82691999955841, 26.36602999958484, 0.0], [64.87793999973127, 26.385740000200883, 0.0], [64.8788500003273, 26.391840000016032, 0.0], [64.82691999955841, 26.36602999958484, 0.0]], [[64.86009999991512, 26.36597999997707, 0.0], [64.88776999978569, 26.377920000207894, 0.0], [64.89301999997309, 26.388709999566856, 0.0], [64.86009999991512, 26.36597999997707, 0.0]], [[64.77539000014843, 26.345270000010544, 0.0], [64.80507999964232, 26.348160000183896, 0.0], [64.80644999986765, 26.356820000242863, 0.0], [64.77539000014843, 26.345270000010544, 0.0]], [[64.82385000007747, 26.282380000136925, 0.0], [64.83633000002953, 26.29490000013493, 0.0], [64.80975000006254, 26.283989999738765, 0.0], [64.82385000007747, 26.282380000136925, 0.0]], [[64.76318999961882, 26.266929999919626, 0.0], [64.79181000013148, 26.267769999985546, 0.0], [64.79641000002152, 26.28006000016893, 0.0], [64.76318999961882, 26.266929999919626, 0.0]]]}}, {"type": "Feature", "properties": {"Name": "Qt", "SymbolID": "7"}, "geometry": {"type": "Polygon", "coordinates": [[[64.47033999989111, 26.40501999987316, 0.0], [64.456440000106, 26.409269999810704, 0.0], [64.40435000005249, 26.39649999997505, 0.0], [64.49197000001556, 26.421490000363292, 0.0], [64.47033999989111, 26.40501999987316, 0.0]]]}}, {"type": "Feature", "properties": {"Name": "Qt", "SymbolID": "7"}, "geometry": {"type": "Polygon", "coordinates": [[[64.62236000011399, 26.399650000447195, 0.0], [64.68139999961033, 26.41724000042575, 0.0], [64.66891999965833, 26.40916999969579, 0.0], [64.62236000011399, 26.399650000447195, 0.0]]]}}, {"type": "Feature", "properties": {"Name": "Q", "SymbolID": "0"}, "geometry": {"type": "Polygon", "coordinates": [[[65.47497000006553, 26.654439999606325, 0.0], [65.36323999982619, 26.56666000035881, 0.0], [65.36428999968382, 26.510069999630844, 0.0], [65.3447099996668, 26.508600000189915, 0.0], [65.36011999983816, 26.52732000011798, 0.0], [65.33665999985914, 26.53261000035127, 0.0], [65.29956000039374, 26.487819999693272, 0.0], [65.26519999958037, 26.471220000402752, 0.0], [65.25176000032383, 26.435000000149955, 0.0], [65.2329299998197, 26.421640000085972, 0.0], [65.24070000020492, 26.401930000369248, 0.0], [65.20622000015294, 26.387520000447694, 0.0], [65.21874000015094, 26.41934000014095, 0.0], [65.20798000037678, 26.42098999978873, 0.0], [65.14231999956837, 26.378100000414747, 0.0], [65.11183999961634, 26.333579999617314, 0.0], [65.06491000009646, 26.30851999959833, 0.0], [65.05066999992061, 26.28693000041926, 0.0], [64.96904000009596, 26.235750000062524, 0.0], [64.94277999959735, 26.23373000043921, 0.0], [64.83879999972027, 26.17750000012495, 0.0], [64.92479999962035, 26.19858000006701, 0.0], [64.85342000033279, 26.166379999937078, 0.0], [64.80104999995757, 26.1597299999396, 0.0], [64.7899000001849, 26.153639999686277, 0.0], [64.79427000026038, 26.130669999820668, 0.0], [64.75669999980522, 26.128280000221878, 0.0], [64.76648000025187, 26.152950000242356, 0.0], [64.73898999968878, 26.146369999875617, 0.0], [64.72358000041675, 26.120890000273334, 0.0], [64.65452999975975, 26.070719999728283, 0.0], [64.64389000012346, 26.06989000012345, 0.0], [64.65743999995607, 26.088130000399246, 0.0], [64.60347000044021, 26.08776999998554, 0.0], [64.50239999986019, 26.052910000396253, 0.0], [64.49455000028235, 26.035340000440726, 0.0], [64.41539000014842, 26.026440000105993, 0.0], [64.46321000024136, 26.019609999901604, 0.0], [64.45568999969379, 26.012320000067973, 0.0], [64.41797999997709, 26.00891000019641, 0.0], [64.3933900000485, 26.02818999986863, 0.0], [64.37705999971928, 26.02765999970927, 0.0], [64.37054000032083, 26.009819999893125, 0.0], [64.33627999962232, 26.008770000035497, 0.0], [64.3135999996403, 26.02250999963684, 0.0], [64.26043000014442, 26.01843999990615, 0.0], [64.2436400001859, 26.029540000070995, 0.0], [64.20345999987916, 26.023549999932584, 0.0], [64.18770388740212, 25.999759605214493, 0.0], [64.16632999992959, 26.023580000416757, 0.0], [63.93449206945075, 25.999759605214493, 0.0], [63.868230000014535, 26.011239999726286, 0.0], [63.46576999978572, 26.01420999999158, 0.0], [63.2869027268051, 25.999759605214493, 0.0], [62.77640999992161, 26.007849999877635, 0.0], [62.71501968421447, 25.999759605214493, 0.0], [62.72618000020691, 26.005540000370786, 0.0], [62.55320000017991, 26.01913000024939, 0.0], [62.69749000006351, 26.02954999963282, 0.0], [62.6686999998052, 26.03071999962833, 0.0], [62.66764999994757, 26.04138999974873, 0.0], [62.63628000032179, 26.052639999636312, 0.0], [62.45088999997358, 26.05552999980972, 0.0], [62.46579999957038, 26.08237999963734, 0.0], [62.42874999971275, 26.07463000017441, 0.0], [62.42348000040175, 26.09864000033582, 0.0], [62.267350000402246, 26.099489999963566, 0.0], [62.23675999987415, 26.082889999773727, 0.0], [62.14889999963532, 26.093379999687272, 0.0], [62.15550000002503, 26.07822999981471, 0.0], [62.11867000042025, 26.084360000113975, 0.0], [62.11127999957239, 26.067329999879632, 0.0], [62.04241999958339, 26.106429999844693, 0.0], [62.032729999689764, 26.09080999988163, 0.0], [61.99300000034981, 26.081810000331302, 0.0], [61.92790999974676, 26.096789999558894, 0.0], [61.91288999957385, 26.095549999932587, 0.0], [61.91374000010097, 26.081449999917595, 0.0], [61.85662000011297, 26.083170000095492, 0.0], [61.84477999999706, 26.05733999964133, 0.0], [61.84784889641318, 25.999759605214493, 0.0], [61.80275582976839, 25.999759605214493, 0.0], [61.847881316569556, 26.22813987665404, 0.0], [61.870754241814836, 26.246738433931625, 0.0], [62.009345857525375, 26.290552295152338, 0.0], [61.902670000420244, 26.246779999697253, 0.0], [61.8750399996963, 26.196899999935113, 0.0], [61.92332999987963, 26.213179999757244, 0.0], [61.92774000000105, 26.191170000095497, 0.0], [61.956760000073984, 26.210289999583892, 0.0], [61.95801999972326, 26.1693300001794, 0.0], [61.98198000027685, 26.159950000192396, 0.0], [62.00142000013295, 26.174790000158453, 0.0], [62.00528999963382, 26.212780000196915, 0.0], [62.024040000046, 26.218690000243384, 0.0], [62.03184000001602, 26.191279999772235, 0.0], [62.044500000174935, 26.21664999969778, 0.0], [62.069729999939625, 26.165330000079507, 0.0], [62.09918999961883, 26.219000000149947, 0.0], [62.12122999976475, 26.221730000139473, 0.0], [62.12711999978819, 26.23667999978221, 0.0], [62.15623000041427, 26.233340000440705, 0.0], [62.19724000032579, 26.216159999584363, 0.0], [62.1475999999401, 26.184110000076487, 0.0], [62.149369999725764, 26.173090000003526, 0.0], [62.19322999976475, 26.15041999958339, 0.0], [62.31803000018442, 26.15599999970027, 0.0], [62.36400999996158, 26.131159999934084, 0.0], [62.37308999960385, 26.14688000001206, 0.0], [62.46209000025334, 26.153140000011035, 0.0], [62.47537999978721, 26.141319999918096, 0.0], [62.47555999999406, 26.118080000191924, 0.0], [62.51738999994859, 26.130589999728727, 0.0], [62.54653999972129, 26.10968000043175, 0.0], [62.58737999988716, 26.120090000253356, 0.0], [62.60104999985765, 26.09544000025585, 0.0], [62.61325999994909, 26.11771000021639, 0.0], [62.63253000005949, 26.107100000164905, 0.0], [62.6489700000655, 26.12399999980022, 0.0], [62.65865999995907, 26.100160000283836, 0.0], [62.69207000013046, 26.11377000018541, 0.0], [62.719989999838674, 26.08366000020891, 0.0], [62.732369999675825, 26.103409999971575, 0.0], [62.74681999964332, 26.0843299996298, 0.0], [62.76023999977622, 26.095010000211403, 0.0], [62.778430000444246, 26.0791299999496, 0.0], [62.80387999956241, 26.095380000186935, 0.0], [62.80955000023238, 26.083500000025026, 0.0], [62.817999999600374, 26.09296000010397, 0.0], [62.844699999705256, 26.07490000003503, 0.0], [62.89378999990862, 26.09513999991111, 0.0], [62.90138000008699, 26.06771000031631, 0.0], [62.93426000009896, 26.059500000324817, 0.0], [62.93974999966281, 26.018279999722267, 0.0], [63.00741999963333, 26.040830000004576, 0.0], [63.08998000007699, 26.01289000027333, 0.0], [63.141669999670796, 26.040999999750227, 0.0], [63.165329999879646, 26.0416000004397, 0.0], [63.17799999960033, 26.025080000341802, 0.0], [63.22207999989212, 26.027859999939096, 0.0], [63.227089999803695, 26.016939999981048, 0.0], [63.27195000009249, 26.026819999643294, 0.0], [63.3283900001984, 26.016919999958077, 0.0], [63.42988000036178, 26.022749999912605, 0.0], [63.46689000017341, 26.04035999991413, 0.0], [63.49768999959389, 26.076509999636812, 0.0], [63.49634999985267, 26.05252000039775, 0.0], [63.5377200001779, 26.034460000328806, 0.0], [63.55870000000505, 26.040820000442693, 0.0], [63.57626000039875, 26.024280000321824, 0.0], [63.66854999988266, 26.014069999830667, 0.0], [63.977540000170904, 26.01656000044369, 0.0], [64.03306000011895, 26.037669999970547, 0.0], [64.00291999965833, 26.02047999955238, 0.0], [64.02538000028682, 26.019230000364303, 0.0], [64.11544000035576, 26.035470000140435, 0.0], [64.14586999980071, 26.058250000237365, 0.0], [64.2541599996843, 26.068949999942618, 0.0], [64.30484999992763, 26.090860000388773, 0.0], [64.31285000012747, 26.11067000022041, 0.0], [64.41383000015446, 26.11964000018594, 0.0], [64.42891000039623, 26.142289999683783, 0.0], [64.4478699997008, 26.1354000003098, 0.0], [64.47138999974874, 26.15082000004304, 0.0], [64.48739000014842, 26.17259999989011, 0.0], [64.47622000035278, 26.202809999981582, 0.0], [64.52177999964732, 26.212140000360762, 0.0], [64.51945000011744, 26.225799999870162, 0.0], [64.54153999987113, 26.21206000026882, 0.0], [64.56914999967279, 26.224050000107468, 0.0], [64.57187999966231, 26.240840000065987, 0.0], [64.5895899997787, 26.21808999955391, 0.0], [64.65165000004754, 26.22454999978271, 0.0], [64.67617000034528, 26.21415000042225, 0.0], [64.68699000018842, 26.240800000020045, 0.0], [64.72348999986366, 26.240380000436744, 0.0], [64.73044000020587, 26.250209999591846, 0.0], [64.72822999991462, 26.294229999814718, 0.0], [64.7445200001979, 26.317580000116948, 0.0], [64.75047000029036, 26.252319999768247, 0.0], [64.78861999961333, 26.25344999971776, 0.0], [64.83497999982717, 26.276069999630806, 0.0], [64.8736800002319, 26.32529999999508, 0.0], [64.89983000015445, 26.3326400003358, 0.0], [64.90358999997858, 26.35350999958689, 0.0], [64.94112000038774, 26.341410000071505, 0.0], [64.94275999957438, 26.407049999957565, 0.0], [64.98917999985719, 26.365810000231363, 0.0], [65.00524999988767, 26.372329999629812, 0.0], [65.0028000002199, 26.39110999962685, 0.0], [65.05916000023387, 26.417550000332312, 0.0], [65.1089799999271, 26.394960000004062, 0.0], [65.14887000035031, 26.429970000215405, 0.0], [65.16020999989166, 26.42724000022588, 0.0], [65.17941999993309, 26.459160000034046, 0.0], [65.23579000040826, 26.490540000120973, 0.0], [65.23974999956289, 26.51691000029632, 0.0], [65.26369999965533, 26.515090000003568, 0.0], [65.30560000013998, 26.543029999734756, 0.0], [65.41945000011748, 26.662590000428224, 0.0], [65.42308999980372, 26.630860000388736, 0.0], [65.43613999996109, 26.632490000013547, 0.0], [65.4471499995729, 26.653050000257338, 0.0], [65.44184999977773, 26.68298999958887, 0.0], [65.45732000001806, 26.69919000021838, 0.0], [65.46062000021288, 26.665169999795694, 0.0], [65.47497000006553, 26.654439999606325, 0.0]], [[64.83216000018393, 26.254260000198883, 0.0], [64.8456699999706, 26.253139999811197, 0.0], [64.80156999965584, 26.214879999912114, 0.0], [64.90798000007698, 26.254420000382765, 0.0], [65.01366000010898, 26.317669999770715, 0.0], [65.01489000017341, 26.330869999650815, 0.0], [64.96922999986464, 26.334659999959058, 0.0], [64.94445999972925, 26.303569999755723, 0.0], [64.8686399998362, 26.28671000016641, 0.0], [64.83216000018393, 26.254260000198883, 0.0]], [[64.78953000020942, 26.218579999667327, 0.0], [64.77221999965332, 26.216049999907625, 0.0], [64.760860000089, 26.204069999630804, 0.0], [64.78442999974476, 26.204249999837657, 0.0], [64.78953000020942, 26.218579999667327, 0.0]], [[62.75181000043125, 26.009509999986562, 0.0], [62.735119999688266, 26.01197000011547, 0.0], [62.736329999729776, 26.007929999969576, 0.0], [62.75181000043125, 26.009509999986562, 0.0]], [[62.13286000008901, 26.147800000169923, 0.0], [62.15236999957585, 26.161519999748236, 0.0], [62.13087000005049, 26.171050000357297, 0.0], [62.09922999966483, 26.153969999615867, 0.0], [62.13286000008901, 26.147800000169923, 0.0]]]}}, {"type": "Feature", "properties": {"Name": "Tk", "SymbolID": "53"}, "geometry": {"type": "Polygon", "coordinates": [[[63.387790273903526, 25.999759605214493, 0.0], [63.40051000033628, 26.004870000050516, 0.0], [63.45257134067569, 25.999759605214493, 0.0], [63.387790273903526, 25.999759605214493, 0.0]]]}}, {"type": "Feature", "properties": {"Name": "Tk", "SymbolID": "53"}, "geometry": {"type": "Polygon", "coordinates": [[[62.6163300003293, 26.05123999982618, 0.0], [62.603360000263876, 26.03247999985217, 0.0], [62.69168999969378, 26.03333999994112, 0.0], [62.69609000025338, 26.02443999960633, 0.0], [62.549630000124466, 26.022999999750255, 0.0], [62.72618000020691, 26.005540000370786, 0.0], [61.84784889641318, 25.999759605214493, 0.0], [61.84477999999706, 26.05733999964133, 0.0], [61.85662000011297, 26.083170000095492, 0.0], [61.91374000010097, 26.081449999917595, 0.0], [61.91288999957385, 26.095549999932587, 0.0], [61.92790999974676, 26.096789999558894, 0.0], [61.99300000034981, 26.081810000331302, 0.0], [62.032729999689764, 26.09080999988163, 0.0], [62.04241999958339, 26.106429999844693, 0.0], [62.11127999957239, 26.067329999879632, 0.0], [62.11867000042025, 26.084360000113975, 0.0], [62.15550000002503, 26.07822999981471, 0.0], [62.14889999963532, 26.093379999687272, 0.0], [62.16063999963632, 26.093430000194417, 0.0], [62.257400000209884, 26.083860000438733, 0.0], [62.32187000010049, 26.061620000062987, 0.0], [62.6163300003293, 26.05123999982618, 0.0]]]}}, {"type": "Feature", "properties": {"Name": "Qt", "SymbolID": "7"}, "geometry": {"type": "MultiPolygon", "coordinates": [[[[63.93449206945075, 25.999759605214493, 0.0], [64.16632999992959, 26.023580000416757, 0.0], [64.18414702621203, 25.999759605214493, 0.0], [63.93449206945075, 25.999759605214493, 0.0]]], [[[64.19317000019538, 26.001440000155924, 0.0], [64.20345999987916, 26.023549999932584, 0.0], [64.23247000039026, 26.029179999657288, 0.0], [64.2609499998427, 26.027010000311293, 0.0], [64.26043000014442, 26.01843999990615, 0.0], [64.3135999996403, 26.02250999963684, 0.0], [64.33627999962232, 26.008770000035497, 0.0], [64.19317000019538, 26.001440000155924, 0.0]]], [[[63.92838644584457, 25.999759605214493, 0.0], [63.2869027268051, 25.999759605214493, 0.0], [63.46576999978572, 26.01420999999158, 0.0], [63.868230000014535, 26.011239999726286, 0.0], [63.92838644584457, 25.999759605214493, 0.0]]]]}}, {"type": "Feature", "properties": {"Name": "Qt", "SymbolID": "7"}, "geometry": {"type": "Polygon", "coordinates": [[[64.40373999980119, 26.016019999823186, 0.0], [64.39696999966583, 26.010760000074015, 0.0], [64.37054000032083, 26.009819999893125, 0.0], [64.37705999971928, 26.02765999970927, 0.0], [64.40373999980119, 26.016019999823186, 0.0]]]}}, {"type": "Feature", "properties": {"Name": "Qt", "SymbolID": "7"}, "geometry": {"type": "Polygon", "coordinates": [[[63.557949999592836, 26.053200000279844, 0.0], [63.7649199995584, 26.023549999932584, 0.0], [63.9377899999086, 26.050009999761755, 0.0], [63.94823000021438, 26.023580000416757, 0.0], [63.99829000018343, 26.031189999718777, 0.0], [63.977540000170904, 26.01656000044369, 0.0], [63.66854999988266, 26.014069999830667, 0.0], [63.57626000039875, 26.024280000321824, 0.0], [63.55870000000505, 26.040820000442693, 0.0], [63.5377200001779, 26.034460000328806, 0.0], [63.51522999996456, 26.04887000025036, 0.0], [63.557949999592836, 26.053200000279844, 0.0]]]}}, {"type": "Feature", "properties": {"Name": "Qt", "SymbolID": "7"}, "geometry": {"type": "MultiPolygon", "coordinates": [[[[63.03548052333668, 25.999759605214493, 0.0], [63.15877999999708, 26.004350000352304, 0.0], [63.171963228159605, 25.999759605214493, 0.0], [63.03548052333668, 25.999759605214493, 0.0]]], [[[63.27905000015744, 26.00010000041476, 0.0], [63.27911157910439, 25.999759605214493, 0.0], [63.27052009898716, 25.999759605214493, 0.0], [63.27905000015744, 26.00010000041476, 0.0]]]]}}, {"type": "Feature", "properties": {"Name": "Qt", "SymbolID": "7"}, "geometry": {"type": "Polygon", "coordinates": [[[62.73623771093059, 25.999759605214493, 0.0], [62.77640999992161, 26.007849999877635, 0.0], [62.78786813809764, 25.999759605214493, 0.0], [62.73623771093059, 25.999759605214493, 0.0]]]}}, {"type": "Feature", "properties": {"Name": "Tk", "SymbolID": "53"}, "geometry": {"type": "Polygon", "coordinates": [[[62.74451000013647, 26.014640000036025, 0.0], [62.74241999998304, 26.00682999960486, 0.0], [62.735119999688266, 26.01197000011547, 0.0], [62.74451000013647, 26.014640000036025, 0.0]]]}}, {"type": "Feature", "properties": {"Name": "Qt", "SymbolID": "7"}, "geometry": {"type": "Polygon", "coordinates": [[[63.362699999605354, 26.023039999796197, 0.0], [63.27195000009249, 26.026819999643294, 0.0], [63.227089999803695, 26.016939999981048, 0.0], [63.22207999989212, 26.027859999939096, 0.0], [63.169459999679304, 26.02826999996057, 0.0], [63.165329999879646, 26.0416000004397, 0.0], [63.26105000015741, 26.041400000209876, 0.0], [63.362699999605354, 26.023039999796197, 0.0]]]}}, {"type": "Feature", "properties": {"Name": "Qt", "SymbolID": "7"}, "geometry": {"type": "Polygon", "coordinates": [[[63.08060999965181, 26.067750000362253, 0.0], [63.150409999821704, 26.064479999752223, 0.0], [63.12979999997009, 26.057519999848182, 0.0], [63.14114999997258, 26.05240999982169, 0.0], [63.06767999963233, 26.05552999980972, 0.0], [63.08060999965181, 26.067750000362253, 0.0]]]}}, {"type": "Feature", "properties": {"Name": "Qpkc", "SymbolID": "0"}, "geometry": {"type": "Polygon", "coordinates": [[[63.06767999963233, 26.05552999980972, 0.0], [63.36340000040974, 26.05505000015745, 0.0], [63.37989000002352, 26.03799000033831, 0.0], [63.31160000023988, 26.037839999716255, 0.0], [63.43532999987963, 26.02599000003852, 0.0], [63.10209999961535, 26.041039999796226, 0.0], [62.96818999996856, 26.065820000392762, 0.0], [62.95293000041926, 26.09047000039027, 0.0], [63.02036000011395, 26.100310000006573, 0.0], [63.0319199999081, 26.092340000290847, 0.0], [63.00336999992561, 26.072219999653328, 0.0], [63.06767999963233, 26.05552999980972, 0.0]]]}}, {"type": "Feature", "properties": {"Name": "Qt", "SymbolID": "7"}, "geometry": {"type": "Polygon", "coordinates": [[[63.46716999959585, 26.046430000144426, 0.0], [63.432630000374274, 26.029769999885616, 0.0], [63.31160000023988, 26.037839999716255, 0.0], [63.37989000002352, 26.03799000033831, 0.0], [63.36340000040974, 26.05505000015745, 0.0], [63.28777000028532, 26.052710000166428, 0.0], [63.327699999855156, 26.081050000357266, 0.0], [63.36328000027186, 26.071869999700766, 0.0], [63.3782000003298, 26.08192000000804, 0.0], [63.257580000216876, 26.103309999856663, 0.0], [63.3987799996973, 26.098150000222404, 0.0], [63.40718000035679, 26.08694999994259, 0.0], [63.39901000041124, 26.051549999732742, 0.0], [63.45484000026585, 26.057049999757737, 0.0], [63.46716999959585, 26.046430000144426, 0.0]]]}}, {"type": "Feature", "properties": {"Name": "Qt", "SymbolID": "7"}, "geometry": {"type": "Polygon", "coordinates": [[[63.21458999982866, 26.052690000143457, 0.0], [63.192110000076525, 26.06839999976023, 0.0], [63.187419999633335, 26.076000000399745, 0.0], [63.207099999765205, 26.076800000419723, 0.0], [63.189119999788204, 26.091649999947606, 0.0], [63.226960000103986, 26.07424999973773, 0.0], [63.21458999982866, 26.052690000143457, 0.0]]]}}, {"type": "Feature", "properties": {"Name": "Qt", "SymbolID": "7"}, "geometry": {"type": "Polygon", "coordinates": [[[62.67241999958338, 26.036040000345793, 0.0], [62.61750000032481, 26.02956999965579, 0.0], [62.60303999989611, 26.038530000059495, 0.0], [62.61459000012843, 26.051939999731246, 0.0], [62.648109999976555, 26.051139999711268, 0.0], [62.67241999958338, 26.036040000345793, 0.0]]]}}, {"type": "Feature", "properties": {"Name": "Qt", "SymbolID": "7"}, "geometry": {"type": "Polygon", "coordinates": [[[62.45088999997358, 26.05552999980972, 0.0], [62.32187000010049, 26.061620000062987, 0.0], [62.250590000028524, 26.083540000071025, 0.0], [62.267350000402246, 26.099489999963566, 0.0], [62.42348000040175, 26.09864000033582, 0.0], [62.42874999971275, 26.07463000017441, 0.0], [62.46579999957038, 26.08237999963734, 0.0], [62.45088999997358, 26.05552999980972, 0.0]]]}}, {"type": "Feature", "properties": {"Name": "Qt", "SymbolID": "7"}, "geometry": {"type": "Polygon", "coordinates": [[[62.37308999960385, 26.14688000001206, 0.0], [62.35896000000406, 26.131429999794705, 0.0], [62.337120000087964, 26.15285999968927, 0.0], [62.37308999960385, 26.14688000001206, 0.0]]]}}, {"type": "Feature", "properties": {"Name": "Qt", "SymbolID": "7"}, "geometry": {"type": "Polygon", "coordinates": [[[62.261019999873156, 26.148339999891107, 0.0], [62.29656000024386, 26.154439999706256, 0.0], [62.29845999972923, 26.154530000259342, 0.0], [62.261019999873156, 26.148339999891107, 0.0]]]}}, {"type": "Feature", "properties": {"Name": "Qt", "SymbolID": "7"}, "geometry": {"type": "Polygon", "coordinates": [[[62.441140000011046, 26.155319999818175, 0.0], [62.437659999609366, 26.15121999960337, 0.0], [62.41965999960934, 26.15287999971224, 0.0], [62.441140000011046, 26.155319999818175, 0.0]]]}}, {"type": "Feature", "properties": {"Name": "Tk", "SymbolID": "53"}, "geometry": {"type": "Polygon", "coordinates": [[[62.15521999970326, 26.15498999988864, 0.0], [62.09961999966333, 26.147319999618333, 0.0], [62.103750000362254, 26.160859999889112, 0.0], [62.13087000005049, 26.171050000357297, 0.0], [62.15521999970326, 26.15498999988864, 0.0]]]}}, {"type": "Feature", "properties": {"Name": "Qt", "SymbolID": "7"}, "geometry": {"type": "Polygon", "coordinates": [[[61.96575999962431, 26.21734000004102, 0.0], [62.00856000024385, 26.230490000313296, 0.0], [62.12711999978819, 26.23667999978221, 0.0], [62.127759999624345, 26.22592999956987, 0.0], [62.09918999961883, 26.219000000149947, 0.0], [62.09716999999557, 26.201120000287858, 0.0], [62.0795899995789, 26.1963800002369, 0.0], [62.069729999939625, 26.165330000079507, 0.0], [62.044500000174935, 26.21664999969778, 0.0], [62.03184000001602, 26.191279999772235, 0.0], [62.024040000046, 26.218690000243384, 0.0], [62.00528999963382, 26.212780000196915, 0.0], [62.00142000013295, 26.174790000158453, 0.0], [61.98198000027685, 26.159950000192396, 0.0], [61.95801999972326, 26.1693300001794, 0.0], [61.956760000073984, 26.210289999583892, 0.0], [61.92774000000105, 26.191170000095497, 0.0], [61.92332999987963, 26.213179999757244, 0.0], [61.8750399996963, 26.196899999935113, 0.0], [61.8877500003623, 26.223370000225373, 0.0], [61.96575999962431, 26.21734000004102, 0.0]]]}}, {"type": "Feature", "properties": {"Name": "Qt", "SymbolID": "7"}, "geometry": {"type": "Polygon", "coordinates": [[[62.45916999959587, 26.224460000128943, 0.0], [62.288979999627315, 26.233169999795678, 0.0], [62.49169000009351, 26.25237999983716, 0.0], [62.45918999961884, 26.236140000061027, 0.0], [62.45916999959587, 26.224460000128943, 0.0]]]}}, {"type": "Feature", "properties": {"Name": "Qt", "SymbolID": "7"}, "geometry": {"type": "Polygon", "coordinates": [[[62.891810000331304, 26.094600000189928, 0.0], [62.844699999705256, 26.07490000003503, 0.0], [62.817999999600374, 26.09296000010397, 0.0], [62.80955000023238, 26.083500000025026, 0.0], [62.80387999956241, 26.095380000186935, 0.0], [62.778430000444246, 26.0791299999496, 0.0], [62.76023999977622, 26.095010000211403, 0.0], [62.74681999964332, 26.0843299996298, 0.0], [62.732369999675825, 26.103409999971575, 0.0], [62.719989999838674, 26.08366000020891, 0.0], [62.69207000013046, 26.11377000018541, 0.0], [62.65865999995907, 26.100160000283836, 0.0], [62.6489700000655, 26.12399999980022, 0.0], [62.63253000005949, 26.107100000164905, 0.0], [62.61325999994909, 26.11771000021639, 0.0], [62.60104999985765, 26.09544000025585, 0.0], [62.58737999988716, 26.120090000253356, 0.0], [62.54653999972129, 26.10968000043175, 0.0], [62.51738999994859, 26.130589999728727, 0.0], [62.47555999999406, 26.118080000191924, 0.0], [62.47537999978721, 26.141319999918096, 0.0], [62.46209000025334, 26.153140000011035, 0.0], [62.55012999979971, 26.130469999590844, 0.0], [62.652319999868155, 26.1322600002988, 0.0], [62.73706000011896, 26.11484000006601, 0.0], [62.97931000015643, 26.111290000033534, 0.0], [63.001660000208915, 26.104809999781708, 0.0], [62.95293000041926, 26.09047000039027, 0.0], [62.96818999996856, 26.065820000392762, 0.0], [63.141669999670796, 26.040999999750227, 0.0], [63.08998000007699, 26.01289000027333, 0.0], [63.00741999963333, 26.040830000004576, 0.0], [62.93974999966281, 26.018279999722267, 0.0], [62.93426000009896, 26.059500000324817, 0.0], [62.90138000008699, 26.06771000031631, 0.0], [62.891810000331304, 26.094600000189928, 0.0]]]}}, {"type": "Feature", "properties": {"Name": "Qt", "SymbolID": "7"}, "geometry": {"type": "Polygon", "coordinates": [[[63.155650000447224, 26.07980000026987, 0.0], [63.077669999870636, 26.077090000303315, 0.0], [63.05340999987163, 26.09388999982366, 0.0], [63.08035999981422, 26.109469999740725, 0.0], [63.17632000036775, 26.101150000072494, 0.0], [63.155650000447224, 26.07980000026987, 0.0]], [[63.08542999979471, 26.094669999820667, 0.0], [63.16294999984268, 26.097270000110484, 0.0], [63.13921000044121, 26.10355000013243, 0.0], [63.08542999979471, 26.094669999820667, 0.0]]]}}, {"type": "Feature", "properties": {"Name": "Tk", "SymbolID": "53"}, "geometry": {"type": "Polygon", "coordinates": [[[63.16294999984268, 26.097270000110484, 0.0], [63.102859999589384, 26.090919999558366, 0.0], [63.08542999979471, 26.094669999820667, 0.0], [63.16294999984268, 26.097270000110484, 0.0]]]}}, {"type": "Feature", "properties": {"Name": "Qt", "SymbolID": "7"}, "geometry": {"type": "Polygon", "coordinates": [[[62.80120000007997, 26.204399999560394, 0.0], [62.78593000006953, 26.213199999780215, 0.0], [62.78749999962531, 26.218289999783735, 0.0], [62.811649999947576, 26.216529999559896, 0.0], [62.80120000007997, 26.204399999560394, 0.0]]]}}, {"type": "Feature", "properties": {"Name": "Qt", "SymbolID": "7"}, "geometry": {"type": "Polygon", "coordinates": [[[63.01418000020692, 26.21736000006399, 0.0], [62.98003000008447, 26.23373000043921, 0.0], [63.09995999985415, 26.26542999999458, 0.0], [63.11245000026736, 26.287100000164912, 0.0], [63.149549999732756, 26.291929999869637, 0.0], [63.24958000001703, 26.26292000025785, 0.0], [63.140369999975576, 26.235369999625846, 0.0], [63.07046999969077, 26.238620000212904, 0.0], [63.01418000020692, 26.21736000006399, 0.0]]]}}, {"type": "Feature", "properties": {"Name": "Q", "SymbolID": "8"}, "geometry": {"type": "Polygon", "coordinates": [[[63.01418000020692, 26.21736000006399, 0.0], [62.93955999989413, 26.235919999808175, 0.0], [62.94078000039673, 26.224290000383235, 0.0], [62.91435000015247, 26.222610000251336, 0.0], [62.93452999995958, 26.213999999800194, 0.0], [62.92490999969681, 26.209150000072498, 0.0], [62.89118999961886, 26.21717000029531, 0.0], [62.862679999682314, 26.24322000010295, 0.0], [62.75941999973327, 26.234430000344275, 0.0], [62.66547000014043, 26.25522999996457, 0.0], [62.83030000024485, 26.28131999981821, 0.0], [62.84600999986168, 26.299250000187385, 0.0], [62.86907000028032, 26.283550000132436, 0.0], [62.95431000020642, 26.293859999839185, 0.0], [62.97992000040773, 26.26432999962981, 0.0], [62.99380999973175, 26.28215999988413, 0.0], [63.04981000023139, 26.27337999968728, 0.0], [63.053280000171924, 26.290220000152942, 0.0], [63.142870000150424, 26.30391000014646, 0.0], [63.167760000423755, 26.28400000019991, 0.0], [63.24958000001703, 26.26292000025785, 0.0], [63.140369999975576, 26.235369999625846, 0.0], [63.07046999969077, 26.238620000212904, 0.0], [63.01418000020692, 26.21736000006399, 0.0]]]}}, {"type": "Feature", "properties": {"Name": "Q", "SymbolID": "8"}, "geometry": {"type": "Polygon", "coordinates": [[[63.34419999993008, 26.264819999743224, 0.0], [63.3413699998257, 26.254909999596862, 0.0], [63.33459999969028, 26.258049999607863, 0.0], [63.34419999993008, 26.264819999743224, 0.0]]]}}, {"type": "Feature", "properties": {"Name": "Q", "SymbolID": "8"}, "geometry": {"type": "Polygon", "coordinates": [[[63.39089999963534, 26.25685999958938, 0.0], [63.37305999981919, 26.264250000437244, 0.0], [63.394150000222396, 26.258260000298833, 0.0], [63.39089999963534, 26.25685999958938, 0.0]]]}}, {"type": "Feature", "properties": {"Name": "Qpkc", "SymbolID": "0"}, "geometry": {"type": "Polygon", "coordinates": [[[63.60336999962584, 26.274830000004556, 0.0], [63.53903000033432, 26.255339999641308, 0.0], [63.52662999957488, 26.257850000277358, 0.0], [63.544390000198405, 26.272169999645826, 0.0], [63.60336999962584, 26.274830000004556, 0.0]]]}}, {"type": "Feature", "properties": {"Name": "Q", "SymbolID": "8"}, "geometry": {"type": "Polygon", "coordinates": [[[63.167549999732785, 26.302049999807707, 0.0], [63.27681000028133, 26.300919999858138, 0.0], [63.2890299999346, 26.283089999603874, 0.0], [63.167549999732785, 26.302049999807707, 0.0]]]}}, {"type": "Feature", "properties": {"Name": "Tk", "SymbolID": "53"}, "geometry": {"type": "Polygon", "coordinates": [[[62.96708000004202, 26.30992000030784, 0.0], [62.956630000174414, 26.301810000431203, 0.0], [62.95505999971925, 26.304719999728263, 0.0], [62.96708000004202, 26.30992000030784, 0.0]]]}}, {"type": "Feature", "properties": {"Name": "Q", "SymbolID": "8"}, "geometry": {"type": "Polygon", "coordinates": [[[63.18759999984019, 26.316929999819706, 0.0], [63.2195199996483, 26.31183000025436, 0.0], [63.183499999625326, 26.31378000024688, 0.0], [63.18759999984019, 26.316929999819706, 0.0]]]}}, {"type": "Feature", "properties": {"Name": "Tk", "SymbolID": "53"}, "geometry": {"type": "Polygon", "coordinates": [[[62.83492999971975, 26.300979999927108, 0.0], [62.81415999968431, 26.320120000337795, 0.0], [62.816389999998535, 26.324669999720754, 0.0], [62.84044000020589, 26.325150000272345, 0.0], [62.83492999971975, 26.300979999927108, 0.0]]]}}, {"type": "Feature", "properties": {"Name": "Tk", "SymbolID": "53"}, "geometry": {"type": "Polygon", "coordinates": [[[62.98557000015546, 26.317939999631335, 0.0], [62.97334000004105, 26.325939999831178, 0.0], [62.98803000028437, 26.325279999972054, 0.0], [62.98557000015546, 26.317939999631335, 0.0]]]}}, {"type": "Feature", "properties": {"Name": "Q", "SymbolID": "8"}, "geometry": {"type": "Polygon", "coordinates": [[[63.15650000007497, 26.32417999960734, 0.0], [63.14650000027484, 26.334849999727737, 0.0], [63.15106999968077, 26.338020000222855, 0.0], [63.15650000007497, 26.32417999960734, 0.0]]]}}, {"type": "Feature", "properties": {"Name": "Qt", "SymbolID": "7"}, "geometry": {"type": "Polygon", "coordinates": [[[63.11713999981117, 26.296750000012537, 0.0], [63.053280000171924, 26.290220000152942, 0.0], [63.04981000023139, 26.27337999968728, 0.0], [62.99380999973175, 26.28215999988413, 0.0], [62.97992000040773, 26.26432999962981, 0.0], [62.95431000020642, 26.293859999839185, 0.0], [62.86907000028032, 26.283550000132436, 0.0], [62.84600999986168, 26.299250000187385, 0.0], [62.822970000365274, 26.279899999985048, 0.0], [62.77778999970877, 26.31688000021188, 0.0], [62.79403000038428, 26.324809999881666, 0.0], [62.76867000002056, 26.34873999995108, 0.0], [62.72602000002303, 26.34966000010894, 0.0], [62.723279999572355, 26.372799999720257, 0.0], [62.73392999966978, 26.384329999929605, 0.0], [62.75769999955537, 26.365090000303326, 0.0], [62.75805999996908, 26.383540000370772, 0.0], [62.802639999936105, 26.367040000295844, 0.0], [62.81946999994062, 26.38438000043675, 0.0], [62.84288999987365, 26.380469999990567, 0.0], [62.85236000041374, 26.40793999963131, 0.0], [62.888770000435215, 26.406439999706265, 0.0], [62.9100800001919, 26.364899999635327, 0.0], [62.87543000039426, 26.361580000316792, 0.0], [62.85889999983516, 26.338729999689804, 0.0], [62.90708999990363, 26.34387000020041, 0.0], [62.894699999605336, 26.319969999715738, 0.0], [62.933219999803214, 26.31421999985315, 0.0], [62.94434999955291, 26.323309999956564, 0.0], [62.92402000002306, 26.33352000044772, 0.0], [62.94647999975223, 26.346959999704268, 0.0], [62.972950000042545, 26.334980000326823, 0.0], [62.98620999999156, 26.355829999554885, 0.0], [63.027730000039526, 26.30528999993362, 0.0], [63.090789999658796, 26.29991000004651, 0.0], [63.03397000001553, 26.316619999913144, 0.0], [63.07031999996809, 26.321210000241365, 0.0], [63.10556999955588, 26.312829999604844, 0.0], [63.11713999981117, 26.296750000012537, 0.0]], [[62.840950000342275, 26.304030000284342, 0.0], [62.84044000020589, 26.325150000272345, 0.0], [62.816389999998535, 26.324669999720754, 0.0], [62.82860000008998, 26.30405999986914, 0.0], [62.840950000342275, 26.304030000284342, 0.0]], [[62.956630000174414, 26.301810000431203, 0.0], [62.96708000004202, 26.30992000030784, 0.0], [62.95505999971925, 26.304719999728263, 0.0], [62.956630000174414, 26.301810000431203, 0.0]], [[62.97717000039523, 26.31587999996208, 0.0], [62.98557999971729, 26.326889999573893, 0.0], [62.970730000189405, 26.321569999755752, 0.0], [62.97717000039523, 26.31587999996208, 0.0]], [[62.79914000041077, 26.335609999701774, 0.0], [62.78490000023487, 26.347779999747218, 0.0], [62.785330000279316, 26.3400199998232, 0.0], [62.79914000041077, 26.335609999701774, 0.0]], [[62.84403999984619, 26.338660000059008, 0.0], [62.83791000044624, 26.349519999948086, 0.0], [62.81359000037827, 26.354030000184423, 0.0], [62.81930999975674, 26.339259999849162, 0.0], [62.84403999984619, 26.338660000059008, 0.0]], [[62.78408000019192, 26.351639999686313, 0.0], [62.7928400003658, 26.360919999558405, 0.0], [62.78139999981022, 26.35542000043273, 0.0], [62.78408000019192, 26.351639999686313, 0.0]], [[62.88256000004401, 26.36924999968778, 0.0], [62.8759599996543, 26.377309999956594, 0.0], [62.86222999961484, 26.368380000037007, 0.0], [62.86367000037029, 26.36454000012094, 0.0], [62.88256000004401, 26.36924999968778, 0.0]]]}}, {"type": "Feature", "properties": {"Name": "Tk", "SymbolID": "53"}, "geometry": {"type": "Polygon", "coordinates": [[[62.79914000041077, 26.335609999701774, 0.0], [62.785330000279316, 26.3400199998232, 0.0], [62.78490000023487, 26.347779999747218, 0.0], [62.79617000014542, 26.344929999619865, 0.0], [62.79914000041077, 26.335609999701774, 0.0]]]}}, {"type": "Feature", "properties": {"Name": "Tk", "SymbolID": "53"}, "geometry": {"type": "Polygon", "coordinates": [[[62.84387000010048, 26.341989999838688, 0.0], [62.81930999975674, 26.339259999849162, 0.0], [62.81359000037827, 26.354030000184423, 0.0], [62.84387000010048, 26.341989999838688, 0.0]]]}}, {"type": "Feature", "properties": {"Name": "Q", "SymbolID": "8"}, "geometry": {"type": "Polygon", "coordinates": [[[63.28371999967828, 26.342959999604375, 0.0], [63.27784000011599, 26.356789999758746, 0.0], [63.28500999981168, 26.34557000035528, 0.0], [63.28371999967828, 26.342959999604375, 0.0]]]}}, {"type": "Feature", "properties": {"Name": "Tk", "SymbolID": "53"}, "geometry": {"type": "Polygon", "coordinates": [[[62.795160000333794, 26.352120000237846, 0.0], [62.782460000128935, 26.358790000258352, 0.0], [62.7928400003658, 26.360919999558405, 0.0], [62.795160000333794, 26.352120000237846, 0.0]]]}}, {"type": "Feature", "properties": {"Name": "JTrw", "SymbolID": "65"}, "geometry": {"type": "Polygon", "coordinates": [[[66.54255000018242, 26.127320000018017, 0.0], [66.58844999986763, 26.03658999962886, 0.0], [66.58555999969428, 26.006909999696802, 0.0], [66.57118999981867, 26.00897000026538, 0.0], [66.53352000014792, 26.075900000284832, 0.0], [66.5320299997847, 26.122359999714263, 0.0], [66.54255000018242, 26.127320000018017, 0.0]]]}}, {"type": "Feature", "properties": {"Name": "Tnh", "SymbolID": "0"}, "geometry": {"type": "Polygon", "coordinates": [[[66.51150000002502, 26.144549999582864, 0.0], [66.50275999987417, 26.150309999906597, 0.0], [66.5073500002024, 26.160650000097462, 0.0], [66.51150000002502, 26.144549999582864, 0.0]]]}}, {"type": "Feature", "properties": {"Name": "Q", "SymbolID": "0"}, "geometry": {"type": "MultiPolygon", "coordinates": [[[[66.34176000012394, 26.329930000369245, 0.0], [66.3641300001994, 26.249830000054487, 0.0], [66.39169999995511, 26.214899999935085, 0.0], [66.4015900000785, 26.131329999679792, 0.0], [66.42371999987813, 26.09870999996656, 0.0], [66.5130199999731, 26.05115999973424, 0.0], [66.53424000007601, 26.05958000041676, 0.0], [66.53352000014792, 26.075900000284832, 0.0], [66.57728999963382, 26.00677000043521, 0.0], [66.58807000033033, 26.03401999982316, 0.0], [66.61252000009796, 26.024610000251357, 0.0], [66.61668000038179, 26.070719999728283, 0.0], [66.62812999959988, 26.071760000024028, 0.0], [66.6597000003548, 26.00614000016094, 0.0], [66.27197116088571, 25.999759605214493, 0.0], [66.23398999993861, 26.20592000040773, 0.0], [66.22647000029036, 26.211470000040492, 0.0], [66.2190099998117, 26.19303000043425, 0.0], [66.21256999960588, 26.22046000002905, 0.0], [66.19410000041472, 26.231059999619333, 0.0], [66.20088999967379, 26.28780000006998, 0.0], [66.23708999990362, 26.380909999596838, 0.0], [66.26654999958288, 26.33658000036678, 0.0], [66.28800999996156, 26.33617999990713, 0.0], [66.31947000014043, 26.366559999744254, 0.0], [66.36152999990964, 26.482490000313305, 0.0], [66.34176000012394, 26.329930000369245, 0.0]]], [[[66.8757205274353, 25.999759605214493, 0.0], [66.85733000037925, 26.07586000023889, 0.0], [66.77651000013645, 26.218169999645795, 0.0], [66.76097999982721, 26.286220000052992, 0.0], [66.71348000010198, 26.36441000042123, 0.0], [66.70664000033582, 26.412349999752735, 0.0], [66.72093999968132, 26.436859999589387, 0.0], [66.76641999978324, 26.32215999998408, 0.0], [66.84151999974824, 26.203520000347794, 0.0], [66.89376000042375, 26.022580000166897, 0.0], [66.91294466351503, 25.999759605214493, 0.0], [66.8757205274353, 25.999759605214493, 0.0]]]]}}, {"type": "Feature", "properties": {"Name": "Te", "SymbolID": "64"}, "geometry": {"type": "Polygon", "coordinates": [[[66.99687551741884, 25.999759605214493, 0.0], [66.95254866612164, 25.999759605214493, 0.0], [66.92480000011994, 26.058729999889636, 0.0], [66.96191999960837, 26.056530000059524, 0.0], [66.97342000023286, 26.039160000333823, 0.0], [66.95051000043622, 26.0431299999496, 0.0], [66.99687551741884, 25.999759605214493, 0.0]]]}}, {"type": "Feature", "properties": {"Name": "Kp", "SymbolID": "45"}, "geometry": {"type": "Polygon", "coordinates": [[[66.88781000033129, 26.138679999582394, 0.0], [66.95254866612164, 25.999759605214493, 0.0], [66.92233000042921, 26.007869999900606, 0.0], [66.88385000027733, 26.108729999789716, 0.0], [66.84405000040726, 26.27653999972125, 0.0], [66.79131999961834, 26.37051000023638, 0.0], [66.76996999981571, 26.47338000018692, 0.0], [66.76528000027184, 26.58204999960782, 0.0], [66.74548000000203, 26.602660000358753, 0.0], [66.7271700000955, 26.677950000092494, 0.0], [66.73495999960437, 26.51295000024237, 0.0], [66.72501999987315, 26.525009999711756, 0.0], [66.73429999974525, 26.526370000375266, 0.0], [66.71968000003204, 26.644749999712758, 0.0], [66.70014000006103, 26.65410999967679, 0.0], [66.72499000028836, 26.72251000003655, 0.0], [66.74738000038678, 26.703099999765243, 0.0], [66.78254000032081, 26.592019999823208, 0.0], [66.78644999986767, 26.455850000277337, 0.0], [66.80879000035827, 26.36780999983165, 0.0], [66.85423000041425, 26.283900000084998, 0.0], [66.88781000033129, 26.138679999582394, 0.0]]]}}, {"type": "Feature", "properties": {"Name": "Ton", "SymbolID": "39"}, "geometry": {"type": "Polygon", "coordinates": [[[67.06714000001102, 26.05880000041975, 0.0], [67.04784000031583, 26.063280000171915, 0.0], [67.04363000042423, 26.07163000032432, 0.0], [67.0575300002094, 26.076560000143957, 0.0], [67.06714000001102, 26.05880000041975, 0.0]]]}}, {"type": "Feature", "properties": {"Name": "Ton", "SymbolID": "39"}, "geometry": {"type": "Polygon", "coordinates": [[[66.9908700000505, 26.05291999995808, 0.0], [66.96735000000257, 26.066609999951595, 0.0], [66.97514999997259, 26.089309999956583, 0.0], [66.9908700000505, 26.05291999995808, 0.0]]]}}, {"type": "Feature", "properties": {"Name": "Q", "SymbolID": "0"}, "geometry": {"type": "Polygon", "coordinates": [[[67.022560000044, 26.1469899996888, 0.0], [67.04909000040323, 26.128940000081002, 0.0], [67.0627699999356, 26.099790000308303, 0.0], [67.05435000015245, 26.092819999943117, 0.0], [67.02015000042223, 26.117070000380238, 0.0], [67.01324000012596, 26.078049999607856, 0.0], [67.08284999962785, 26.02428999988365, 0.0], [66.99688000021189, 26.002089999553903, 0.0], [66.95051000043622, 26.0431299999496, 0.0], [66.97342000023286, 26.039160000333823, 0.0], [66.96191999960837, 26.056530000059524, 0.0], [66.93890000013494, 26.066170000345267, 0.0], [66.95148999976374, 26.084440000205916, 0.0], [66.96640999982168, 26.07886000008898, 0.0], [66.98674999981267, 26.026139999761256, 0.0], [67.01139000024835, 26.014909999896645, 0.0], [66.99926000024885, 26.034220000052983, 0.0], [66.99752000004804, 26.14577999964729, 0.0], [67.022560000044, 26.1469899996888, 0.0]]]}}, {"type": "Feature", "properties": {"Name": "Te", "SymbolID": "64"}, "geometry": {"type": "Polygon", "coordinates": [[[67.1653099999566, 26.313979999577384, 0.0], [67.20274000025086, 26.255299999595366, 0.0], [67.22567000007052, 26.16693999968129, 0.0], [67.24656000024385, 26.173509999586884, 0.0], [67.25259999999008, 26.15937999998704, 0.0], [67.25461000005151, 26.14152000014792, 0.0], [67.23078999965884, 26.137020000372786, 0.0], [67.23043999970628, 26.12122999976475, 0.0], [67.23182999995458, 26.067599999740253, 0.0], [67.25438000023689, 26.000529999559888, 0.0], [66.99687551741884, 25.999759605214493, 0.0], [67.05726000034878, 26.02184000021589, 0.0], [67.08121000044122, 26.017430000094464, 0.0], [67.01139000024835, 26.083820000392734, 0.0], [67.02015000042223, 26.117070000380238, 0.0], [67.05435000015245, 26.092819999943117, 0.0], [67.0627699999356, 26.099790000308303, 0.0], [67.03126999971079, 26.1492100004412, 0.0], [66.99752000004804, 26.14577999964729, 0.0], [66.99926000024885, 26.034220000052983, 0.0], [67.01307000038025, 26.019139999811216, 0.0], [66.99565000014746, 26.01626999966078, 0.0], [66.98015999988417, 26.03709000020342, 0.0], [66.9908700000505, 26.05291999995808, 0.0], [66.97861999991312, 26.088189999568897, 0.0], [66.96741000007148, 26.077199999980053, 0.0], [66.95148999976374, 26.084440000205916, 0.0], [66.906780000097, 26.247439999556377, 0.0], [66.88911999958839, 26.41131000035631, 0.0], [66.85912999974977, 26.486519999998052, 0.0], [66.90440999962186, 26.471339999641316, 0.0], [66.95550000032483, 26.38217999970726, 0.0], [66.96186000043872, 26.340260000098965, 0.0], [67.04556000039378, 26.270729999789694, 0.0], [67.05796000025384, 26.231740000400748, 0.0], [67.14529000033332, 26.183980000376778, 0.0], [67.16206999983069, 26.20765999970928, 0.0], [67.15765999970927, 26.22916000013396, 0.0], [67.10311999998805, 26.318930000319313, 0.0], [67.09374999956287, 26.356459999829156, 0.0], [67.03608000029186, 26.417229999964604, 0.0], [66.99811000027637, 26.490050000007557, 0.0], [67.12288999977375, 26.33108999990361, 0.0], [67.1653099999566, 26.313979999577384, 0.0]], [[67.17922999976474, 26.19209000025336, 0.0], [67.14067999998207, 26.1622599996993, 0.0], [67.16805000040728, 26.114209999791683, 0.0], [67.1655999998402, 26.16845000006748, 0.0], [67.20465000019743, 26.168949999742722, 0.0], [67.18057999996711, 26.254710000266357, 0.0], [67.17922999976474, 26.19209000025336, 0.0]], [[66.97982000039275, 26.168809999581867, 0.0], [66.97305999981921, 26.160540000420724, 0.0], [66.97970000025487, 26.15051000013642, 0.0], [66.97982000039275, 26.168809999581867, 0.0]], [[66.95458000016691, 26.131699999655325, 0.0], [66.94411000027634, 26.212149999922588, 0.0], [66.92010999967681, 26.250759999774232, 0.0], [66.91712000028787, 26.224620000312825, 0.0], [66.95458000016691, 26.131699999655325, 0.0]], [[66.95936000026387, 26.129579999917098, 0.0], [66.95698999978873, 26.116700000404762, 0.0], [66.99101999977324, 26.094589999728782, 0.0], [66.98789999978521, 26.12569999995509, 0.0], [66.95936000026387, 26.129579999917098, 0.0]], [[66.94912000018792, 26.2265199997982, 0.0], [66.9739599999541, 26.238159999684285, 0.0], [66.95928999973376, 26.28702000007297, 0.0], [66.94333000027933, 26.236559999644328, 0.0], [66.94912000018792, 26.2265199997982, 0.0]], [[66.94062999987466, 26.26754999973275, 0.0], [66.94715000017243, 26.338519999898153, 0.0], [66.90682999970477, 26.41737000012546, 0.0], [66.91205000030732, 26.31971000031632, 0.0], [66.94062999987466, 26.26754999973275, 0.0]], [[67.06714000001102, 26.05880000041975, 0.0], [67.0575300002094, 26.076560000143957, 0.0], [67.04363000042423, 26.07163000032432, 0.0], [67.04784000031583, 26.063280000171915, 0.0], [67.06714000001102, 26.05880000041975, 0.0]]]}}, {"type": "Feature", "properties": {"Name": "Ton", "SymbolID": "39"}, "geometry": {"type": "Polygon", "coordinates": [[[66.98327999987214, 26.09331999961836, 0.0], [66.95698999978873, 26.116700000404762, 0.0], [66.96361999976324, 26.1327599999741, 0.0], [66.98789999978521, 26.12569999995509, 0.0], [66.99267999988217, 26.09811999973823, 0.0], [66.98327999987214, 26.09331999961836, 0.0]]]}}, {"type": "Feature", "properties": {"Name": "Ton", "SymbolID": "39"}, "geometry": {"type": "Polygon", "coordinates": [[[66.97970000025487, 26.15051000013642, 0.0], [66.97305999981921, 26.160540000420724, 0.0], [66.97418999976873, 26.170680000381765, 0.0], [66.97982000039275, 26.168809999581867, 0.0], [66.97970000025487, 26.15051000013642, 0.0]]]}}, {"type": "Feature", "properties": {"Name": "Kp", "SymbolID": "45"}, "geometry": {"type": "Polygon", "coordinates": [[[66.95458000016691, 26.131699999655325, 0.0], [66.91712000028787, 26.224620000312825, 0.0], [66.92010999967681, 26.250759999774232, 0.0], [66.95409999961532, 26.18386999980072, 0.0], [66.95458000016691, 26.131699999655325, 0.0]]]}}, {"type": "Feature", "properties": {"Name": "0", "SymbolID": "0"}, "geometry": {"type": "Polygon", "coordinates": [[[66.97430000034478, 26.243229999664777, 0.0], [66.9438799995624, 26.229949999692792, 0.0], [66.95497000016542, 26.286960000004058, 0.0], [66.97430000034478, 26.243229999664777, 0.0]]]}}, {"type": "Feature", "properties": {"Name": "Q", "SymbolID": "0"}, "geometry": {"type": "Polygon", "coordinates": [[[66.99380000026986, 26.384619999813197, 0.0], [66.96074000005103, 26.4698199996933, 0.0], [66.97853000025935, 26.44243000014444, 0.0], [67.02974000020089, 26.410219999553362, 0.0], [67.03869999970527, 26.34469000024336, 0.0], [67.08101000021139, 26.294909999696756, 0.0], [67.09919000041822, 26.302219999553415, 0.0], [67.09000999976172, 26.343899999785208, 0.0], [67.03639000019842, 26.40382999985468, 0.0], [66.99871999962835, 26.472789999958593, 0.0], [67.09374999956287, 26.356459999829156, 0.0], [67.10311999998805, 26.318930000319313, 0.0], [67.16192999966978, 26.21658999962881, 0.0], [67.14529000033332, 26.183980000376778, 0.0], [67.06921999970331, 26.221879999862153, 0.0], [67.03290999979669, 26.28468999964383, 0.0], [66.96186000043872, 26.340260000098965, 0.0], [66.9576899996938, 26.34927999967232, 0.0], [67.06190000028482, 26.285520000147926, 0.0], [67.02459999969028, 26.328000000399754, 0.0], [66.9676100003013, 26.35428999958384, 0.0], [66.9251500000725, 26.452309999806687, 0.0], [66.90440999962186, 26.471339999641316, 0.0], [66.90633999959135, 26.48771999957836, 0.0], [66.96634999975277, 26.397079999742232, 0.0], [66.99380000026986, 26.384619999813197, 0.0]]]}}, {"type": "Feature", "properties": {"Name": "Kp", "SymbolID": "45"}, "geometry": {"type": "Polygon", "coordinates": [[[66.94062999987466, 26.26754999973275, 0.0], [66.91205000030732, 26.31971000031632, 0.0], [66.90682999970477, 26.41737000012546, 0.0], [66.94715000017243, 26.338519999898153, 0.0], [66.94062999987466, 26.26754999973275, 0.0]]]}}, {"type": "Feature", "properties": {"Name": "Ton", "SymbolID": "39"}, "geometry": {"type": "Polygon", "coordinates": [[[66.95550000032483, 26.38217999970726, 0.0], [66.90846999979073, 26.463670000270326, 0.0], [66.9251500000725, 26.452309999806687, 0.0], [66.9676100003013, 26.35428999958384, 0.0], [67.02459999969028, 26.328000000399754, 0.0], [67.05808000039178, 26.299310000256355, 0.0], [67.05901000011147, 26.282250000437216, 0.0], [66.9576899996938, 26.34927999967232, 0.0], [66.95550000032483, 26.38217999970726, 0.0]]]}}, {"type": "Feature", "properties": {"Name": "Qt", "SymbolID": "7"}, "geometry": {"type": "Polygon", "coordinates": [[[66.98288999987363, 26.440540000220892, 0.0], [66.99497000026537, 26.46866999972076, 0.0], [67.0849300002194, 26.35473000008949, 0.0], [67.09827000026036, 26.298679999982085, 0.0], [67.08101000021139, 26.294909999696756, 0.0], [67.04577999974725, 26.33094000018093, 0.0], [67.02974000020089, 26.410219999553362, 0.0], [66.98288999987363, 26.440540000220892, 0.0]]]}}, {"type": "Feature", "properties": {"Name": "Qph", "SymbolID": "56"}, "geometry": {"type": "Polygon", "coordinates": [[[66.2373199997183, 26.001810000131456, 0.0], [66.24997000031533, 26.04577000028536, 0.0], [66.23856000024387, 26.060570000205416, 0.0], [66.2288700003503, 26.17705999961936, 0.0], [66.20831999966833, 26.17760999980169, 0.0], [66.19421999965334, 26.23817000014543, 0.0], [66.2190099998117, 26.19303000043425, 0.0], [66.22647000029036, 26.211470000040492, 0.0], [66.23398999993861, 26.20592000040773, 0.0], [66.24675000021239, 26.111100000264855, 0.0], [66.26908999980373, 26.055919999808168, 0.0], [66.27197116088571, 25.999759605214493, 0.0], [66.2373199997183, 26.001810000131456, 0.0]]]}}, {"type": "Feature", "properties": {"Name": "Qem", "SymbolID": "2"}, "geometry": {"type": "Polygon", "coordinates": [[[66.17372000037778, 26.122100000314788, 0.0], [66.18099999975027, 26.183299999595363, 0.0], [66.14489000007347, 26.21680999988166, 0.0], [66.13768000033178, 26.29650999973677, 0.0], [66.14961000010146, 26.325730000039528, 0.0], [66.16098999968881, 26.31312999994958, 0.0], [66.16512000038779, 26.23004000024588, 0.0], [66.18883999976623, 26.163979999877142, 0.0], [66.18955999969427, 26.138219999953094, 0.0], [66.17372000037778, 26.122100000314788, 0.0]]]}}, {"type": "Feature", "properties": {"Name": "Qt", "SymbolID": "7"}, "geometry": {"type": "Polygon", "coordinates": [[[66.37817000014547, 26.505810000131476, 0.0], [66.4091200001879, 26.36478999995859, 0.0], [66.4289500000425, 26.342129999999543, 0.0], [66.42745000011746, 26.222519999698306, 0.0], [66.47704999955789, 26.20816000028384, 0.0], [66.46907999984217, 26.194649999597857, 0.0], [66.48682000044272, 26.18626000029883, 0.0], [66.50002999988465, 26.209970000115447, 0.0], [66.49538000038677, 26.176149999922586, 0.0], [66.50850000017493, 26.175340000340782, 0.0], [66.52693000021941, 26.131449999817676, 0.0], [66.54158999997856, 26.135340000240888, 0.0], [66.52461000025136, 26.051359999964063, 0.0], [66.44280999978173, 26.08214999982266, 0.0], [66.4015900000785, 26.131329999679792, 0.0], [66.39169999995511, 26.214899999935085, 0.0], [66.34332000011796, 26.300970000365282, 0.0], [66.36152999990964, 26.482490000313305, 0.0], [66.34262000021289, 26.409670000270353, 0.0], [66.30381000013148, 26.3485500001824, 0.0], [66.26654999958288, 26.33658000036678, 0.0], [66.23891000019643, 26.371480000002066, 0.0], [66.23692000015791, 26.388229999914643, 0.0], [66.31932000041775, 26.503949999792724, 0.0], [66.31138000028682, 26.535240000225883, 0.0], [66.37817000014547, 26.505810000131476, 0.0]], [[66.50288000001206, 26.144720000227892, 0.0], [66.5098100003313, 26.15882999980471, 0.0], [66.5073500002024, 26.160650000097462, 0.0], [66.50288000001206, 26.144720000227892, 0.0]]]}}, {"type": "Feature", "properties": {"Name": "Qph", "SymbolID": "56"}, "geometry": {"type": "Polygon", "coordinates": [[[66.23692000015791, 26.388229999914643, 0.0], [66.20981999959338, 26.325019999673316, 0.0], [66.19318999981869, 26.246219999953098, 0.0], [66.18150000032483, 26.272189999668797, 0.0], [66.1888599997892, 26.316530000259377, 0.0], [66.22249999977521, 26.37854000002102, 0.0], [66.23692000015791, 26.388229999914643, 0.0]]]}}, {"type": "Feature", "properties": {"Name": "JTrw", "SymbolID": "65"}, "geometry": {"type": "Polygon", "coordinates": [[[66.49705999961935, 26.207579999617337, 0.0], [66.48371000001652, 26.186820000043042, 0.0], [66.46907999984217, 26.194649999597857, 0.0], [66.47704999955789, 26.20816000028384, 0.0], [66.42745000011746, 26.222519999698306, 0.0], [66.4289500000425, 26.342129999999543, 0.0], [66.4091200001879, 26.36478999995859, 0.0], [66.39407000043025, 26.44857000000553, 0.0], [66.40873999975122, 26.406060000168907, 0.0], [66.44177000038525, 26.396089999953574, 0.0], [66.45760000013996, 26.35128999973375, 0.0], [66.45758999967882, 26.38299999975021, 0.0], [66.46638999989864, 26.375379999987047, 0.0], [66.49705999961935, 26.207579999617337, 0.0]]]}}, {"type": "Feature", "properties": {"Name": "Tnh", "SymbolID": "0"}, "geometry": {"type": "Polygon", "coordinates": [[[66.31990999974676, 26.571389999948565, 0.0], [66.3442499998377, 26.550069999730738, 0.0], [66.30693999968128, 26.54739999981018, 0.0], [66.29480000011995, 26.563650000047517, 0.0], [66.31990999974676, 26.571389999948565, 0.0]]]}}, {"type": "Feature", "properties": {"Name": "Tb", "SymbolID": "63"}, "geometry": {"type": "Polygon", "coordinates": [[[66.26469999970527, 26.597370000125466, 0.0], [66.25311999988816, 26.61270000020488, 0.0], [66.29250999973675, 26.60416999984568, 0.0], [66.26469999970527, 26.597370000125466, 0.0]]]}}, {"type": "Feature", "properties": {"Name": "Ton", "SymbolID": "39"}, "geometry": {"type": "Polygon", "coordinates": [[[66.32400000039974, 26.61368999999354, 0.0], [66.33345000001754, 26.6230299999346, 0.0], [66.34607000013045, 26.61547000024035, 0.0], [66.33607000033032, 26.608290000083514, 0.0], [66.32400000039974, 26.61368999999354, 0.0]]]}}, {"type": "Feature", "properties": {"Name": "Q", "SymbolID": "0"}, "geometry": {"type": "Polygon", "coordinates": [[[66.4189300002194, 26.633749999662825, 0.0], [66.42546999964082, 26.582040000045993, 0.0], [66.40009000015345, 26.603650000147468, 0.0], [66.35651999999806, 26.603469999940614, 0.0], [66.34404999960788, 26.577090000203384, 0.0], [66.32357000035529, 26.605910000046492, 0.0], [66.34607000013045, 26.61547000024035, 0.0], [66.3248999996353, 26.63846000012893, 0.0], [66.37425000013747, 26.63883999966629, 0.0], [66.44372000037777, 26.67585999993912, 0.0], [66.4189300002194, 26.633749999662825, 0.0]]]}}, {"type": "Feature", "properties": {"Name": "Ton", "SymbolID": "39"}, "geometry": {"type": "Polygon", "coordinates": [[[67.29779999977023, 26.206750000012562, 0.0], [67.30647000029035, 26.126239999676272, 0.0], [67.27854000012098, 26.068080000291843, 0.0], [67.28510450036893, 25.999759605214493, 0.0], [67.26972892385959, 25.999759605214493, 0.0], [67.26963000022437, 26.083000000349784, 0.0], [67.25134999990263, 26.12881999994312, 0.0], [67.2624700000905, 26.14807999959237, 0.0], [67.27449999997509, 26.106150000422247, 0.0], [67.27969999965529, 26.129160000333798, 0.0], [67.29551999984818, 26.11640999962185, 0.0], [67.2852700002104, 26.194250000037528, 0.0], [67.29779999977023, 26.206750000012562, 0.0]]]}}, {"type": "Feature", "properties": {"Name": "Q", "SymbolID": "0"}, "geometry": {"type": "Polygon", "coordinates": [[[67.3648299999046, 26.12175999992411, 0.0], [67.36345999967932, 26.07968000013193, 0.0], [67.35187000030032, 26.057459999779212, 0.0], [67.33174000010098, 26.07931999971828, 0.0], [67.34151999964831, 26.135530000009567, 0.0], [67.3648299999046, 26.12175999992411, 0.0]]]}}, {"type": "Feature", "properties": {"Name": "Q", "SymbolID": "0"}, "geometry": {"type": "Polygon", "coordinates": [[[67.20465000019743, 26.168949999742722, 0.0], [67.16959999994009, 26.17376999988562, 0.0], [67.16457000000554, 26.115749999762727, 0.0], [67.14121000014143, 26.17021000029132, 0.0], [67.17922999976474, 26.19209000025336, 0.0], [67.18057999996711, 26.254710000266357, 0.0], [67.20465000019743, 26.168949999742722, 0.0]]]}}, {"type": "Feature", "properties": {"Name": "Q", "SymbolID": "0"}, "geometry": {"type": "Polygon", "coordinates": [[[67.29282999990465, 26.20802999968481, 0.0], [67.27490999999657, 26.184910000096465, 0.0], [67.25828000022187, 26.207079999942096, 0.0], [67.27651999959835, 26.20818000030681, 0.0], [67.22628999988365, 26.31571000021637, 0.0], [67.22784999987766, 26.342210000091484, 0.0], [67.29282999990465, 26.20802999968481, 0.0]]]}}, {"type": "Feature", "properties": {"Name": "Q", "SymbolID": "0"}, "geometry": {"type": "Polygon", "coordinates": [[[67.31558000041673, 26.252740000250867, 0.0], [67.28463000037425, 26.295330000179433, 0.0], [67.26826999956091, 26.342190000068513, 0.0], [67.31677000043521, 26.284519999898123, 0.0], [67.32423000001455, 26.265490000063494, 0.0], [67.31558000041673, 26.252740000250867, 0.0]]]}}, {"type": "Feature", "properties": {"Name": "Q", "SymbolID": "0"}, "geometry": {"type": "Polygon", "coordinates": [[[66.99797999967728, 26.717179999757207, 0.0], [67.01412000023788, 26.671930000369287, 0.0], [67.00513000024938, 26.661200000179917, 0.0], [67.04427999982221, 26.652029999984563, 0.0], [67.05570000035476, 26.673970000015515, 0.0], [67.02291999955838, 26.693830000354296, 0.0], [67.04885999968928, 26.709800000269865, 0.0], [67.06155999989414, 26.69584000041573, 0.0], [67.06030000024487, 26.634410000421212, 0.0], [67.07469000014345, 26.61693999968128, 0.0], [67.0985099996368, 26.48883000040422, 0.0], [67.13606999963082, 26.474089999653813, 0.0], [67.15231000030633, 26.439880000361768, 0.0], [67.15759999964035, 26.374439999806214, 0.0], [67.18755999989412, 26.358930000419207, 0.0], [67.18887000005054, 26.316889999773707, 0.0], [67.20956999955587, 26.32862000021288, 0.0], [67.21237000007551, 26.295120000387783, 0.0], [67.19289999973523, 26.288399999860133, 0.0], [67.26869999960536, 26.185139999911144, 0.0], [67.28002999958488, 26.106810000281314, 0.0], [67.26739000034831, 26.146089999553908, 0.0], [67.25134999990263, 26.12881999994312, 0.0], [67.26963000022437, 26.083000000349784, 0.0], [67.26972892385959, 25.999759605214493, 0.0], [67.2540500003073, 26.00363000042421, 0.0], [67.23182999995458, 26.067599999740253, 0.0], [67.23078999965884, 26.137020000372786, 0.0], [67.25461000005151, 26.14152000014792, 0.0], [67.25015000032232, 26.167240000026027, 0.0], [67.22567000007052, 26.16693999968129, 0.0], [67.20274000025086, 26.255299999595366, 0.0], [67.06863999993612, 26.469039999696292, 0.0], [67.02483000040428, 26.56326999961084, 0.0], [67.0036799999321, 26.57475000021242, 0.0], [67.02403000038424, 26.591110000126434, 0.0], [67.01652000029782, 26.627509999686765, 0.0], [67.0465999997902, 26.631449999717745, 0.0], [67.00503000013447, 26.64823999967632, 0.0], [66.99058000016691, 26.66863999973623, 0.0], [66.98699999965032, 26.705109999826675, 0.0], [66.99797999967728, 26.717179999757207, 0.0]]]}}, {"type": "Feature", "properties": {"Name": "Q", "SymbolID": "0"}, "geometry": {"type": "Polygon", "coordinates": [[[67.33675999957438, 26.388040000145963, 0.0], [67.33939000034832, 26.341559999794185, 0.0], [67.37389999998504, 26.299419999933093, 0.0], [67.33336999972579, 26.29755999959434, 0.0], [67.31404000044574, 26.329210000441208, 0.0], [67.30579999997008, 26.38865999995909, 0.0], [67.32373000033931, 26.404279999922096, 0.0], [67.324700000105, 26.473409999771718, 0.0], [67.36263999963631, 26.435299999595372, 0.0], [67.33675999957438, 26.388040000145963, 0.0]]]}}, {"type": "Feature", "properties": {"Name": "Ton", "SymbolID": "39"}, "geometry": {"type": "Polygon", "coordinates": [[[67.118820000043, 26.48112000008797, 0.0], [67.09644000040578, 26.494999999850165, 0.0], [67.10030000034482, 26.51511000002654, 0.0], [67.11553999987115, 26.502079999892146, 0.0], [67.10582000039278, 26.55381999999304, 0.0], [67.118820000043, 26.53015999978419, 0.0], [67.118820000043, 26.48112000008797, 0.0]]]}}, {"type": "Feature", "properties": {"Name": "Ton", "SymbolID": "39"}, "geometry": {"type": "Polygon", "coordinates": [[[67.10664999999756, 26.606870000250353, 0.0], [67.11789000032331, 26.5684399997063, 0.0], [67.1033000001949, 26.58633999959136, 0.0], [67.10664999999756, 26.606870000250353, 0.0]]]}}, {"type": "Feature", "properties": {"Name": "Tnm", "SymbolID": "49"}, "geometry": {"type": "Polygon", "coordinates": [[[67.31419999973025, 26.651439999756235, 0.0], [67.33260000018993, 26.632089999553898, 0.0], [67.33289000007352, 26.6119699998157, 0.0], [67.31938000028686, 26.608160000383748, 0.0], [67.31419999973025, 26.651439999756235, 0.0]]]}}, {"type": "Feature", "properties": {"Name": "Tnh", "SymbolID": "0"}, "geometry": {"type": "Polygon", "coordinates": [[[66.53686000038874, 26.150900000134925, 0.0], [66.53493999998108, 26.12754000027087, 0.0], [66.50850000017493, 26.175340000340782, 0.0], [66.51714999977276, 26.182409999921617, 0.0], [66.53686000038874, 26.150900000134925, 0.0]]]}}, {"type": "Feature", "properties": {"Name": "JTrw", "SymbolID": "65"}, "geometry": {"type": "Polygon", "coordinates": [[[66.51696000000408, 26.182120000038026, 0.0], [66.49538000038677, 26.176149999922586, 0.0], [66.50439999996007, 26.202830000004553, 0.0], [66.51297000036527, 26.191820000392738, 0.0], [66.51696000000408, 26.182120000038026, 0.0]]]}}, {"type": "Feature", "properties": {"Name": "Tb", "SymbolID": "63"}, "geometry": {"type": "Polygon", "coordinates": [[[66.66602999998457, 26.184390000398253, 0.0], [66.65925999984916, 26.162649999697805, 0.0], [66.59296000010397, 26.274170000145432, 0.0], [66.59179000010846, 26.297229999664808, 0.0], [66.70083000040427, 26.165249999987566, 0.0], [66.66602999998457, 26.184390000398253, 0.0]]]}}, {"type": "Feature", "properties": {"Name": "Q", "SymbolID": "8"}, "geometry": {"type": "Polygon", "coordinates": [[[66.50450999963681, 26.207369999825687, 0.0], [66.51055000028236, 26.263439999956063, 0.0], [66.52480999958186, 26.273949999892636, 0.0], [66.52322000000305, 26.235369999625846, 0.0], [66.50450999963681, 26.207369999825687, 0.0]]]}}, {"type": "Feature", "properties": {"Name": "JTrw", "SymbolID": "65"}, "geometry": {"type": "Polygon", "coordinates": [[[66.6113399996413, 26.767890000023556, 0.0], [66.67980000007003, 26.55993999983116, 0.0], [66.71348000010198, 26.36441000042123, 0.0], [66.76097999982721, 26.286220000052992, 0.0], [66.77651000013645, 26.218169999645795, 0.0], [66.85733000037925, 26.07586000023889, 0.0], [66.8757205274353, 25.999759605214493, 0.0], [66.77778930320754, 25.999759605214493, 0.0], [66.71128000027187, 26.136980000326787, 0.0], [66.6670100002114, 26.183900000284837, 0.0], [66.70083000040427, 26.165249999987566, 0.0], [66.69644999986764, 26.17573999990111, 0.0], [66.66124000032579, 26.200839999966092, 0.0], [66.59179000010846, 26.297229999664808, 0.0], [66.57717000039526, 26.353359999864153, 0.0], [66.5853400003408, 26.358779999797207, 0.0], [66.60326999981072, 26.326429999944594, 0.0], [66.61049000001356, 26.34459000012845, 0.0], [66.50113999981119, 26.50238999979871, 0.0], [66.48678000039678, 26.546869999650824, 0.0], [66.50443000044424, 26.604829999704748, 0.0], [66.50171999957837, 26.652469999590835, 0.0], [66.42398999973875, 26.775199999880158, 0.0], [66.42067999998204, 26.84703999969628, 0.0], [66.4417300003393, 26.848940000080972, 0.0], [66.46256000044372, 26.822819999743217, 0.0], [66.48705999981917, 26.82098999988864, 0.0], [66.50349999982518, 26.8409599999041, 0.0], [66.52137999968727, 26.910900000234847, 0.0], [66.55825999979919, 26.92289999963532, 0.0], [66.60455999994412, 26.849519999848155, 0.0], [66.6113399996413, 26.767890000023556, 0.0]]]}}, {"type": "Feature", "properties": {"Name": "Tnh", "SymbolID": "0"}, "geometry": {"type": "Polygon", "coordinates": [[[66.54854999988265, 26.34229999974525, 0.0], [66.51860000008998, 26.387180000057015, 0.0], [66.51523000026435, 26.40017999970729, 0.0], [66.54405999966929, 26.375179999757222, 0.0], [66.54854999988265, 26.34229999974525, 0.0]]]}}, {"type": "Feature", "properties": {"Name": "Tb", "SymbolID": "63"}, "geometry": {"type": "Polygon", "coordinates": [[[66.36811000027637, 27.276799999820184, 0.0], [66.39268999974377, 27.21440000005998, 0.0], [66.3701899999686, 27.23104000029582, 0.0], [66.35586000013893, 27.221339999941108, 0.0], [66.39243999990612, 27.181609999701777, 0.0], [66.38769999985516, 27.148299999645303, 0.0], [66.3660499997078, 27.129479999602324, 0.0], [66.38426999996057, 27.101290000033543, 0.0], [66.39646999959086, 27.00765000034727, 0.0], [66.33365999980919, 26.968419999783237, 0.0], [66.36152999990964, 26.932590000428206, 0.0], [66.40534999990263, 26.790610000051515, 0.0], [66.4022000003298, 26.775290000433245, 0.0], [66.35842999994458, 26.764589999828672, 0.0], [66.34724000012596, 26.793569999855663, 0.0], [66.34843000014445, 26.75656999960586, 0.0], [66.40325999974925, 26.7036699999706, 0.0], [66.40547000004051, 26.72768999969378, 0.0], [66.42813999956138, 26.7429900001884, 0.0], [66.4710600003188, 26.676780000096983, 0.0], [66.47896000040373, 26.65211999963833, 0.0], [66.45191999990811, 26.626820000242844, 0.0], [66.44567000037028, 26.597639999986086, 0.0], [66.47133999974125, 26.609910000146442, 0.0], [66.47324000012594, 26.554599999990046, 0.0], [66.48543999975624, 26.55045999972924, 0.0], [66.52601000006149, 26.454319999868176, 0.0], [66.61049000001356, 26.34459000012845, 0.0], [66.60326999981072, 26.326429999944594, 0.0], [66.5853400003408, 26.358779999797207, 0.0], [66.57717000039526, 26.353359999864153, 0.0], [66.59296000010397, 26.274170000145432, 0.0], [66.65925999984916, 26.162649999697805, 0.0], [66.66602999998457, 26.184390000398253, 0.0], [66.71128000027187, 26.136980000326787, 0.0], [66.77778930320754, 25.999759605214493, 0.0], [66.63504964145194, 25.999759605214493, 0.0], [66.6597000003548, 26.00614000016094, 0.0], [66.66013000039925, 26.01622000005301, 0.0], [66.64566999997055, 26.022569999705752, 0.0], [66.62812999959988, 26.071760000024028, 0.0], [66.61668000038179, 26.070719999728283, 0.0], [66.61252000009796, 26.024610000251357, 0.0], [66.58807000033033, 26.03401999982316, 0.0], [66.55053000035929, 26.0992099996418, 0.0], [66.5632499996878, 26.1358599999391, 0.0], [66.53649000041327, 26.152720000427735, 0.0], [66.4836499999476, 26.241519999948082, 0.0], [66.46638999989864, 26.375379999987047, 0.0], [66.45758999967882, 26.38299999975021, 0.0], [66.45760000013996, 26.35128999973375, 0.0], [66.44177000038525, 26.396089999953574, 0.0], [66.40873999975122, 26.406060000168907, 0.0], [66.37817000014547, 26.505810000131476, 0.0], [66.30791000034628, 26.540330000229403, 0.0], [66.3171700001954, 26.555159999734258, 0.0], [66.3442499998377, 26.550069999730738, 0.0], [66.35651999999806, 26.603469999940614, 0.0], [66.40009000015345, 26.603650000147468, 0.0], [66.41049999997506, 26.586430000144446, 0.0], [66.4302800002219, 26.58368000013195, 0.0], [66.41870000040473, 26.644230000014545, 0.0], [66.44372000037777, 26.67585999993912, 0.0], [66.37425000013747, 26.63883999966629, 0.0], [66.3248999996353, 26.63846000012893, 0.0], [66.33507000008052, 26.625750000362302, 0.0], [66.32357000035529, 26.605910000046492, 0.0], [66.34346999984069, 26.577859999739246, 0.0], [66.31857000000554, 26.584110000176395, 0.0], [66.31337000032534, 26.614160000083984, 0.0], [66.25558999957889, 26.629539999771225, 0.0], [66.21621000019144, 26.670119999638302, 0.0], [66.21711999988815, 26.703710000016542, 0.0], [66.2617300003393, 26.691530000409216, 0.0], [66.24940000010997, 26.728899999735233, 0.0], [66.22306999998057, 26.715329999879657, 0.0], [66.21200999986166, 26.757210000341274, 0.0], [66.26181999999307, 26.830050000407255, 0.0], [66.27518000005699, 26.8229799999271, 0.0], [66.27378999980868, 26.846860000388745, 0.0], [66.25149999982517, 26.867080000241856, 0.0], [66.22454999988264, 26.86257000000552, 0.0], [66.17481000028135, 26.88071999972823, 0.0], [66.22871999972824, 26.907129999949575, 0.0], [66.1666699999206, 26.91812000043774, 0.0], [66.25701000031131, 26.939780000146925, 0.0], [66.18204999960784, 26.964009999661812, 0.0], [66.19425999969928, 26.97327999997208, 0.0], [66.25471000036629, 26.961849999877643, 0.0], [66.28423000011446, 27.005520000147953, 0.0], [66.3180199998232, 27.018300000444697, 0.0], [66.28470999976673, 27.027090000203373, 0.0], [66.26769999955542, 27.0164299996448, 0.0], [66.252520000098, 27.074649999997575, 0.0], [66.26288999987366, 27.130880000311834, 0.0], [66.24782999965481, 27.150509999936617, 0.0], [66.27520000008002, 27.157199999980094, 0.0], [66.30225000013746, 27.12692999981971, 0.0], [66.3168200002429, 27.127210000141417, 0.0], [66.29997000021541, 27.171239999926115, 0.0], [66.32706999988062, 27.16467000002052, 0.0], [66.33215000032232, 27.265139999911128, 0.0], [66.36811000027637, 27.276799999820184, 0.0]], [[66.3567699998357, 27.18273999965129, 0.0], [66.34941000037128, 27.196970000265367, 0.0], [66.34338000018693, 27.19685999968931, 0.0], [66.34434999995261, 27.17712000038773, 0.0], [66.3567699998357, 27.18273999965129, 0.0]], [[66.37727000001053, 27.009480000201904, 0.0], [66.33615999998409, 27.06847999965231, 0.0], [66.32242999994457, 27.077310000356306, 0.0], [66.30383000015445, 27.042150000422225, 0.0], [66.37727000001053, 27.009480000201904, 0.0]], [[66.30900999981168, 26.859869999600846, 0.0], [66.34147000024035, 26.878640000036, 0.0], [66.33817000004552, 26.91187999956236, 0.0], [66.3193099999566, 26.92363000002456, 0.0], [66.31440999972176, 26.95230000014493, 0.0], [66.30005999986918, 26.952019999823165, 0.0], [66.27768999979372, 26.934180000007018, 0.0], [66.30414000006101, 26.92258000016693, 0.0], [66.27462000031284, 26.8864499995679, 0.0], [66.30900999981168, 26.859869999600846, 0.0]], [[66.36483000010446, 26.851030000234402, 0.0], [66.37107999964235, 26.87617000034527, 0.0], [66.35994000033082, 26.88276999983566, 0.0], [66.33913000024938, 26.834699999905126, 0.0], [66.36483000010446, 26.851030000234402, 0.0]], [[66.32770000015495, 26.773470000140435, 0.0], [66.32981999989312, 26.811210000341305, 0.0], [66.30939999981018, 26.786959999904127, 0.0], [66.32770000015495, 26.773470000140435, 0.0]], [[66.36534999980273, 26.66153000010945, 0.0], [66.33016000028385, 26.679989999738723, 0.0], [66.30348999976371, 26.678659999559386, 0.0], [66.34640000005999, 26.653110000326308, 0.0], [66.36534999980273, 26.66153000010945, 0.0]], [[66.4735500000325, 26.4586899999436, 0.0], [66.46624999973773, 26.507989999938616, 0.0], [66.45193999993108, 26.530119999738247, 0.0], [66.45007999959239, 26.48873999985119, 0.0], [66.4735500000325, 26.4586899999436, 0.0]], [[66.54854999988265, 26.34229999974525, 0.0], [66.53729999999507, 26.38471999992811, 0.0], [66.51523000026435, 26.40017999970729, 0.0], [66.54854999988265, 26.34229999974525, 0.0]], [[66.51170000025485, 26.209359999864148, 0.0], [66.52322000000305, 26.235369999625846, 0.0], [66.52480999958186, 26.273949999892636, 0.0], [66.50733999974125, 26.25219000006848, 0.0], [66.51170000025485, 26.209359999864148, 0.0]]]}}, {"type": "Feature", "properties": {"Name": "Ton", "SymbolID": "39"}, "geometry": {"type": "Polygon", "coordinates": [[[66.72996999971576, 26.4310699996808, 0.0], [66.72263999983619, 26.442579999867178, 0.0], [66.72039000039825, 26.458239999876128, 0.0], [66.7388700000505, 26.438189999768724, 0.0], [66.72996999971576, 26.4310699996808, 0.0]]]}}, {"type": "Feature", "properties": {"Name": "K", "SymbolID": "58"}, "geometry": {"type": "Polygon", "coordinates": [[[66.71202000022288, 26.691089999903625, 0.0], [66.70014000006103, 26.65410999967679, 0.0], [66.67113000044924, 26.74106000021891, 0.0], [66.67779999957037, 26.795240000425736, 0.0], [66.66093999998105, 26.796119999638336, 0.0], [66.64919999998006, 26.705820000192887, 0.0], [66.73495999960437, 26.51295000024237, 0.0], [66.7271700000955, 26.677950000092494, 0.0], [66.73718000035677, 26.662419999783197, 0.0], [66.74548000000203, 26.602660000358753, 0.0], [66.76528000027184, 26.58204999960782, 0.0], [66.78650999993658, 26.385550000432204, 0.0], [66.84405000040726, 26.27653999972125, 0.0], [66.88385000027733, 26.108729999789716, 0.0], [66.92635843076133, 25.999759605214493, 0.0], [66.89376000042375, 26.022580000166897, 0.0], [66.84151999974824, 26.203520000347794, 0.0], [66.76641999978324, 26.32215999998408, 0.0], [66.72093999968132, 26.436859999589387, 0.0], [66.70664000033582, 26.412349999752735, 0.0], [66.67980000007003, 26.55993999983116, 0.0], [66.61787000040027, 26.737719999978083, 0.0], [66.60819000006853, 26.837469999940595, 0.0], [66.55825999979919, 26.92289999963532, 0.0], [66.52711999998809, 26.918569999605836, 0.0], [66.50729000013348, 26.865239999926132, 0.0], [66.48754000037076, 26.868379999937076, 0.0], [66.47944999961783, 26.853120000387776, 0.0], [66.41692999971974, 26.8659399998312, 0.0], [66.42398999973875, 26.775199999880158, 0.0], [66.50171999957837, 26.652469999590835, 0.0], [66.50443000044424, 26.604829999704748, 0.0], [66.48678000039678, 26.546869999650824, 0.0], [66.47324000012594, 26.554599999990046, 0.0], [66.47133999974125, 26.609910000146442, 0.0], [66.44567000037028, 26.597639999986086, 0.0], [66.4778299995549, 26.662020000222867, 0.0], [66.42813999956138, 26.7429900001884, 0.0], [66.41121999990315, 26.73640999982166, 0.0], [66.3901399999611, 26.762209999791708, 0.0], [66.40534999990263, 26.790610000051515, 0.0], [66.39459000012846, 26.845639999886146, 0.0], [66.37437999983717, 26.87535000030232, 0.0], [66.3697300003393, 26.92453000015945, 0.0], [66.38209000015343, 26.931499999625316, 0.0], [66.371480000102, 26.95688999957389, 0.0], [66.34646999969078, 26.973939999831202, 0.0], [66.39639999996007, 27.008259999699305, 0.0], [66.42698999958884, 26.98844999986767, 0.0], [66.4532799996723, 27.02305000005748, 0.0], [66.40664999959785, 27.066660000258878, 0.0], [66.39182999965482, 27.03216000018392, 0.0], [66.3853199998182, 27.056380000136926, 0.0], [66.38426999996057, 27.101290000033543, 0.0], [66.40290999979669, 27.111260000248876, 0.0], [66.3965099996368, 27.149319999918134, 0.0], [66.41076999983568, 27.183710000316296, 0.0], [66.43623999987614, 27.124010000061503, 0.0], [66.48471000026638, 27.088509999736743, 0.0], [66.62370999991663, 26.866719999828206, 0.0], [66.63904999955787, 26.870470000090506, 0.0], [66.64790000028484, 26.850270000260366, 0.0], [66.65373999980119, 26.881180000256848, 0.0], [66.63830000004504, 26.937899999785202, 0.0], [66.6486299997747, 26.908999999850153, 0.0], [66.6725100002364, 26.914629999574856, 0.0], [66.68380999973175, 26.964240000375753, 0.0], [66.68456000014396, 26.927619999663307, 0.0], [66.66157000025538, 26.878980000426736, 0.0], [66.71202000022288, 26.691089999903625, 0.0]], [[66.45990000008499, 26.960439999606365, 0.0], [66.48447999955238, 26.981539999571396, 0.0], [66.4627500002124, 26.989679999932093, 0.0], [66.45990000008499, 26.960439999606365, 0.0]], [[66.43845000016745, 27.08950000042472, 0.0], [66.42166000020887, 27.147129999649792, 0.0], [66.41047999995209, 27.152760000273872, 0.0], [66.41183000015445, 27.11750000022488, 0.0], [66.43845000016745, 27.08950000042472, 0.0]], [[66.7388700000505, 26.438189999768724, 0.0], [66.72039000039825, 26.458239999876128, 0.0], [66.73774000010098, 26.43003000028432, 0.0], [66.7388700000505, 26.438189999768724, 0.0]]]}}, {"type": "Feature", "properties": {"Name": "Q", "SymbolID": "8"}, "geometry": {"type": "Polygon", "coordinates": [[[66.4735500000325, 26.4586899999436, 0.0], [66.45007999959239, 26.48873999985119, 0.0], [66.45193999993108, 26.530119999738247, 0.0], [66.46624999973773, 26.507989999938616, 0.0], [66.4735500000325, 26.4586899999436, 0.0]]]}}, {"type": "Feature", "properties": {"Name": "K", "SymbolID": "58"}, "geometry": {"type": "Polygon", "coordinates": [[[66.69388999962382, 26.615229999964583, 0.0], [66.70927000021038, 26.627669999870648, 0.0], [66.71810000001506, 26.574320000167916, 0.0], [66.7102199999531, 26.58000999996159, 0.0], [66.69388999962382, 26.615229999964583, 0.0]]]}}, {"type": "Feature", "properties": {"Name": "Tp", "SymbolID": "15"}, "geometry": {"type": "Polygon", "coordinates": [[[66.70141000017145, 26.652009999961592, 0.0], [66.71968000003204, 26.644749999712758, 0.0], [66.73045999982918, 26.524570000105484, 0.0], [66.69535999996407, 26.599010000211365, 0.0], [66.69451000033632, 26.61221999965329, 0.0], [66.71810000001506, 26.574320000167916, 0.0], [66.70927000021038, 26.627669999870648, 0.0], [66.69585000007748, 26.619959999554396, 0.0], [66.67038000003703, 26.650929999619848, 0.0], [66.64919999998006, 26.705820000192887, 0.0], [66.66093999998105, 26.796119999638336, 0.0], [66.67779999957037, 26.795240000425736, 0.0], [66.67113000044924, 26.74106000021891, 0.0], [66.70141000017145, 26.652009999961592, 0.0]], [[66.68160999990164, 26.652219999753243, 0.0], [66.67918999981868, 26.676020000122946, 0.0], [66.66102999963482, 26.74083000040423, 0.0], [66.65781999999308, 26.70822000025288, 0.0], [66.68160999990164, 26.652219999753243, 0.0]]]}}, {"type": "Feature", "properties": {"Name": "K", "SymbolID": "58"}, "geometry": {"type": "Polygon", "coordinates": [[[66.68160999990164, 26.652219999753243, 0.0], [66.65781999999308, 26.70822000025288, 0.0], [66.66102999963482, 26.74083000040423, 0.0], [66.68587000030033, 26.665080000141927, 0.0], [66.68160999990164, 26.652219999753243, 0.0]]]}}, {"type": "Feature", "properties": {"Name": "Q", "SymbolID": "0"}, "geometry": {"type": "Polygon", "coordinates": [[[66.50446000002904, 26.865190000318307, 0.0], [66.48705999981917, 26.82098999988864, 0.0], [66.46256000044372, 26.822819999743217, 0.0], [66.4417300003393, 26.848940000080972, 0.0], [66.42067999998204, 26.84703999969628, 0.0], [66.42882999990462, 26.822210000391237, 0.0], [66.42400999976172, 26.80464000043571, 0.0], [66.41755000043224, 26.810729999789714, 0.0], [66.41692999971974, 26.8659399998312, 0.0], [66.47102999983468, 26.85296999976572, 0.0], [66.48754000037076, 26.868379999937076, 0.0], [66.50446000002904, 26.865190000318307, 0.0]]]}}, {"type": "Feature", "properties": {"Name": "Tp", "SymbolID": "15"}, "geometry": {"type": "Polygon", "coordinates": [[[66.71319999978022, 26.696919999858153, 0.0], [66.68388000026187, 26.77027000006052, 0.0], [66.66157000025538, 26.878980000426736, 0.0], [66.68456000014396, 26.927619999663307, 0.0], [66.6862800003218, 26.938690000243355, 0.0], [66.68380999973175, 26.964240000375753, 0.0], [66.6725100002364, 26.914629999574856, 0.0], [66.6486299997747, 26.908999999850153, 0.0], [66.67003999964635, 26.940159999684283, 0.0], [66.67514000011096, 27.007690000393268, 0.0], [66.65131999971828, 26.966600000389747, 0.0], [66.65784000001605, 26.93415000042222, 0.0], [66.63709000000352, 26.93323000026436, 0.0], [66.65246000012894, 26.849180000356796, 0.0], [66.63904999955787, 26.870470000090506, 0.0], [66.62409999991513, 26.866200000129936, 0.0], [66.61582999985467, 26.878310000106467, 0.0], [66.64137999998707, 26.883299999995074, 0.0], [66.62206000026885, 26.938790000358267, 0.0], [66.64876999993561, 26.996209999791688, 0.0], [66.65086000008898, 27.051479999902142, 0.0], [66.69246999979072, 26.985300000294842, 0.0], [66.69482999980471, 26.901030000134426, 0.0], [66.68386999980072, 26.866559999644323, 0.0], [66.70514999997255, 26.74307000028034, 0.0], [66.71321999980319, 26.728079999692284, 0.0], [66.71311000012645, 26.798430000044505, 0.0], [66.72741999993309, 26.722559999644318, 0.0], [66.71319999978022, 26.696919999858153, 0.0]]]}}, {"type": "Feature", "properties": {"Name": "Q", "SymbolID": "8"}, "geometry": {"type": "Polygon", "coordinates": [[[66.60685000032731, 26.934280000121987, 0.0], [66.59996000005401, 26.922540000120932, 0.0], [66.60166000020888, 26.9341899995689, 0.0], [66.60685000032731, 26.934280000121987, 0.0]]]}}, {"type": "Feature", "properties": {"Name": "Tp", "SymbolID": "15"}, "geometry": {"type": "Polygon", "coordinates": [[[66.61018999966882, 26.89887999991214, 0.0], [66.58651000033632, 26.944979999827183, 0.0], [66.5846299999746, 26.972279999722275, 0.0], [66.60667000012046, 26.943000000249867, 0.0], [66.6136000004397, 26.921610000401245, 0.0], [66.61018999966882, 26.89887999991214, 0.0]], [[66.59996000005401, 26.922540000120932, 0.0], [66.60685000032731, 26.934280000121987, 0.0], [66.60166000020888, 26.9341899995689, 0.0], [66.59996000005401, 26.922540000120932, 0.0]]]}}, {"type": "Feature", "properties": {"Name": "Te", "SymbolID": "64"}, "geometry": {"type": "Polygon", "coordinates": [[[66.64942000023291, 27.070400000060033, 0.0], [66.69993000026938, 26.982280000421724, 0.0], [66.72117000039526, 26.76495000024238, 0.0], [66.73513000024934, 26.721979999877135, 0.0], [66.72284999962784, 26.732309999606855, 0.0], [66.71311000012645, 26.798430000044505, 0.0], [66.71321999980319, 26.728079999692284, 0.0], [66.69593000016943, 26.783030000334293, 0.0], [66.68386999980072, 26.866559999644323, 0.0], [66.69544999961784, 26.9661700003453, 0.0], [66.66609000005354, 27.037199999680297, 0.0], [66.6450700001804, 27.04846999959085, 0.0], [66.64876999993561, 26.996209999791688, 0.0], [66.62206000026885, 26.938790000358267, 0.0], [66.64137999998707, 26.883299999995074, 0.0], [66.61582999985467, 26.878310000106467, 0.0], [66.52558999957887, 27.025840000115977, 0.0], [66.51449999987517, 27.080060000368746, 0.0], [66.53863999973623, 27.168489999913618, 0.0], [66.54799999970027, 27.108040000145934, 0.0], [66.56697999992713, 27.079719999978067, 0.0], [66.58272999958984, 27.093459999579352, 0.0], [66.63107000028032, 27.03770000025486, 0.0], [66.64942000023291, 27.070400000060033, 0.0]], [[66.59181999969331, 27.061340000440737, 0.0], [66.58066000035876, 27.036740000050997, 0.0], [66.59991000044624, 27.01672000042771, 0.0], [66.60650000037475, 27.042989999588883, 0.0], [66.59181999969331, 27.061340000440737, 0.0]], [[66.57568000003204, 26.99653999972128, 0.0], [66.57496999966583, 27.05989000012346, 0.0], [66.54532999977971, 27.079140000210884, 0.0], [66.54191000034632, 27.05697999992708, 0.0], [66.56652000029783, 26.99987000040022, 0.0], [66.57568000003204, 26.99653999972128, 0.0]], [[66.61018999966882, 26.89887999991214, 0.0], [66.60667000012046, 26.943000000249867, 0.0], [66.5846299999746, 26.972279999722275, 0.0], [66.61018999966882, 26.89887999991214, 0.0]]]}}, {"type": "Feature", "properties": {"Name": "Te", "SymbolID": "64"}, "geometry": {"type": "Polygon", "coordinates": [[[66.6475300003093, 26.930489999813688, 0.0], [66.66030999970678, 26.940000000399777, 0.0], [66.65131999971828, 26.966600000389747, 0.0], [66.67514000011096, 27.007690000393268, 0.0], [66.67003999964635, 26.940159999684283, 0.0], [66.65808000029182, 26.922529999659787, 0.0], [66.6475300003093, 26.930489999813688, 0.0]]]}}, {"type": "Feature", "properties": {"Name": "Q", "SymbolID": "8"}, "geometry": {"type": "Polygon", "coordinates": [[[66.4745900003283, 26.975969999915606, 0.0], [66.4660899995539, 26.974920000058034, 0.0], [66.47398999963883, 26.980010000061498, 0.0], [66.4745900003283, 26.975969999915606, 0.0]]]}}, {"type": "Feature", "properties": {"Name": "Tnh", "SymbolID": "0"}, "geometry": {"type": "Polygon", "coordinates": [[[66.26280999978172, 27.408460000029038, 0.0], [66.21303000013444, 27.370539999621315, 0.0], [66.27257999976723, 27.34128999973376, 0.0], [66.26863999973625, 27.268729999989546, 0.0], [66.2874100001714, 27.271480000002043, 0.0], [66.2575900000785, 27.208169999645804, 0.0], [66.24316000013397, 27.23307000038028, 0.0], [66.22237999963733, 27.213179999557383, 0.0], [66.23119000031829, 27.179619999663316, 0.0], [66.20511999958836, 27.138219999753233, 0.0], [66.21594000033082, 27.130359999714244, 0.0], [66.2324299999446, 27.15065000009747, 0.0], [66.24663999963633, 27.134780000296814, 0.0], [66.24184000041572, 27.02690000043475, 0.0], [66.22659000042825, 27.021369999925582, 0.0], [66.21106000011895, 27.07001000006153, 0.0], [66.16872000002803, 27.064889999573893, 0.0], [66.13707000008048, 27.03620999989164, 0.0], [66.141380000087, 27.013019999773235, 0.0], [66.11999000023837, 27.008040000345773, 0.0], [66.11094999974273, 26.9787899995589, 0.0], [66.11539000034827, 26.929470000440233, 0.0], [66.16586999990062, 26.94569999975522, 0.0], [66.19696999966578, 26.931630000224402, 0.0], [66.16205000000753, 26.90807999969229, 0.0], [66.22161999966329, 26.89976000002406, 0.0], [66.16024000017592, 26.874780000096962, 0.0], [66.15361000020141, 26.86470000020489, 0.0], [66.17473000018941, 26.84584000011597, 0.0], [66.14856999980572, 26.811110000226392, 0.0], [66.1618899998237, 26.787129999649835, 0.0], [66.19880000041974, 26.771709999916595, 0.0], [66.20270000040477, 26.720660000158944, 0.0], [66.18908999960388, 26.67144000025587, 0.0], [66.20500999991162, 26.66937000012547, 0.0], [66.32033000022938, 26.528690000343317, 0.0], [66.30206999993061, 26.47369999965531, 0.0], [66.20872999968981, 26.358779999797207, 0.0], [66.18130999965683, 26.27979000030831, 0.0], [66.19948000030183, 26.19455999994409, 0.0], [66.20831999966833, 26.17760999980169, 0.0], [66.22840999982168, 26.177549999732776, 0.0], [66.23856000024387, 26.060570000205416, 0.0], [66.24997000031533, 26.04577000028536, 0.0], [66.23736637380571, 25.999759605214493, 0.0], [65.76076227956774, 25.999759605214493, 0.0], [65.76254000002103, 26.021160000333794, 0.0], [65.74825000023736, 26.03173000033928, 0.0], [65.68503437811191, 25.999759605214493, 0.0], [65.43687235928543, 25.999759605214493, 0.0], [65.60911999998808, 26.09585999983915, 0.0], [65.6625899998287, 26.09111999978819, 0.0], [65.7002400003758, 26.12257999996706, 0.0], [65.73524999968777, 26.124429999844665, 0.0], [65.75227000036028, 26.086140000360786, 0.0], [65.77023999987614, 26.084090000253354, 0.0], [65.79301999997307, 26.148219999753223, 0.0], [65.83238000023687, 26.17898999958885, 0.0], [65.91575999982416, 26.195449999617836, 0.0], [65.94375999962432, 26.212200000429732, 0.0], [65.99695000004255, 26.212840000265828, 0.0], [66.00200000000007, 26.241940000430702, 0.0], [65.93391000044625, 26.226240000375753, 0.0], [65.88583000005451, 26.314299999945092, 0.0], [65.890160000084, 26.349559999994028, 0.0], [65.87823000031432, 26.34217000004554, 0.0], [65.87431000030631, 26.350649999897655, 0.0], [65.89151999984819, 26.377630000324302, 0.0], [65.9829199996583, 26.39288999987366, 0.0], [65.99317999975722, 26.42398999963882, 0.0], [66.06221000039125, 26.51143999985618, 0.0], [66.11375000026237, 26.541480000201886, 0.0], [66.08666999972075, 26.705009999711763, 0.0], [66.09335999976423, 27.064300000244884, 0.0], [66.12537000012549, 27.16179999987014, 0.0], [66.12286999995058, 27.279979999877128, 0.0], [66.13643999980621, 27.2693299997797, 0.0], [66.17972999963985, 27.323420000332817, 0.0], [66.20628000002205, 27.325860000438695, 0.0], [66.22421000039128, 27.31101000001155, 0.0], [66.19242000028282, 27.351649999947597, 0.0], [66.17834999985268, 27.34666000005899, 0.0], [66.1940699999306, 27.334300000244866, 0.0], [66.14638999999858, 27.327169999695798, 0.0], [66.22265999995909, 27.407299999595352, 0.0], [66.23195000029233, 27.44189999978522, 0.0], [66.18587000040026, 27.41816000038375, 0.0], [66.14897000026536, 27.43261999991313, 0.0], [66.17167000027035, 27.43343999995608, 0.0], [66.17502999963483, 27.461029999734762, 0.0], [66.2489900000885, 27.507429999994542, 0.0], [66.3251599999341, 27.58228999968378, 0.0], [66.24640999982171, 27.46391000034629, 0.0], [66.27058999972877, 27.43867999968228, 0.0], [66.26280999978172, 27.408460000029038, 0.0]], [[66.18971000031632, 26.149739999701296, 0.0], [66.18624000037579, 26.18437000037528, 0.0], [66.16512000038779, 26.23004000024588, 0.0], [66.16098999968881, 26.31312999994958, 0.0], [66.14961000010146, 26.325730000039528, 0.0], [66.13768000033178, 26.29650999973677, 0.0], [66.14489000007347, 26.21680999988166, 0.0], [66.18099999975027, 26.183299999595363, 0.0], [66.17372000037778, 26.122100000314788, 0.0], [66.18971000031632, 26.149739999701296, 0.0]], [[66.00534999980272, 26.049220000202922, 0.0], [66.05031000020642, 26.102420000182917, 0.0], [66.10585000017744, 26.112419999983047, 0.0], [66.10690999959684, 26.154749999612818, 0.0], [66.07880000011994, 26.184119999638312, 0.0], [66.0244900002134, 26.186329999929626, 0.0], [65.93915999973427, 26.126239999676272, 0.0], [65.9389000003348, 26.095819999793207, 0.0], [65.95602999978473, 26.06433999959137, 0.0], [65.98808999975375, 26.04505999991909, 0.0], [66.00534999980272, 26.049220000202922, 0.0]]]}}, {"type": "Feature", "properties": {"Name": "Qt", "SymbolID": "7"}, "geometry": {"type": "Polygon", "coordinates": [[[65.239780000047, 26.506360000313805, 0.0], [65.23579000040826, 26.490540000120973, 0.0], [65.17941999993309, 26.459160000034046, 0.0], [65.16020999989166, 26.42724000022588, 0.0], [65.14887000035031, 26.429970000215405, 0.0], [65.1089799999271, 26.394960000004062, 0.0], [65.05916000023387, 26.417550000332312, 0.0], [65.17609000015347, 26.526270000260354, 0.0], [65.1742800003218, 26.4884099999216, 0.0], [65.12991999970825, 26.451750000062532, 0.0], [65.13422999971476, 26.440219999853184, 0.0], [65.20330000039473, 26.49626999996059, 0.0], [65.239780000047, 26.506360000313805, 0.0]]]}}, {"type": "Feature", "properties": {"Name": "Qt", "SymbolID": "7"}, "geometry": {"type": "Polygon", "coordinates": [[[64.6083600002139, 26.46864999969779, 0.0], [64.54796999961587, 26.43648000005203, 0.0], [64.51674000015095, 26.435069999780694, 0.0], [64.59217999960737, 26.470280000221862, 0.0], [64.5798900003233, 26.48184999957789, 0.0], [64.59541999973328, 26.497259999749247, 0.0], [64.77882999960485, 26.513480000401728, 0.0], [64.66700999971175, 26.472569999705797, 0.0], [64.64715000027235, 26.471109999826695, 0.0], [64.69834999975274, 26.496570000305326, 0.0], [64.60575999992409, 26.487340000041, 0.0], [64.6083600002139, 26.46864999969779, 0.0]]]}}, {"type": "Feature", "properties": {"Name": "Qt", "SymbolID": "7"}, "geometry": {"type": "Polygon", "coordinates": [[[65.34948999976376, 26.5053899996488, 0.0], [65.32666999962083, 26.504159999584374, 0.0], [65.2521999999301, 26.43644000000603, 0.0], [65.26519999958037, 26.471220000402752, 0.0], [65.29956000039374, 26.487819999693272, 0.0], [65.3244600002289, 26.52771999967831, 0.0], [65.36011999983816, 26.52732000011798, 0.0], [65.34948999976376, 26.5053899996488, 0.0]]]}}, {"type": "Feature", "properties": {"Name": "Q", "SymbolID": "8"}, "geometry": {"type": "Polygon", "coordinates": [[[65.14099999985018, 26.507260000448696, 0.0], [65.14495999990413, 26.523580000316826, 0.0], [65.17590999994661, 26.54113000024938, 0.0], [65.17512000038778, 26.53097000026537, 0.0], [65.14099999985018, 26.507260000448696, 0.0]]]}}, {"type": "Feature", "properties": {"Name": "Qt", "SymbolID": "7"}, "geometry": {"type": "Polygon", "coordinates": [[[64.83557999961732, 26.523600000339798, 0.0], [64.79848999971375, 26.525929999869675, 0.0], [64.8826700002204, 26.546739999951114, 0.0], [64.83557999961732, 26.523600000339798, 0.0]]]}}, {"type": "Feature", "properties": {"Name": "Qt", "SymbolID": "7"}, "geometry": {"type": "Polygon", "coordinates": [[[65.25088000021191, 26.520919999958096, 0.0], [65.26496999976575, 26.528149999722757, 0.0], [65.31301000011149, 26.55806999993058, 0.0], [65.26369999965533, 26.515090000003568, 0.0], [65.25088000021191, 26.520919999958096, 0.0]]]}}, {"type": "Feature", "properties": {"Name": "Qt", "SymbolID": "7"}, "geometry": {"type": "Polygon", "coordinates": [[[65.36418000000702, 26.513679999732233, 0.0], [65.36323999982619, 26.56666000035881, 0.0], [65.41705999961937, 26.60275000001252, 0.0], [65.37349000036329, 26.536849999827666, 0.0], [65.41857000000556, 26.5579200002079, 0.0], [65.36418000000702, 26.513679999732233, 0.0]]]}}, {"type": "Feature", "properties": {"Name": "Tk", "SymbolID": "53"}, "geometry": {"type": "Polygon", "coordinates": [[[65.22594999989263, 26.560699999805195, 0.0], [65.1923299999296, 26.57247000029031, 0.0], [65.19226999986068, 26.591210000241347, 0.0], [65.22299000008849, 26.5996199995634, 0.0], [65.23559999974026, 26.57565000034731, 0.0], [65.22594999989263, 26.560699999805195, 0.0]], [[65.20521000034131, 26.57483999986613, 0.0], [65.21603000018439, 26.58828999958388, 0.0], [65.20039000019841, 26.584330000429247, 0.0], [65.20521000034131, 26.57483999986613, 0.0]]]}}, {"type": "Feature", "properties": {"Name": "Q", "SymbolID": "8"}, "geometry": {"type": "Polygon", "coordinates": [[[65.20521000034131, 26.57483999986613, 0.0], [65.20367999993209, 26.58694999984266, 0.0], [65.22009000035331, 26.584859999689286, 0.0], [65.22020000003005, 26.58130999965681, 0.0], [65.20521000034131, 26.57483999986613, 0.0]]]}}, {"type": "Feature", "properties": {"Name": "Qt", "SymbolID": "7"}, "geometry": {"type": "Polygon", "coordinates": [[[65.90415999998407, 26.43155000023239, 0.0], [65.89675000001256, 26.379190000318317, 0.0], [65.87431000030631, 26.350649999897655, 0.0], [65.89127000001054, 26.347210000441237, 0.0], [65.88583000005451, 26.314299999945092, 0.0], [65.90450000037475, 26.28238999969875, 0.0], [65.87723000006451, 26.300540000320836, 0.0], [65.86111000042621, 26.2960300000845, 0.0], [65.87583999981621, 26.26750999968681, 0.0], [65.8584700000905, 26.2710900002034, 0.0], [65.81294000038076, 26.257690000093476, 0.0], [65.79925999994907, 26.236819999943066, 0.0], [65.77606999983067, 26.238179999707256, 0.0], [65.77048000015196, 26.26189000042325, 0.0], [65.79638999979869, 26.30489000037329, 0.0], [65.8147999998202, 26.309809999731726, 0.0], [65.81087000025036, 26.348940000180903, 0.0], [65.74735000010247, 26.272940000081007, 0.0], [65.72083999976621, 26.277470000340315, 0.0], [65.72155000013248, 26.303210000241393, 0.0], [65.76210000041476, 26.3067000002049, 0.0], [65.77148999996359, 26.4042500003373, 0.0], [65.75613000029932, 26.40458999982866, 0.0], [65.72561000030134, 26.357239999826163, 0.0], [65.71114000031082, 26.35309999956536, 0.0], [65.71356999995561, 26.362490000013565, 0.0], [65.74963999958635, 26.40341000027132, 0.0], [65.73684999972778, 26.407609999701776, 0.0], [65.75500999991164, 26.43083999986618, 0.0], [65.76951000038628, 26.433939999831182, 0.0], [65.79386000003905, 26.497390000348275, 0.0], [65.79696000000405, 26.48294000038078, 0.0], [65.81153999967131, 26.483270000310313, 0.0], [65.85962999962481, 26.576459999929114, 0.0], [65.87051999999807, 26.57186000003901, 0.0], [65.88326000024887, 26.51268000038175, 0.0], [65.87216000008397, 26.431800000069984, 0.0], [65.90415999998407, 26.43155000023239, 0.0]], [[65.82095000014243, 26.27780000026985, 0.0], [65.81994999989263, 26.288709999766752, 0.0], [65.81633999979124, 26.28991000024638, 0.0], [65.8116300002244, 26.27952000044769, 0.0], [65.82095000014243, 26.27780000026985, 0.0]]]}}, {"type": "Feature", "properties": {"Name": "Q", "SymbolID": "8"}, "geometry": {"type": "Polygon", "coordinates": [[[65.60105999971927, 26.422750000012513, 0.0], [65.60723999962636, 26.43046000032882, 0.0], [65.5949500003423, 26.41098000042672, 0.0], [65.60105999971927, 26.422750000012513, 0.0]]]}}, {"type": "Feature", "properties": {"Name": "Qt", "SymbolID": "7"}, "geometry": {"type": "Polygon", "coordinates": [[[65.73017000014545, 26.52625999979921, 0.0], [65.72502999963484, 26.513460000378757, 0.0], [65.73805000020741, 26.51478999965883, 0.0], [65.72766000040878, 26.488289999783717, 0.0], [65.73904999955789, 26.48342000003305, 0.0], [65.73142999979473, 26.454789999958564, 0.0], [65.74985000027732, 26.4741800002069, 0.0], [65.75435000005251, 26.464169999945568, 0.0], [65.696840000066, 26.38127999957237, 0.0], [65.6736499999476, 26.36561000000154, 0.0], [65.69019000006853, 26.457929999969565, 0.0], [65.71574999976275, 26.491019999773243, 0.0], [65.69692999971977, 26.504410000321286, 0.0], [65.73017000014545, 26.52625999979921, 0.0]]]}}, {"type": "Feature", "properties": {"Name": "Q", "SymbolID": "8"}, "geometry": {"type": "Polygon", "coordinates": [[[65.6192399999261, 26.447390000448195, 0.0], [65.63198999973878, 26.46008000019191, 0.0], [65.61447000029034, 26.440099999715244, 0.0], [65.6192399999261, 26.447390000448195, 0.0]]]}}, {"type": "Feature", "properties": {"Name": "Q", "SymbolID": "8"}, "geometry": {"type": "Polygon", "coordinates": [[[65.6424700000905, 26.473460000278862, 0.0], [65.64973999990116, 26.47824999993759, 0.0], [65.63198999973878, 26.46008000019191, 0.0], [65.6424700000905, 26.473460000278862, 0.0]]]}}, {"type": "Feature", "properties": {"Name": "Qt", "SymbolID": "7"}, "geometry": {"type": "Polygon", "coordinates": [[[65.35615000022239, 26.378259999699253, 0.0], [65.37600000009996, 26.415179999857173, 0.0], [65.34472999968978, 26.39284999982766, 0.0], [65.35192999986964, 26.417840000215904, 0.0], [65.43230999960684, 26.497740000300837, 0.0], [65.55762000016296, 26.587860000438695, 0.0], [65.5079799997772, 26.520549999982563, 0.0], [65.49418999966883, 26.519560000193906, 0.0], [65.35615000022239, 26.378259999699253, 0.0]]]}}, {"type": "Feature", "properties": {"Name": "Q", "SymbolID": "8"}, "geometry": {"type": "Polygon", "coordinates": [[[65.65353999977123, 26.4819499996928, 0.0], [65.66508000044172, 26.496240000375792, 0.0], [65.66710000006503, 26.502750000212416, 0.0], [65.65353999977123, 26.4819499996928, 0.0]]]}}, {"type": "Feature", "properties": {"Name": "Q", "SymbolID": "8"}, "geometry": {"type": "Polygon", "coordinates": [[[65.66769000029336, 26.50805000000753, 0.0], [65.67005999986918, 26.525149999872667, 0.0], [65.66983999961633, 26.549799999870174, 0.0], [65.6702899996838, 26.51839999976022, 0.0], [65.66769000029336, 26.50805000000753, 0.0]]]}}, {"type": "Feature", "properties": {"Name": "Tmp", "SymbolID": "5"}, "geometry": {"type": "Polygon", "coordinates": [[[66.08803000038426, 26.688279999822157, 0.0], [66.0821200003378, 26.64388999962381, 0.0], [66.09973000033932, 26.637920000407746, 0.0], [66.10917000039524, 26.534730000089496, 0.0], [66.06221000039125, 26.51143999985618, 0.0], [65.99317999975722, 26.42398999963882, 0.0], [65.9829199996583, 26.39288999987366, 0.0], [65.89675000001256, 26.379190000318317, 0.0], [65.90071999962834, 26.428849999827662, 0.0], [65.97550000012495, 26.470289999783688, 0.0], [66.03278000029684, 26.537899999685294, 0.0], [66.08803000038426, 26.688279999822157, 0.0]]]}}, {"type": "Feature", "properties": {"Name": "Qt", "SymbolID": "7"}, "geometry": {"type": "Polygon", "coordinates": [[[65.93389000042322, 26.501700000354788, 0.0], [65.91427000036026, 26.552460000228905, 0.0], [65.89371000011647, 26.558959999604326, 0.0], [65.88439999976026, 26.591000000449696, 0.0], [65.92833000032931, 26.579310000056523, 0.0], [65.93389000042322, 26.501700000354788, 0.0]]]}}, {"type": "Feature", "properties": {"Name": "Qt", "SymbolID": "7"}, "geometry": {"type": "Polygon", "coordinates": [[[65.18475000021238, 26.51199000003851, 0.0], [65.2106700003203, 26.54560000043972, 0.0], [65.1843699997757, 26.57479000025836, 0.0], [65.15236999987565, 26.584729999989577, 0.0], [65.23237000007549, 26.661619999763218, 0.0], [65.23198999963881, 26.64123999972628, 0.0], [65.21492000025785, 26.628639999636334, 0.0], [65.24959000007851, 26.637149999972564, 0.0], [65.25012000023787, 26.569290000233366, 0.0], [65.23538000038678, 26.52040999982171, 0.0], [65.18475000021238, 26.51199000003851, 0.0]], [[65.22299000008849, 26.5996199995634, 0.0], [65.19226999986068, 26.591210000241347, 0.0], [65.1923299999296, 26.57247000029031, 0.0], [65.20796000035381, 26.559710000016537, 0.0], [65.22594999989263, 26.560699999805195, 0.0], [65.23559999974026, 26.57565000034731, 0.0], [65.22299000008849, 26.5996199995634, 0.0]]]}}, {"type": "Feature", "properties": {"Name": "Qt", "SymbolID": "7"}, "geometry": {"type": "Polygon", "coordinates": [[[64.94100000024986, 26.668770000335314, 0.0], [64.95504000019594, 26.66149000006351, 0.0], [64.89137000032531, 26.62210999977674, 0.0], [64.77442999994457, 26.61270000020488, 0.0], [64.88702000027286, 26.63735000020239, 0.0], [64.94100000024986, 26.668770000335314, 0.0]]]}}, {"type": "Feature", "properties": {"Name": "Qt", "SymbolID": "7"}, "geometry": {"type": "Polygon", "coordinates": [[[64.9871400002109, 26.656150000222397, 0.0], [64.96781999959336, 26.65991999960835, 0.0], [64.99798999963883, 26.65954000007099, 0.0], [64.9871400002109, 26.656150000222397, 0.0]]]}}, {"type": "Feature", "properties": {"Name": "Tk", "SymbolID": "53"}, "geometry": {"type": "Polygon", "coordinates": [[[65.38683999996607, 26.75652999955986, 0.0], [65.36752000024785, 26.7509100002963, 0.0], [65.39043000004455, 26.778390000398247, 0.0], [65.38683999996607, 26.75652999955986, 0.0]]]}}, {"type": "Feature", "properties": {"Name": "Qt", "SymbolID": "7"}, "geometry": {"type": "Polygon", "coordinates": [[[65.05545000001752, 26.773069999680786, 0.0], [65.02468000018195, 26.770359999714287, 0.0], [65.05729999989512, 26.779280000071992, 0.0], [65.05545000001752, 26.773069999680786, 0.0]]]}}, {"type": "Feature", "properties": {"Name": "Qt", "SymbolID": "7"}, "geometry": {"type": "Polygon", "coordinates": [[[65.18586000013897, 26.83205000000754, 0.0], [65.13742999979473, 26.80302999993461, 0.0], [65.14581999999308, 26.818649999897616, 0.0], [65.18586000013897, 26.83205000000754, 0.0]]]}}, {"type": "Feature", "properties": {"Name": "Qt", "SymbolID": "7"}, "geometry": {"type": "Polygon", "coordinates": [[[65.26346000027883, 26.809499999725233, 0.0], [65.27660999965184, 26.827089999703787, 0.0], [65.29107000008048, 26.825609999801713, 0.0], [65.28251999969831, 26.814310000306307, 0.0], [65.26346000027883, 26.809499999725233, 0.0]]]}}, {"type": "Feature", "properties": {"Name": "Q", "SymbolID": "8"}, "geometry": {"type": "Polygon", "coordinates": [[[64.78721000024137, 26.820240000375748, 0.0], [64.8154900003633, 26.834619999813185, 0.0], [64.81209999961533, 26.814820000442694, 0.0], [64.78721000024137, 26.820240000375748, 0.0]]]}}, {"type": "Feature", "properties": {"Name": "Qpkc", "SymbolID": "0"}, "geometry": {"type": "Polygon", "coordinates": [[[64.27921000014146, 26.811059999719248, 0.0], [64.54278999995859, 26.88420999969179, 0.0], [64.54176999968581, 26.872339999991084, 0.0], [64.50395000029232, 26.86189000012348, 0.0], [64.54564999964782, 26.835450000317337, 0.0], [64.61862999987466, 26.831200000379738, 0.0], [64.56257000020543, 26.821820000392734, 0.0], [64.47514000001104, 26.83865000039725, 0.0], [64.30610999957685, 26.803199999680317, 0.0], [64.27921000014146, 26.811059999719248, 0.0]]]}}, {"type": "Feature", "properties": {"Name": "Qt", "SymbolID": "7"}, "geometry": {"type": "Polygon", "coordinates": [[[64.6903199999681, 26.86101000001156, 0.0], [64.68112000018789, 26.86811999963834, 0.0], [64.72399000043822, 26.89588999962382, 0.0], [64.72209000005353, 26.873659999709275, 0.0], [64.6903199999681, 26.86101000001156, 0.0]]]}}, {"type": "Feature", "properties": {"Name": "Q", "SymbolID": "8"}, "geometry": {"type": "Polygon", "coordinates": [[[66.09973000033932, 26.637920000407746, 0.0], [66.0821200003378, 26.64388999962381, 0.0], [66.09319000001852, 26.666979999627358, 0.0], [66.09973000033932, 26.637920000407746, 0.0]]]}}, {"type": "Feature", "properties": {"Name": "Q", "SymbolID": "8"}, "geometry": {"type": "Polygon", "coordinates": [[[66.3446399998362, 26.650499999575345, 0.0], [66.31206000016891, 26.666419999883146, 0.0], [66.30348999976371, 26.678659999559386, 0.0], [66.33016000028385, 26.679989999738723, 0.0], [66.36739000034828, 26.661670000270362, 0.0], [66.3446399998362, 26.650499999575345, 0.0]]]}}, {"type": "Feature", "properties": {"Name": "Ton", "SymbolID": "39"}, "geometry": {"type": "Polygon", "coordinates": [[[66.26038000013693, 26.827719999978058, 0.0], [66.21200999986166, 26.757210000341274, 0.0], [66.22306999998057, 26.715329999879657, 0.0], [66.24940000010997, 26.728899999735233, 0.0], [66.2617300003393, 26.691530000409216, 0.0], [66.21711999988815, 26.703710000016542, 0.0], [66.21621000019144, 26.670119999638302, 0.0], [66.25558999957889, 26.629539999771225, 0.0], [66.31337000032534, 26.614160000083984, 0.0], [66.3153600003638, 26.588699999605353, 0.0], [66.34219000016844, 26.579579999917087, 0.0], [66.34576000022389, 26.5600599999691, 0.0], [66.31990999974676, 26.571389999948565, 0.0], [66.29480000011995, 26.563650000047517, 0.0], [66.26676000027385, 26.581850000277313, 0.0], [66.2656799999321, 26.59837000037527, 0.0], [66.29250999973675, 26.60416999984568, 0.0], [66.25311999988816, 26.61270000020488, 0.0], [66.20500999991162, 26.66937000012547, 0.0], [66.18908999960388, 26.67144000025587, 0.0], [66.20270000040477, 26.720660000158944, 0.0], [66.19880000041974, 26.771709999916595, 0.0], [66.1618899998237, 26.787129999649835, 0.0], [66.1614999998252, 26.80251999979822, 0.0], [66.20412000023788, 26.82515999973424, 0.0], [66.21186000013893, 26.854709999966587, 0.0], [66.26038000013693, 26.827719999978058, 0.0]]]}}, {"type": "Feature", "properties": {"Name": "Tp", "SymbolID": "15"}, "geometry": {"type": "Polygon", "coordinates": [[[66.3972299995649, 26.72831999996805, 0.0], [66.38324000012597, 26.750779999697272, 0.0], [66.38572999983967, 26.75233000012946, 0.0], [66.40294000028086, 26.736750000212396, 0.0], [66.3972299995649, 26.72831999996805, 0.0]]]}}, {"type": "Feature", "properties": {"Name": "Q", "SymbolID": "8"}, "geometry": {"type": "Polygon", "coordinates": [[[66.3901399999611, 26.762209999791708, 0.0], [66.41121999990315, 26.73640999982166, 0.0], [66.40325999974925, 26.7036699999706, 0.0], [66.34843000014445, 26.75656999960586, 0.0], [66.34724000012596, 26.793569999855663, 0.0], [66.35842999994458, 26.764589999828672, 0.0], [66.3901399999611, 26.762209999791708, 0.0]], [[66.3972299995649, 26.72831999996805, 0.0], [66.39169999995511, 26.749410000371256, 0.0], [66.38324000012597, 26.750779999697272, 0.0], [66.3972299995649, 26.72831999996805, 0.0]]]}}, {"type": "Feature", "properties": {"Name": "Kp", "SymbolID": "45"}, "geometry": {"type": "Polygon", "coordinates": [[[66.17861000015142, 26.80598000017693, 0.0], [66.14856999980572, 26.811110000226392, 0.0], [66.1863000004447, 26.85005000000757, 0.0], [66.16379999977022, 26.815970000415234, 0.0], [66.17861000015142, 26.80598000017693, 0.0]]]}}, {"type": "Feature", "properties": {"Name": "Tb", "SymbolID": "63"}, "geometry": {"type": "Polygon", "coordinates": [[[66.17972000007802, 26.809550000232377, 0.0], [66.16379999977022, 26.815970000415234, 0.0], [66.1863000004447, 26.85005000000757, 0.0], [66.21186000013893, 26.854709999966587, 0.0], [66.2081699999456, 26.82960000033978, 0.0], [66.17972000007802, 26.809550000232377, 0.0]]]}}, {"type": "Feature", "properties": {"Name": "Ton", "SymbolID": "39"}, "geometry": {"type": "Polygon", "coordinates": [[[66.27518000005699, 26.8229799999271, 0.0], [66.23086999995058, 26.85218999976871, 0.0], [66.17440000025988, 26.84621999965333, 0.0], [66.15361000020141, 26.86470000020489, 0.0], [66.17481000028135, 26.88071999972823, 0.0], [66.22454999988264, 26.86257000000552, 0.0], [66.25149999982517, 26.867080000241856, 0.0], [66.27378999980868, 26.846860000388745, 0.0], [66.27518000005699, 26.8229799999271, 0.0]]]}}, {"type": "Feature", "properties": {"Name": "Tp", "SymbolID": "15"}, "geometry": {"type": "Polygon", "coordinates": [[[66.33913000024938, 26.834699999905126, 0.0], [66.35994000033082, 26.88276999983566, 0.0], [66.36592000000803, 26.879859999639336, 0.0], [66.36483000010446, 26.851030000234402, 0.0], [66.33913000024938, 26.834699999905126, 0.0]]]}}, {"type": "Feature", "properties": {"Name": "Q", "SymbolID": "8"}, "geometry": {"type": "Polygon", "coordinates": [[[66.30900999981168, 26.859869999600846, 0.0], [66.27462000031284, 26.8864499995679, 0.0], [66.30414000006101, 26.92258000016693, 0.0], [66.27768999979372, 26.934180000007018, 0.0], [66.31440999972176, 26.95230000014493, 0.0], [66.3193099999566, 26.92363000002456, 0.0], [66.33817000004552, 26.91187999956236, 0.0], [66.34147000024035, 26.878640000036, 0.0], [66.30900999981168, 26.859869999600846, 0.0]]]}}, {"type": "Feature", "properties": {"Name": "Qt", "SymbolID": "7"}, "geometry": {"type": "Polygon", "coordinates": [[[65.4217799996473, 26.664899999935074, 0.0], [65.44184999977773, 26.68298999958887, 0.0], [65.4471499995729, 26.653050000257338, 0.0], [65.42893999978122, 26.629699999955108, 0.0], [65.4217799996473, 26.664899999935074, 0.0]]]}}, {"type": "Feature", "properties": {"Name": "Q", "SymbolID": "8"}, "geometry": {"type": "Polygon", "coordinates": [[[65.60275000031231, 26.685159999834184, 0.0], [65.60651000013644, 26.681950000192387, 0.0], [65.6070800003418, 26.679650000247364, 0.0], [65.60275000031231, 26.685159999834184, 0.0]]]}}, {"type": "Feature", "properties": {"Name": "Q", "SymbolID": "8"}, "geometry": {"type": "Polygon", "coordinates": [[[65.59721000024138, 26.684909999996535, 0.0], [65.59766000030885, 26.685660000408745, 0.0], [65.60080999988162, 26.68681999994311, 0.0], [65.59721000024138, 26.684909999996535, 0.0]]]}}, {"type": "Feature", "properties": {"Name": "Qt", "SymbolID": "7"}, "geometry": {"type": "Polygon", "coordinates": [[[65.73390000038478, 26.782540000220877, 0.0], [65.71978000034682, 26.72415000012245, 0.0], [65.73472999998955, 26.72622000025285, 0.0], [65.72181999999304, 26.693429999894647, 0.0], [65.73520999964182, 26.682679999682307, 0.0], [65.72106999958089, 26.652279999822213, 0.0], [65.73103999979622, 26.65354999993258, 0.0], [65.74031000010649, 26.625069999580887, 0.0], [65.70671000016642, 26.562839999566393, 0.0], [65.69663000027435, 26.60615999988414, 0.0], [65.71069000024335, 26.638629999874638, 0.0], [65.70780000007, 26.77915999993411, 0.0], [65.77538000038675, 26.81320999994159, 0.0], [65.73390000038478, 26.782540000220877, 0.0]]]}}, {"type": "Feature", "properties": {"Name": "Qt", "SymbolID": "7"}, "geometry": {"type": "Polygon", "coordinates": [[[65.59666000005899, 26.81704999985766, 0.0], [65.47885000002753, 26.689460000278814, 0.0], [65.47585999973927, 26.67534000024085, 0.0], [65.49496999966578, 26.674059999669282, 0.0], [65.49426000019889, 26.66526000034878, 0.0], [65.47497000006553, 26.654439999606325, 0.0], [65.46062000021288, 26.665169999795694, 0.0], [65.45705999971926, 26.70015000042224, 0.0], [65.55864000043573, 26.798800000020037, 0.0], [65.53890999979672, 26.80403000018441, 0.0], [65.56287999991213, 26.82041999968328, 0.0], [65.5725400002209, 26.808360000213895, 0.0], [65.59666000005899, 26.81704999985766, 0.0]]]}}, {"type": "Feature", "properties": {"Name": "Q", "SymbolID": "0"}, "geometry": {"type": "Polygon", "coordinates": [[[65.98792999956987, 27.198189999868646, 0.0], [65.98049999957539, 27.17513000034927, 0.0], [65.96794999999258, 27.20627000016043, 0.0], [65.94931000015646, 27.19211999963835, 0.0], [65.89913999961135, 27.10071000026636, 0.0], [65.90245000026738, 27.060200000030022, 0.0], [65.88320999974172, 27.042099999915138, 0.0], [65.88929000043322, 27.086739999951078, 0.0], [65.88045000016746, 27.089160000034042, 0.0], [65.85800000000006, 27.055290000233356, 0.0], [65.86668999964382, 27.012270000260344, 0.0], [65.71182000019292, 26.794679999782204, 0.0], [65.70328000027183, 26.748989999888636, 0.0], [65.71069000024335, 26.638629999874638, 0.0], [65.69747999990216, 26.58959000017842, 0.0], [65.70671000016642, 26.562839999566393, 0.0], [65.73298999978874, 26.56841999968327, 0.0], [65.74429999974524, 26.54932999977973, 0.0], [65.69692999971977, 26.504410000321286, 0.0], [65.71574999976275, 26.491019999773243, 0.0], [65.69019000006853, 26.457929999969565, 0.0], [65.67091000039625, 26.36727999967229, 0.0], [65.696840000066, 26.38127999957237, 0.0], [65.68270000000507, 26.356339999691272, 0.0], [65.66385999993912, 26.360100000414718, 0.0], [65.6003300002294, 26.29716000003401, 0.0], [65.59532999987965, 26.273260000448715, 0.0], [65.51238999989863, 26.257130000349264, 0.0], [65.4726300000745, 26.228520000297806, 0.0], [65.47043000024439, 26.254169999645796, 0.0], [65.57654000032079, 26.354449999767724, 0.0], [65.61722000030284, 26.402980000226876, 0.0], [65.62549999992513, 26.43724000002601, 0.0], [65.68101000031135, 26.49356999955586, 0.0], [65.68122999966482, 26.560429999944574, 0.0], [65.67178000004702, 26.55969999955539, 0.0], [65.68735000040226, 26.682619999613337, 0.0], [65.67356999985566, 26.730659999959073, 0.0], [65.61199999970029, 26.693209999641795, 0.0], [65.61693000041925, 26.674349999552874, 0.0], [65.5947999997203, 26.683630000324285, 0.0], [65.58116000023387, 26.628340000190917, 0.0], [65.56495000004253, 26.610280000121975, 0.0], [65.57742999999454, 26.606659999559383, 0.0], [65.57063000027432, 26.590789999758726, 0.0], [65.43230999960684, 26.497740000300837, 0.0], [65.35192999986964, 26.417840000215904, 0.0], [65.33628999988366, 26.38406999963081, 0.0], [65.34174000030083, 26.372429999744725, 0.0], [65.35726000014893, 26.376030000284345, 0.0], [65.33195000029235, 26.35623999957636, 0.0], [65.323520000048, 26.355889999623855, 0.0], [65.33103999969626, 26.366349999952604, 0.0], [65.30283000010445, 26.355989999738767, 0.0], [65.32276999963585, 26.402129999699753, 0.0], [65.46875999967432, 26.552739999651294, 0.0], [65.54136999992562, 26.609780000446733, 0.0], [65.54543000009448, 26.65334000014093, 0.0], [65.62018999966881, 26.769300000294834, 0.0], [65.67469000024334, 26.82802999988462, 0.0], [65.72881999994308, 26.95160999980169, 0.0], [65.79622000005304, 27.017890000423222, 0.0], [65.79819999963036, 27.027759999624323, 0.0], [65.78051000043621, 27.02498000002703, 0.0], [65.78101999967328, 27.033459999879142, 0.0], [65.81083999976624, 27.035489999963602, 0.0], [65.80673999955138, 27.046909999596835, 0.0], [65.85015999998404, 27.130539999921098, 0.0], [65.83722000040274, 27.14650000027484, 0.0], [65.84790999964684, 27.197449999917637, 0.0], [65.87246999999059, 27.18581000003155, 0.0], [65.88927000041025, 27.20853000005951, 0.0], [65.90535999956438, 27.201779999947064, 0.0], [65.92599000033829, 27.239629999824672, 0.0], [65.96950999998654, 27.277530000209367, 0.0], [65.9608400003658, 27.22573999960133, 0.0], [65.98792999956987, 27.198189999868646, 0.0]]]}}, {"type": "Feature", "properties": {"Name": "Tk", "SymbolID": "53"}, "geometry": {"type": "Polygon", "coordinates": [[[65.72502999963484, 26.513460000378757, 0.0], [65.74429999974524, 26.54932999977973, 0.0], [65.73298999978874, 26.56841999968327, 0.0], [65.714040000046, 26.558999999650325, 0.0], [65.71387999986217, 26.578349999852662, 0.0], [65.74031000010649, 26.625069999580887, 0.0], [65.73103999979622, 26.65354999993258, 0.0], [65.72106999958089, 26.652279999822213, 0.0], [65.73520999964182, 26.682679999682307, 0.0], [65.72167000027036, 26.698609999551877, 0.0], [65.7349799998272, 26.731060000418722, 0.0], [65.71978000034682, 26.72415000012245, 0.0], [65.73390000038478, 26.782540000220877, 0.0], [65.77538000038675, 26.81320999994159, 0.0], [65.71771000021641, 26.782500000174934, 0.0], [65.71182000019292, 26.794679999782204, 0.0], [65.86668999964382, 27.012270000260344, 0.0], [65.85800000000006, 27.055290000233356, 0.0], [65.88045000016746, 27.089160000034042, 0.0], [65.88929000043322, 27.086739999951078, 0.0], [65.88320999974172, 27.042099999915138, 0.0], [65.90245000026738, 27.060200000030022, 0.0], [65.89913999961135, 27.10071000026636, 0.0], [65.94931000015646, 27.19211999963835, 0.0], [65.96794999999258, 27.20627000016043, 0.0], [65.97318000015696, 27.175619999563366, 0.0], [65.98410999967678, 27.177169999995556, 0.0], [65.98792999956987, 27.198189999868646, 0.0], [65.9608400003658, 27.22573999960133, 0.0], [65.96950999998654, 27.277530000209367, 0.0], [66.01880999998156, 27.316340000290836, 0.0], [66.04064000033583, 27.30862000041276, 0.0], [66.0279499996928, 27.290019999723256, 0.0], [66.05216000008397, 27.2885700003053, 0.0], [66.0430800004417, 27.32699999995009, 0.0], [66.05409000005352, 27.326569999905644, 0.0], [66.04116999959587, 27.343970000115462, 0.0], [66.07104999975775, 27.377980000077002, 0.0], [66.06515999973425, 27.407109999826673, 0.0], [66.07613000019938, 27.40800000039974, 0.0], [66.0801900003683, 27.393029999834653, 0.0], [66.11176000022391, 27.391719999678287, 0.0], [66.1308399996663, 27.419609999801708, 0.0], [66.12943999985617, 27.360020000122972, 0.0], [66.11045999962931, 27.35700999981168, 0.0], [66.12590999984667, 27.326560000343818, 0.0], [66.12537000012549, 27.16179999987014, 0.0], [66.09335999976423, 27.064300000244884, 0.0], [66.08596000025386, 26.89247000019043, 0.0], [66.06548000010196, 26.87332000021786, 0.0], [66.08274999971275, 26.83806999973075, 0.0], [66.08803000038426, 26.688279999822157, 0.0], [66.04348999956386, 26.558979999627354, 0.0], [65.97550000012495, 26.470289999783688, 0.0], [65.87639999956036, 26.43120000027983, 0.0], [65.86846999989064, 26.454870000050505, 0.0], [65.88334999990263, 26.47268999984368, 0.0], [65.88326000024887, 26.51268000038175, 0.0], [65.87051999999807, 26.57186000003901, 0.0], [65.85962999962481, 26.576459999929114, 0.0], [65.81153999967131, 26.483270000310313, 0.0], [65.79696000000405, 26.48294000038078, 0.0], [65.79386000003905, 26.497390000348275, 0.0], [65.78054999958289, 26.4787699996358, 0.0], [65.76951000038628, 26.433939999831182, 0.0], [65.73684999972778, 26.407609999701776, 0.0], [65.74963999958635, 26.40341000027132, 0.0], [65.71114000031082, 26.35309999956536, 0.0], [65.72561000030134, 26.357239999826163, 0.0], [65.75613000029932, 26.40458999982866, 0.0], [65.77148999996359, 26.4042500003373, 0.0], [65.7745600003438, 26.376659999659296, 0.0], [65.65220999959189, 26.234250000137422, 0.0], [65.67795999995411, 26.27585000027733, 0.0], [65.67256999960586, 26.289859999739235, 0.0], [65.69955000003256, 26.319409999971583, 0.0], [65.68270000000507, 26.356339999691272, 0.0], [65.75435000005251, 26.464169999945568, 0.0], [65.74985000027732, 26.4741800002069, 0.0], [65.73142999979473, 26.454789999958564, 0.0], [65.73904999955789, 26.48342000003305, 0.0], [65.72766000040878, 26.488289999783717, 0.0], [65.73805000020741, 26.51478999965883, 0.0], [65.72502999963484, 26.513460000378757, 0.0]], [[65.93946000007901, 26.504889999973557, 0.0], [65.92833000032931, 26.579310000056523, 0.0], [65.88439999976026, 26.591000000449696, 0.0], [65.89371000011647, 26.558959999604326, 0.0], [65.91427000036026, 26.552460000228905, 0.0], [65.92316999979573, 26.50901000021139, 0.0], [65.93946000007901, 26.504889999973557, 0.0]]]}}, {"type": "Feature", "properties": {"Name": "Tk", "SymbolID": "53"}, "geometry": {"type": "Polygon", "coordinates": [[[65.38318000025686, 26.811919999808197, 0.0], [65.38895000014247, 26.840259999999034, 0.0], [65.4349499999426, 26.87558000011694, 0.0], [65.43431000010645, 26.86575000006252, 0.0], [65.38318000025686, 26.811919999808197, 0.0]]]}}, {"type": "Feature", "properties": {"Name": "Q", "SymbolID": "8"}, "geometry": {"type": "Polygon", "coordinates": [[[65.59413999986117, 26.85218999976871, 0.0], [65.59116999959588, 26.865320000018016, 0.0], [65.61418999996857, 26.883360000063988, 0.0], [65.61250999983667, 26.86550000022487, 0.0], [65.59413999986117, 26.85218999976871, 0.0]]]}}, {"type": "Feature", "properties": {"Name": "Tk", "SymbolID": "53"}, "geometry": {"type": "Polygon", "coordinates": [[[65.50520999974174, 26.92063999973624, 0.0], [65.5165900002284, 26.897489999663776, 0.0], [65.4913299999796, 26.869469999840646, 0.0], [65.4852199997033, 26.888459999629333, 0.0], [65.50520999974174, 26.92063999973624, 0.0]]]}}, {"type": "Feature", "properties": {"Name": "Q", "SymbolID": "8"}, "geometry": {"type": "Polygon", "coordinates": [[[65.4958899998237, 26.866619999713294, 0.0], [65.47568000043174, 26.863659999909146, 0.0], [65.46316999999556, 26.87537000032529, 0.0], [65.5075600001939, 26.939840000215895, 0.0], [65.54159999974024, 26.958489999613846, 0.0], [65.55446999969081, 26.9469299998197, 0.0], [65.54537000002551, 26.919640000385755, 0.0], [65.5311099998267, 26.9163200001679, 0.0], [65.53313000034927, 26.89854999998255, 0.0], [65.4958899998237, 26.866619999713294, 0.0]], [[65.50916999979569, 26.923369999725765, 0.0], [65.4852199997033, 26.888459999629333, 0.0], [65.4913299999796, 26.869469999840646, 0.0], [65.5165900002284, 26.897489999663776, 0.0], [65.52012000023785, 26.914399999760235, 0.0], [65.50916999979569, 26.923369999725765, 0.0]], [[65.52525000028731, 26.939279999572364, 0.0], [65.53570000015492, 26.93459000002855, 0.0], [65.53465000029735, 26.944790000058504, 0.0], [65.52525000028731, 26.939279999572364, 0.0]]]}}, {"type": "Feature", "properties": {"Name": "Tk", "SymbolID": "53"}, "geometry": {"type": "Polygon", "coordinates": [[[65.52710000016492, 26.927119999988065, 0.0], [65.52525000028731, 26.939279999572364, 0.0], [65.53465000029735, 26.944790000058504, 0.0], [65.53570000015492, 26.93459000002855, 0.0], [65.52710000016492, 26.927119999988065, 0.0]]]}}, {"type": "Feature", "properties": {"Name": "Q", "SymbolID": "8"}, "geometry": {"type": "Polygon", "coordinates": [[[65.5633599995644, 26.933290000333272, 0.0], [65.56647999955237, 26.96371999977822, 0.0], [65.57890999989661, 26.96701000041122, 0.0], [65.57414999982268, 26.941139999911115, 0.0], [65.5633599995644, 26.933290000333272, 0.0]]]}}, {"type": "Feature", "properties": {"Name": "Qpkc", "SymbolID": "0"}, "geometry": {"type": "Polygon", "coordinates": [[[65.4430900003033, 26.98194999959287, 0.0], [65.47057000040525, 27.05320999964181, 0.0], [65.4877599999241, 27.041460000078985, 0.0], [65.5385700003053, 27.063489999763704, 0.0], [65.49687000005054, 26.98495000034228, 0.0], [65.49709999986516, 26.95911000032629, 0.0], [65.46144999981772, 26.923770000185414, 0.0], [65.45555999979422, 26.93171999987817, 0.0], [65.48000000000008, 26.963750000262337, 0.0], [65.47704999975775, 26.985969999715792, 0.0], [65.4430900003033, 26.98194999959287, 0.0]]]}}, {"type": "Feature", "properties": {"Name": "Tb", "SymbolID": "63"}, "geometry": {"type": "Polygon", "coordinates": [[[65.78101000011145, 27.060070000330313, 0.0], [65.76621999975322, 27.066130000099463, 0.0], [65.76637000037528, 27.072249999937583, 0.0], [65.78173999960137, 27.06882000004299, 0.0], [65.78101000011145, 27.060070000330313, 0.0]]]}}, {"type": "Feature", "properties": {"Name": "Qpkc", "SymbolID": "0"}, "geometry": {"type": "Polygon", "coordinates": [[[65.54619000006852, 27.036319999568377, 0.0], [65.53814000026085, 27.04066999962083, 0.0], [65.55267999988212, 27.08308999980369, 0.0], [65.58705999981919, 27.106729999989568, 0.0], [65.54619000006852, 27.036319999568377, 0.0]]]}}, {"type": "Feature", "properties": {"Name": "Tk", "SymbolID": "53"}, "geometry": {"type": "Polygon", "coordinates": [[[65.6719400002309, 27.069660000108968, 0.0], [65.66837999973723, 27.094399999760242, 0.0], [65.6858499995779, 27.097340000440738, 0.0], [65.68828999968378, 27.09131999981821, 0.0], [65.6719400002309, 27.069660000108968, 0.0]]]}}, {"type": "Feature", "properties": {"Name": "Ten", "SymbolID": "54"}, "geometry": {"type": "Polygon", "coordinates": [[[65.60082999990465, 27.09254000032081, 0.0], [65.59973000043925, 27.08058999962884, 0.0], [65.59329999979519, 27.087519999948086, 0.0], [65.60082999990465, 27.09254000032081, 0.0]]]}}, {"type": "Feature", "properties": {"Name": "Tk", "SymbolID": "53"}, "geometry": {"type": "Polygon", "coordinates": [[[65.61028000042171, 27.08743000029432, 0.0], [65.60039000029832, 27.09630999970676, 0.0], [65.61570000035476, 27.095669999870665, 0.0], [65.61028000042171, 27.08743000029432, 0.0]]]}}, {"type": "Feature", "properties": {"Name": "Tb", "SymbolID": "63"}, "geometry": {"type": "Polygon", "coordinates": [[[65.80438000043671, 27.078280000121936, 0.0], [65.79443000024435, 27.09501000001154, 0.0], [65.83088999987365, 27.114110000376286, 0.0], [65.80438000043671, 27.078280000121936, 0.0]]]}}, {"type": "Feature", "properties": {"Name": "Qpkc", "SymbolID": "0"}, "geometry": {"type": "Polygon", "coordinates": [[[64.55278000019689, 26.88849000011345, 0.0], [64.60873000018944, 26.927770000285363, 0.0], [64.68500000014996, 26.94620000032978, 0.0], [64.59153999977121, 26.896339999691293, 0.0], [64.55278000019689, 26.88849000011345, 0.0]]]}}, {"type": "Feature", "properties": {"Name": "Qt", "SymbolID": "7"}, "geometry": {"type": "Polygon", "coordinates": [[[64.42571000031631, 27.001700000254857, 0.0], [64.42487999981222, 27.012119999638344, 0.0], [64.46069999960537, 26.980469999690797, 0.0], [64.41430000024485, 26.9957399997013, 0.0], [64.37179000040823, 27.0275299998097, 0.0], [64.42571000031631, 27.001700000254857, 0.0]]]}}, {"type": "Feature", "properties": {"Name": "Qt", "SymbolID": "7"}, "geometry": {"type": "Polygon", "coordinates": [[[64.42497999992713, 27.04008999985365, 0.0], [64.48673000028936, 27.026800000319838, 0.0], [64.54734999980269, 26.999269999710748, 0.0], [64.4545500001824, 27.019410000371295, 0.0], [64.42497999992713, 27.04008999985365, 0.0]]]}}, {"type": "Feature", "properties": {"Name": "Qt", "SymbolID": "7"}, "geometry": {"type": "Polygon", "coordinates": [[[64.49833999969127, 27.03202000002301, 0.0], [64.46590000018489, 27.04140000001007, 0.0], [64.45198000037675, 27.056250000437217, 0.0], [64.48987999986218, 27.04591000024635, 0.0], [64.49833999969127, 27.03202000002301, 0.0]]]}}, {"type": "Feature", "properties": {"Name": "Qt", "SymbolID": "7"}, "geometry": {"type": "Polygon", "coordinates": [[[65.07888000041174, 26.836939999781237, 0.0], [65.22802000002304, 26.98828000012196, 0.0], [65.30884999982766, 27.105250000087494, 0.0], [65.36549000016345, 27.2046399996363, 0.0], [65.3605899999286, 27.228529999659827, 0.0], [65.33267999978221, 27.234869999750742, 0.0], [65.3671199997882, 27.235150000072508, 0.0], [65.37563999968631, 27.248300000344784, 0.0], [65.38640999992163, 27.23504000039577, 0.0], [65.42105999971926, 27.250099999715246, 0.0], [65.43201000016143, 27.230670000320288, 0.0], [65.41341999993313, 27.213390000248353, 0.0], [65.394740000051, 27.215980000076968, 0.0], [65.39940000001008, 27.19948000000204, 0.0], [65.36760000033979, 27.16109000040325, 0.0], [65.36034000009101, 27.130120000337797, 0.0], [65.31389999978524, 27.07288000021191, 0.0], [65.3259499996928, 27.062109999976542, 0.0], [65.31385999973924, 27.011310000056483, 0.0], [65.22820999979172, 26.961869999900614, 0.0], [65.15240000035976, 26.88054000042075, 0.0], [65.07888000041174, 26.836939999781237, 0.0]]]}}, {"type": "Feature", "properties": {"Name": "Qt", "SymbolID": "7"}, "geometry": {"type": "Polygon", "coordinates": [[[64.55319000021836, 27.034879999712246, 0.0], [64.498680000082, 27.054769999635823, 0.0], [64.4980699998307, 27.059600000239868, 0.0], [64.51953999977121, 27.06438999989865, 0.0], [64.55319000021836, 27.034879999712246, 0.0]]]}}, {"type": "Feature", "properties": {"Name": "Qt", "SymbolID": "7"}, "geometry": {"type": "Polygon", "coordinates": [[[64.60758999977872, 27.04963999958636, 0.0], [64.54822999991461, 27.0656699995709, 0.0], [64.54088000001207, 27.082969999665806, 0.0], [64.60758999977872, 27.04963999958636, 0.0]]]}}, {"type": "Feature", "properties": {"Name": "Qpkc", "SymbolID": "0"}, "geometry": {"type": "Polygon", "coordinates": [[[64.70776000022391, 27.19301999977324, 0.0], [64.67658999992864, 27.164770000135434, 0.0], [64.65179999977022, 27.163609999701748, 0.0], [64.65639999966032, 27.14621000039125, 0.0], [64.63685000012748, 27.14443000014444, 0.0], [64.6310600002189, 27.1255399995714, 0.0], [64.58498999988865, 27.11163000022441, 0.0], [64.58402999968479, 27.09172000027786, 0.0], [64.64584000011598, 27.074699999605343, 0.0], [64.71379999997009, 27.074070000230392, 0.0], [64.78391000004655, 27.10892999981968, 0.0], [64.78846000032883, 27.13870999986665, 0.0], [64.91643000034429, 27.166669999620865, 0.0], [64.87647000029034, 27.127279999772213, 0.0], [64.63972000027786, 27.025519999748212, 0.0], [64.58751000008647, 26.9915299998097, 0.0], [64.48811999963834, 26.963819999893133, 0.0], [64.42046000012897, 26.95889999963532, 0.0], [64.36911999958835, 26.936109999976566, 0.0], [64.32925999964931, 26.964080000191927, 0.0], [64.18439999956041, 26.954529999559895, 0.0], [64.13837999973725, 26.940009999961603, 0.0], [64.05262999967482, 26.95501999967331, 0.0], [64.15696000040373, 26.996459999629337, 0.0], [64.35519000021839, 27.042110000376283, 0.0], [64.40923999982618, 27.071949999592846, 0.0], [64.48123999982619, 27.08778000024688, 0.0], [64.60331999981821, 27.14416000028382, 0.0], [64.67628000002202, 27.195550000432206, 0.0], [64.70776000022391, 27.19301999977324, 0.0]], [[64.60776000042375, 27.0455499998327, 0.0], [64.56659000032829, 27.064759999874127, 0.0], [64.54088000001207, 27.082969999665806, 0.0], [64.54822999991461, 27.0656699995709, 0.0], [64.60776000042375, 27.0455499998327, 0.0]], [[64.55319000021836, 27.034879999712246, 0.0], [64.51953999977121, 27.06438999989865, 0.0], [64.4980699998307, 27.059600000239868, 0.0], [64.55319000021836, 27.034879999712246, 0.0]], [[64.49833999969127, 27.03202000002301, 0.0], [64.48987999986218, 27.04591000024635, 0.0], [64.45198000037675, 27.056250000437217, 0.0], [64.49833999969127, 27.03202000002301, 0.0]], [[64.54734999980269, 26.999269999710748, 0.0], [64.42497999992713, 27.04008999985365, 0.0], [64.4545500001824, 27.019410000371295, 0.0], [64.54734999980269, 26.999269999710748, 0.0]], [[64.42571000031631, 27.001700000254857, 0.0], [64.37179000040823, 27.0275299998097, 0.0], [64.41430000024485, 26.9957399997013, 0.0], [64.46069999960537, 26.980469999690797, 0.0], [64.42487999981222, 27.012119999638344, 0.0], [64.42571000031631, 27.001700000254857, 0.0]], [[64.40981000003154, 26.983290000233353, 0.0], [64.34548999986367, 27.00913999981117, 0.0], [64.37257000040523, 26.967900000084967, 0.0], [64.40757000015543, 26.95638000033682, 0.0], [64.40981000003154, 26.983290000233353, 0.0]]]}}, {"type": "Feature", "properties": {"Name": "Qpkc", "SymbolID": "0"}, "geometry": {"type": "Polygon", "coordinates": [[[64.6802899996838, 27.147630000224353, 0.0], [64.67769999985518, 27.138970000165443, 0.0], [64.66885999958936, 27.14131000015641, 0.0], [64.6802899996838, 27.147630000224353, 0.0]]]}}, {"type": "Feature", "properties": {"Name": "Qpkc", "SymbolID": "0"}, "geometry": {"type": "Polygon", "coordinates": [[[64.76022000025284, 27.161630000124433, 0.0], [64.74994999969277, 27.15758999997854, 0.0], [64.7252500000875, 27.160199999830184, 0.0], [64.73549000016345, 27.164990000388286, 0.0], [64.76022000025284, 27.161630000124433, 0.0]]]}}, {"type": "Feature", "properties": {"Name": "Tb", "SymbolID": "63"}, "geometry": {"type": "Polygon", "coordinates": [[[65.85015999998404, 27.134150000022544, 0.0], [65.82347000034031, 27.125340000240897, 0.0], [65.80322000000308, 27.129380000386732, 0.0], [65.83979999977021, 27.144780000097, 0.0], [65.85015999998404, 27.134150000022544, 0.0]]]}}, {"type": "Feature", "properties": {"Name": "Qt", "SymbolID": "7"}, "geometry": {"type": "Polygon", "coordinates": [[[65.77926999991064, 27.30392999996957, 0.0], [65.76354000027084, 27.2725099998367, 0.0], [65.76590999984666, 27.23116999999553, 0.0], [65.72783999971625, 27.210410000421234, 0.0], [65.75515999963432, 27.205000000050006, 0.0], [65.75240999962182, 27.192569999705768, 0.0], [65.67980999983166, 27.065279999572397, 0.0], [65.64009000005353, 27.037279999772238, 0.0], [65.58873000038926, 27.041979999777197, 0.0], [65.59064999989761, 27.00275999967431, 0.0], [65.55267000032029, 26.98187000040025, 0.0], [65.55191999990814, 26.97030000014496, 0.0], [65.52720000027983, 26.983870000000536, 0.0], [65.59387999956238, 27.103589999978567, 0.0], [65.66453999982122, 27.183590000178413, 0.0], [65.7096099999016, 27.260860000388732, 0.0], [65.7417299999396, 27.289640000185898, 0.0], [65.77926999991064, 27.30392999996957, 0.0]], [[65.64862000041273, 27.149660000308813, 0.0], [65.64505999991911, 27.135890000223355, 0.0], [65.6631300004492, 27.137840000215874, 0.0], [65.66231999996808, 27.145930000069484, 0.0], [65.64862000041273, 27.149660000308813, 0.0]], [[65.61570000035476, 27.095669999870665, 0.0], [65.60706999988065, 27.10001999992312, 0.0], [65.59341999993313, 27.083470000240368, 0.0], [65.59973000043925, 27.08058999962884, 0.0], [65.61570000035476, 27.095669999870665, 0.0]], [[65.66511000002652, 27.071010000311333, 0.0], [65.68828999968378, 27.09131999981821, 0.0], [65.68070999996655, 27.09874000025087, 0.0], [65.66837999973723, 27.094399999760242, 0.0], [65.66511000002652, 27.071010000311333, 0.0]]]}}, {"type": "Feature", "properties": {"Name": "Tk", "SymbolID": "53"}, "geometry": {"type": "Polygon", "coordinates": [[[65.64505999991911, 27.135890000223355, 0.0], [65.6618800003618, 27.142870000150424, 0.0], [65.66357000005553, 27.14240999962186, 0.0], [65.64505999991911, 27.135890000223355, 0.0]]]}}, {"type": "Feature", "properties": {"Name": "Ten", "SymbolID": "54"}, "geometry": {"type": "Polygon", "coordinates": [[[65.66231999996808, 27.145930000069484, 0.0], [65.64540999987167, 27.140049999607868, 0.0], [65.64249000011347, 27.146469999790725, 0.0], [65.66231999996808, 27.145930000069484, 0.0]]]}}, {"type": "Feature", "properties": {"Name": "Qpkc", "SymbolID": "0"}, "geometry": {"type": "Polygon", "coordinates": [[[65.5764499997677, 27.12044999956788, 0.0], [65.6234499998177, 27.176829999604877, 0.0], [65.65316000023387, 27.187169999795685, 0.0], [65.60760999960183, 27.138440000006028, 0.0], [65.5764499997677, 27.12044999956788, 0.0]]]}}, {"type": "Feature", "properties": {"Name": "Ten", "SymbolID": "54"}, "geometry": {"type": "Polygon", "coordinates": [[[66.06189999958536, 27.431460000378763, 0.0], [66.00041999998308, 27.374940000180914, 0.0], [66.00690999979673, 27.359500000424703, 0.0], [66.02309000040327, 27.37847000019042, 0.0], [66.03065999965929, 27.35062000011294, 0.0], [66.01361000030136, 27.35025999969929, 0.0], [66.01663999973624, 27.336099999615328, 0.0], [65.99574999956286, 27.322779999597344, 0.0], [66.03126000034877, 27.34450000027482, 0.0], [66.02640999972175, 27.324789999658833, 0.0], [65.92599000033829, 27.239629999824672, 0.0], [65.90535999956438, 27.201779999947064, 0.0], [65.88927000041025, 27.20853000005951, 0.0], [65.87246999999059, 27.18581000003155, 0.0], [65.84790999964684, 27.197449999917637, 0.0], [65.83792999986963, 27.144610000351292, 0.0], [65.80322000000308, 27.129380000386732, 0.0], [65.85015999998404, 27.130539999921098, 0.0], [65.80673999955138, 27.046909999596835, 0.0], [65.81083999976624, 27.035489999963602, 0.0], [65.7843599999141, 27.03555999959434, 0.0], [65.78051000043621, 27.02498000002703, 0.0], [65.79819999963036, 27.027759999624323, 0.0], [65.79219999993012, 27.012709999866672, 0.0], [65.70127999977223, 26.97407000043023, 0.0], [65.70845000036729, 27.00593000016943, 0.0], [65.82575999982419, 27.18238000013696, 0.0], [65.84812000033781, 27.246230000214382, 0.0], [65.89180000016995, 27.28098000012693, 0.0], [65.95099999985018, 27.2927800001969, 0.0], [65.9539100000465, 27.33857000020538, 0.0], [65.98668999994362, 27.37769000019341, 0.0], [65.97993000026935, 27.40261000005154, 0.0], [66.03303000013443, 27.432550000282333, 0.0], [66.06189999958536, 27.431460000378763, 0.0]], [[65.91399999960038, 27.260239999676287, 0.0], [65.93077000043525, 27.272710000066525, 0.0], [65.90181999999305, 27.26251999959834, 0.0], [65.91399999960038, 27.260239999676287, 0.0]], [[65.80438000043671, 27.078280000121936, 0.0], [65.80707000038029, 27.087609999601852, 0.0], [65.83088999987365, 27.114110000376286, 0.0], [65.79443000024435, 27.09501000001154, 0.0], [65.80438000043671, 27.078280000121936, 0.0]], [[65.78101000011145, 27.060070000330313, 0.0], [65.77348000000205, 27.07356999965583, 0.0], [65.76543000019439, 27.07077000003551, 0.0], [65.78101000011145, 27.060070000330313, 0.0]]]}}, {"type": "Feature", "properties": {"Name": "Q", "SymbolID": "0"}, "geometry": {"type": "Polygon", "coordinates": [[[65.89145999977922, 27.71704000029581, 0.0], [65.86368999979373, 27.713880000261838, 0.0], [65.84197000001552, 27.675449999717785, 0.0], [65.84587000000056, 27.619309999956556, 0.0], [65.78505999981917, 27.474790000258338, 0.0], [65.78556999995561, 27.43077999959735, 0.0], [65.76693000011949, 27.393089999903623, 0.0], [65.7479400003308, 27.292599999990045, 0.0], [65.7096099999016, 27.260860000388732, 0.0], [65.66453999982122, 27.183590000178413, 0.0], [65.59932999997955, 27.111180000156935, 0.0], [65.514520000098, 26.952870000350288, 0.0], [65.46877999969729, 26.920059999969055, 0.0], [65.44769999975523, 26.864419999883125, 0.0], [65.40434000029086, 26.820869999750755, 0.0], [65.40699000018839, 26.78318000005703, 0.0], [65.45093999988114, 26.801409999871623, 0.0], [65.31451999959836, 26.68646999999055, 0.0], [65.36352999970978, 26.741430000194384, 0.0], [65.37228999988366, 26.767500000025052, 0.0], [65.32625999959936, 26.759969999915597, 0.0], [65.32306999998059, 26.769819999993047, 0.0], [65.34808999995357, 26.79054000042072, 0.0], [65.42493000011945, 26.9556800004317, 0.0], [65.4430900003033, 26.98194999959287, 0.0], [65.47704999975775, 26.985969999715792, 0.0], [65.47792999986967, 26.95761999996307, 0.0], [65.45555999979422, 26.93171999987817, 0.0], [65.47094000038078, 26.928060000168898, 0.0], [65.53958000011698, 27.04882000044273, 0.0], [65.53118000035681, 27.064320000267855, 0.0], [65.4877599999241, 27.041460000078985, 0.0], [65.47435999981417, 27.05379000030831, 0.0], [65.51197000031533, 27.122889999673816, 0.0], [65.60304999975773, 27.24042999984465, 0.0], [65.62660000028984, 27.234040000145967, 0.0], [65.6636199996633, 27.24709000030333, 0.0], [65.69177000008551, 27.272589999928584, 0.0], [65.69632999992962, 27.338470000090467, 0.0], [65.7144300000445, 27.353639999986058, 0.0], [65.73834999965283, 27.430950000242376, 0.0], [65.76028000012195, 27.456180000007066, 0.0], [65.7418599996393, 27.477620000362776, 0.0], [65.7691000003648, 27.500000000000057, 0.0], [65.76500000014994, 27.54683000030434, 0.0], [65.74371999997805, 27.545600000239858, 0.0], [65.74677000033529, 27.571739999701265, 0.0], [65.78033000022936, 27.62472999988961, 0.0], [65.77807999989216, 27.57704999995758, 0.0], [65.830680000082, 27.626399999560363, 0.0], [65.82791000004653, 27.66333000017943, 0.0], [65.85826000029886, 27.733380000186912, 0.0], [65.89163000042424, 27.736030000084497, 0.0], [65.89145999977922, 27.71704000029581, 0.0]], [[65.5764499997677, 27.12044999956788, 0.0], [65.60760999960183, 27.138440000006028, 0.0], [65.65316000023387, 27.187169999795685, 0.0], [65.6234499998177, 27.176829999604877, 0.0], [65.5764499997677, 27.12044999956788, 0.0]], [[65.55977000038524, 27.091879999562366, 0.0], [65.54165000024739, 27.03670999956688, 0.0], [65.55727999977222, 27.043679999932124, 0.0], [65.58705999981919, 27.106729999989568, 0.0], [65.55977000038524, 27.091879999562366, 0.0]], [[65.38318000025686, 26.811919999808197, 0.0], [65.43431000010645, 26.86575000006252, 0.0], [65.4349499999426, 26.87558000011694, 0.0], [65.38895000014247, 26.840259999999034, 0.0], [65.38318000025686, 26.811919999808197, 0.0]], [[65.39043000004455, 26.778390000398247, 0.0], [65.36918000035678, 26.743690000093466, 0.0], [65.39582000039275, 26.77339999961032, 0.0], [65.39043000004455, 26.778390000398247, 0.0]]]}}, {"type": "Feature", "properties": {"Name": "Ten", "SymbolID": "54"}, "geometry": {"type": "Polygon", "coordinates": [[[65.75818000040675, 27.227129999849637, 0.0], [65.75515999963432, 27.205000000050006, 0.0], [65.73027999982219, 27.204710000166415, 0.0], [65.7321899997687, 27.216949999842655, 0.0], [65.75818000040675, 27.227129999849637, 0.0]]]}}, {"type": "Feature", "properties": {"Name": "Tb", "SymbolID": "63"}, "geometry": {"type": "Polygon", "coordinates": [[[65.93053999972125, 27.268250000337275, 0.0], [65.90173999990111, 27.265380000186894, 0.0], [65.93077000043525, 27.272710000066525, 0.0], [65.93053999972125, 27.268250000337275, 0.0]]]}}, {"type": "Feature", "properties": {"Name": "Qpkc", "SymbolID": "0"}, "geometry": {"type": "Polygon", "coordinates": [[[65.69156000029386, 27.27968000043171, 0.0], [65.68791000014647, 27.26895000024234, 0.0], [65.64772999983967, 27.266470000090465, 0.0], [65.66587999956238, 27.28514999997259, 0.0], [65.69156000029386, 27.27968000043171, 0.0]]]}}, {"type": "Feature", "properties": {"Name": "Qpkc", "SymbolID": "0"}, "geometry": {"type": "Polygon", "coordinates": [[[64.79041000032129, 27.168139999961056, 0.0], [64.78017999980722, 27.174170000145466, 0.0], [64.79269999980522, 27.173800000169933, 0.0], [64.79041000032129, 27.168139999961056, 0.0]]]}}, {"type": "Feature", "properties": {"Name": "Qt", "SymbolID": "7"}, "geometry": {"type": "Polygon", "coordinates": [[[65.09329999989512, 27.300239999776238, 0.0], [65.08065000019741, 27.299889999823677, 0.0], [65.04032000016792, 27.243380000086972, 0.0], [64.9622000003298, 27.18382999955486, 0.0], [64.84404000034579, 27.143870000400227, 0.0], [64.78846000032883, 27.13870999986665, 0.0], [64.78391000004655, 27.10892999981968, 0.0], [64.71379999997009, 27.074070000230392, 0.0], [64.62525999984916, 27.077569999755724, 0.0], [64.57757999991713, 27.100479999552363, 0.0], [64.6310600002189, 27.1255399995714, 0.0], [64.63685000012748, 27.14443000014444, 0.0], [64.65639999966032, 27.14621000039125, 0.0], [64.65179999977022, 27.163609999701748, 0.0], [64.67658999992864, 27.164770000135434, 0.0], [64.71049999977521, 27.197659999709288, 0.0], [64.80804000034578, 27.22802000042276, 0.0], [64.83035000035227, 27.249359999764238, 0.0], [64.87666000005902, 27.2593099999566, 0.0], [64.8998199996933, 27.234650000397266, 0.0], [64.90909000000357, 27.24348999976371, 0.0], [64.9280799997922, 27.23703000043423, 0.0], [64.90426999986067, 27.256219999553366, 0.0], [64.9121299998996, 27.26776000022386, 0.0], [64.96686000028882, 27.274800000219898, 0.0], [64.9892100003413, 27.25986000013893, 0.0], [64.98420999999155, 27.277650000347307, 0.0], [65.05479999972027, 27.290580000366788, 0.0], [65.09980999973175, 27.326159999884112, 0.0], [65.09329999989512, 27.300239999776238, 0.0]], [[65.05214000026086, 27.274430000244365, 0.0], [65.05181999989315, 27.283369999725778, 0.0], [65.04293999958139, 27.274909999896636, 0.0], [65.05214000026086, 27.274430000244365, 0.0]], [[65.01323000006448, 27.265119999888157, 0.0], [65.02811000007648, 27.269269999710787, 0.0], [65.01308999990363, 27.269220000102962, 0.0], [65.01323000006448, 27.265119999888157, 0.0]], [[64.88421000019139, 27.221079999642313, 0.0], [64.881380000087, 27.229959999954076, 0.0], [64.86999000003851, 27.221790000008525, 0.0], [64.88421000019139, 27.221079999642313, 0.0]], [[64.9085700003053, 27.216590000328324, 0.0], [64.89995999985416, 27.22378999960887, 0.0], [64.89554000017091, 27.21920000017991, 0.0], [64.9085700003053, 27.216590000328324, 0.0]], [[64.84872999988966, 27.210350000352264, 0.0], [64.86643000044421, 27.216840000165917, 0.0], [64.84488999997359, 27.21247000009049, 0.0], [64.84872999988966, 27.210350000352264, 0.0]], [[64.78458000036676, 27.16795999975426, 0.0], [64.78684000026584, 27.17437000037529, 0.0], [64.77863999983617, 27.17076999983567, 0.0], [64.78458000036676, 27.16795999975426, 0.0]], [[64.72742999989464, 27.15765000004751, 0.0], [64.76135999976424, 27.16464999999755, 0.0], [64.7252500000875, 27.160199999830184, 0.0], [64.72742999989464, 27.15765000004751, 0.0]], [[64.66979000020842, 27.13872999988962, 0.0], [64.68865000029734, 27.147140000110994, 0.0], [64.66885999958936, 27.14131000015641, 0.0], [64.66979000020842, 27.13872999988962, 0.0]]]}}, {"type": "Feature", "properties": {"Name": "Qpkc", "SymbolID": "0"}, "geometry": {"type": "Polygon", "coordinates": [[[64.86658999972877, 27.21236999997558, 0.0], [64.85094999974274, 27.217870000000573, 0.0], [64.86643000044421, 27.216840000165917, 0.0], [64.86658999972877, 27.21236999997558, 0.0]]]}}, {"type": "Feature", "properties": {"Name": "Qpkc", "SymbolID": "0"}, "geometry": {"type": "Polygon", "coordinates": [[[64.91009000025338, 27.22072999968981, 0.0], [64.89554000017091, 27.21920000017991, 0.0], [64.89581999959336, 27.22293000041924, 0.0], [64.91009000025338, 27.22072999968981, 0.0]]]}}, {"type": "Feature", "properties": {"Name": "Qpkc", "SymbolID": "0"}, "geometry": {"type": "Polygon", "coordinates": [[[64.88698000022686, 27.225279999972088, 0.0], [64.86999000003851, 27.221790000008525, 0.0], [64.881380000087, 27.229959999954076, 0.0], [64.88698000022686, 27.225279999972088, 0.0]]]}}, {"type": "Feature", "properties": {"Name": "Qpkc", "SymbolID": "0"}, "geometry": {"type": "Polygon", "coordinates": [[[65.02811000007648, 27.269269999710787, 0.0], [65.01323000006448, 27.265119999888157, 0.0], [65.01308999990363, 27.269220000102962, 0.0], [65.02811000007648, 27.269269999710787, 0.0]]]}}, {"type": "Feature", "properties": {"Name": "Qpkc", "SymbolID": "0"}, "geometry": {"type": "Polygon", "coordinates": [[[65.05214000026086, 27.274430000244365, 0.0], [65.04407999999205, 27.277929999769697, 0.0], [65.05682999980468, 27.283509999886633, 0.0], [65.05214000026086, 27.274430000244365, 0.0]]]}}, {"type": "Feature", "properties": {"Name": "Qt", "SymbolID": "7"}, "geometry": {"type": "Polygon", "coordinates": [[[64.75343000009451, 27.29229999964531, 0.0], [64.95268999974377, 27.3769399997812, 0.0], [65.01581999989315, 27.45794999979273, 0.0], [65.02394000023088, 27.446280000321792, 0.0], [65.04488999957385, 27.47754999983266, 0.0], [65.06870999996659, 27.4713499999026, 0.0], [65.10033000032928, 27.491460000078973, 0.0], [65.11326999991064, 27.526909999896645, 0.0], [65.12543999995609, 27.522069999730775, 0.0], [65.16035999961434, 27.55439999956036, 0.0], [65.16763999988615, 27.52549999962531, 0.0], [65.15168000043172, 27.50305000035729, 0.0], [65.02780000016992, 27.41116000043371, 0.0], [64.9965200001979, 27.404299999745263, 0.0], [64.98474999971279, 27.371519999848147, 0.0], [64.96871000016642, 27.36792999976973, 0.0], [64.96426999956088, 27.382230000014545, 0.0], [64.92928999983366, 27.34768000033182, 0.0], [64.8950900001035, 27.33966000010895, 0.0], [64.8874900003633, 27.320730000389233, 0.0], [64.87044999966781, 27.333090000203413, 0.0], [64.860220000053, 27.326150000322286, 0.0], [64.88433000032933, 27.311669999870674, 0.0], [64.86999000003851, 27.27462999957487, 0.0], [64.77301000011147, 27.23158000001706, 0.0], [64.78914999977275, 27.289359999864132, 0.0], [64.76931999991814, 27.246199999730266, 0.0], [64.73077999969729, 27.215790000308345, 0.0], [64.65197999997707, 27.190349999852685, 0.0], [64.59561000040128, 27.15301999967329, 0.0], [64.52536999972574, 27.147750000362294, 0.0], [64.55190000008497, 27.192910000096504, 0.0], [64.58798000017691, 27.186269999660794, 0.0], [64.69013999976124, 27.23063999983617, 0.0], [64.67995000019243, 27.24268999974373, 0.0], [64.69637999973725, 27.29136999992562, 0.0], [64.75343000009451, 27.29229999964531, 0.0]], [[65.08416000018394, 27.47243999980617, 0.0], [65.09233000012944, 27.477520000247864, 0.0], [65.08482999960484, 27.47693999958136, 0.0], [65.08416000018394, 27.47243999980617, 0.0]]]}}, {"type": "Feature", "properties": {"Name": "Tk", "SymbolID": "53"}, "geometry": {"type": "Polygon", "coordinates": [[[65.18615999958439, 27.456150000422213, 0.0], [65.16971999957838, 27.457690000393256, 0.0], [65.1890099997118, 27.45999000033828, 0.0], [65.18615999958439, 27.456150000422213, 0.0]]]}}, {"type": "Feature", "properties": {"Name": "Qpkc", "SymbolID": "0"}, "geometry": {"type": "Polygon", "coordinates": [[[65.09424000007601, 27.471229999764716, 0.0], [65.08482999960484, 27.47693999958136, 0.0], [65.09537000002553, 27.474619999613367, 0.0], [65.09424000007601, 27.471229999764716, 0.0]]]}}, {"type": "Feature", "properties": {"Name": "Tb", "SymbolID": "63"}, "geometry": {"type": "Polygon", "coordinates": [[[65.9285800001669, 27.28763999968629, 0.0], [65.91945000001755, 27.282649999797684, 0.0], [65.9062100000915, 27.28426999986067, 0.0], [65.91567000017045, 27.29021999995308, 0.0], [65.9285800001669, 27.28763999968629, 0.0]]]}}, {"type": "Feature", "properties": {"Name": "Tk", "SymbolID": "53"}, "geometry": {"type": "Polygon", "coordinates": [[[65.8170399996963, 27.257460000078993, 0.0], [65.83924000002605, 27.31934999970275, 0.0], [65.84970999991663, 27.323799999870175, 0.0], [65.85576999968578, 27.304290000383276, 0.0], [65.8170399996963, 27.257460000078993, 0.0]]]}}, {"type": "Feature", "properties": {"Name": "K", "SymbolID": "58"}, "geometry": {"type": "Polygon", "coordinates": [[[65.88369999985514, 27.39686999975072, 0.0], [65.8553599996643, 27.28794000003103, 0.0], [65.81633000022936, 27.238640000036014, 0.0], [65.78173000003954, 27.240650000097503, 0.0], [65.77009999971528, 27.26283000040422, 0.0], [65.80295000014246, 27.294460000328797, 0.0], [65.83513999981119, 27.356479999652322, 0.0], [65.88369999985514, 27.39686999975072, 0.0]], [[65.81465999965928, 27.258460000328796, 0.0], [65.85576999968578, 27.304290000383276, 0.0], [65.84970999991663, 27.323799999870175, 0.0], [65.81465999965928, 27.258460000328796, 0.0]]]}}, {"type": "Feature", "properties": {"Name": "Tnh", "SymbolID": "0"}, "geometry": {"type": "Polygon", "coordinates": [[[66.0310499996578, 27.350290000183406, 0.0], [66.02387000040028, 27.33490000003502, 0.0], [65.99574999956286, 27.322779999597344, 0.0], [66.01663999973624, 27.336099999615328, 0.0], [66.01361000030136, 27.35025999969929, 0.0], [66.0310499996578, 27.350290000183406, 0.0]]]}}, {"type": "Feature", "properties": {"Name": "Qt", "SymbolID": "7"}, "geometry": {"type": "Polygon", "coordinates": [[[65.97966999997055, 27.398199999930114, 0.0], [65.98668999994362, 27.37769000019341, 0.0], [65.9539100000465, 27.33857000020538, 0.0], [65.95099999985018, 27.2927800001969, 0.0], [65.9261899996688, 27.285470000340297, 0.0], [65.92827000026034, 27.321979999577366, 0.0], [65.97966999997055, 27.398199999930114, 0.0]]]}}, {"type": "Feature", "properties": {"Name": "Qt", "SymbolID": "7"}, "geometry": {"type": "Polygon", "coordinates": [[[65.80217000014545, 27.387509999786687, 0.0], [65.78981999989315, 27.318190000168443, 0.0], [65.7479400003308, 27.292599999990045, 0.0], [65.76381000013146, 27.37787999996209, 0.0], [65.78784999987766, 27.39942999999454, 0.0], [65.80217000014545, 27.387509999786687, 0.0]]]}}, {"type": "Feature", "properties": {"Name": "K", "SymbolID": "58"}, "geometry": {"type": "Polygon", "coordinates": [[[65.9788899999736, 27.39895999990415, 0.0], [65.96123000036425, 27.378940000280863, 0.0], [65.97115999963432, 27.404210000091496, 0.0], [65.94783000025438, 27.397279999772195, 0.0], [65.92035999971426, 27.347549999732735, 0.0], [65.94202000032283, 27.343990000138433, 0.0], [65.92827000026034, 27.321979999577366, 0.0], [65.92913999991111, 27.290500000274847, 0.0], [65.89180000016995, 27.28098000012693, 0.0], [65.8562300002144, 27.24693000011945, 0.0], [65.91423000031432, 27.363329999879625, 0.0], [65.91440000006003, 27.39823000041423, 0.0], [65.98570000015496, 27.456019999823184, 0.0], [65.9788899999736, 27.39895999990415, 0.0]]]}}, {"type": "Feature", "properties": {"Name": "Ten", "SymbolID": "54"}, "geometry": {"type": "Polygon", "coordinates": [[[65.69632999992962, 27.338470000090467, 0.0], [65.68969000039328, 27.28069000024334, 0.0], [65.67095000044225, 27.2862799999221, 0.0], [65.64926000024889, 27.272079999792197, 0.0], [65.65408999995361, 27.262070000430242, 0.0], [65.68128999973374, 27.26844999966778, 0.0], [65.6636199996633, 27.24709000030333, 0.0], [65.60519999998007, 27.23796000015392, 0.0], [65.69856999980573, 27.359790000308294, 0.0], [65.74137999998709, 27.477839999716252, 0.0], [65.76028000012195, 27.456180000007066, 0.0], [65.73834999965283, 27.430950000242376, 0.0], [65.7144300000445, 27.353639999986058, 0.0], [65.69632999992962, 27.338470000090467, 0.0]]]}}, {"type": "Feature", "properties": {"Name": "Ten", "SymbolID": "54"}, "geometry": {"type": "Polygon", "coordinates": [[[65.97115999963432, 27.404210000091496, 0.0], [65.94202000032283, 27.343990000138433, 0.0], [65.92158999977875, 27.344529999859674, 0.0], [65.94783000025438, 27.397279999772195, 0.0], [65.97115999963432, 27.404210000091496, 0.0]]]}}, {"type": "Feature", "properties": {"Name": "Tb", "SymbolID": "63"}, "geometry": {"type": "Polygon", "coordinates": [[[65.8117599999241, 27.335209999941583, 0.0], [65.83139000044821, 27.390740000350775, 0.0], [65.85143000009447, 27.418550000382254, 0.0], [65.8624700001904, 27.417400000409714, 0.0], [65.8117599999241, 27.335209999941583, 0.0]]]}}, {"type": "Feature", "properties": {"Name": "Q", "SymbolID": "8"}, "geometry": {"type": "Polygon", "coordinates": [[[63.24124999988766, 26.36000999986163, 0.0], [63.186939999981064, 26.35822999961482, 0.0], [63.18076999963586, 26.358830000304295, 0.0], [63.22090000033478, 26.36983999991611, 0.0], [63.24124999988766, 26.36000999986163, 0.0]]]}}, {"type": "Feature", "properties": {"Name": "Q", "SymbolID": "8"}, "geometry": {"type": "Polygon", "coordinates": [[[62.86222999961484, 26.368380000037007, 0.0], [62.88256000004401, 26.36924999968778, 0.0], [62.86367000037029, 26.36454000012094, 0.0], [62.86222999961484, 26.368380000037007, 0.0]]]}}, {"type": "Feature", "properties": {"Name": "Tk", "SymbolID": "53"}, "geometry": {"type": "Polygon", "coordinates": [[[62.98077999959736, 26.382919999658327, 0.0], [62.98391999960836, 26.3770899997038, 0.0], [62.97769999965533, 26.378529999559873, 0.0], [62.98077999959736, 26.382919999658327, 0.0]]]}}, {"type": "Feature", "properties": {"Name": "Qt", "SymbolID": "7"}, "geometry": {"type": "Polygon", "coordinates": [[[63.21592999956988, 26.39350000012496, 0.0], [63.28071999982819, 26.38461000025137, 0.0], [63.282809999981566, 26.371049999957563, 0.0], [63.26355999989414, 26.368150000222386, 0.0], [63.21592999956988, 26.39350000012496, 0.0]]]}}, {"type": "Feature", "properties": {"Name": "Qt", "SymbolID": "7"}, "geometry": {"type": "Polygon", "coordinates": [[[63.195990000038535, 26.38545000031729, 0.0], [63.117589999878646, 26.373289999833673, 0.0], [63.063210000341314, 26.37316999969579, 0.0], [63.05931000035628, 26.38451000013646, 0.0], [63.195990000038535, 26.38545000031729, 0.0]]]}}, {"type": "Feature", "properties": {"Name": "Q", "SymbolID": "8"}, "geometry": {"type": "Polygon", "coordinates": [[[63.02220999999156, 26.39574000000107, 0.0], [63.001870000000565, 26.368469999690774, 0.0], [62.94910999962684, 26.373479999602353, 0.0], [62.94696000030382, 26.387449999917635, 0.0], [62.98138000028683, 26.398710000266362, 0.0], [63.01504999985764, 26.40608999975376, 0.0], [63.02220999999156, 26.39574000000107, 0.0]]]}}, {"type": "Feature", "properties": {"Name": "Qt", "SymbolID": "7"}, "geometry": {"type": "Polygon", "coordinates": [[[62.873220000103004, 26.61917999955739, 0.0], [62.87186000033881, 26.60621000039123, 0.0], [62.83880000011999, 26.61030999970677, 0.0], [62.85926999981069, 26.611200000279837, 0.0], [62.873220000103004, 26.61917999955739, 0.0]]]}}, {"type": "Feature", "properties": {"Name": "Qt", "SymbolID": "7"}, "geometry": {"type": "Polygon", "coordinates": [[[62.814609999751724, 26.614790000358255, 0.0], [62.76277000043524, 26.611900000184903, 0.0], [62.81645999962933, 26.61857000020541, 0.0], [62.814609999751724, 26.614790000358255, 0.0]]]}}, {"type": "Feature", "properties": {"Name": "Qpkc", "SymbolID": "0"}, "geometry": {"type": "Polygon", "coordinates": [[[63.26464999979771, 26.703850000177397, 0.0], [63.22332000041774, 26.696289999583882, 0.0], [63.19209999961532, 26.69868999964382, 0.0], [63.201289999833705, 26.714429999744766, 0.0], [63.263760000123966, 26.712639999936073, 0.0], [63.26464999979771, 26.703850000177397, 0.0]]]}}, {"type": "Feature", "properties": {"Name": "Qpkc", "SymbolID": "0"}, "geometry": {"type": "Polygon", "coordinates": [[[63.29214999992263, 26.710110000176428, 0.0], [63.33272000022788, 26.71688000031179, 0.0], [63.38296000040373, 26.71980999963182, 0.0], [63.36028999998359, 26.70549999982518, 0.0], [63.294229999614856, 26.70137000002552, 0.0], [63.29214999992263, 26.710110000176428, 0.0]]]}}, {"type": "Feature", "properties": {"Name": "Qt", "SymbolID": "7"}, "geometry": {"type": "Polygon", "coordinates": [[[64.17223000041423, 26.419690000093453, 0.0], [64.14270999976674, 26.42338000028684, 0.0], [64.1841899997687, 26.428629999574866, 0.0], [64.17223000041423, 26.419690000093453, 0.0]]]}}, {"type": "Feature", "properties": {"Name": "Qt", "SymbolID": "7"}, "geometry": {"type": "Polygon", "coordinates": [[[63.97598999973877, 26.455560000393746, 0.0], [63.9907699996358, 26.47529000013344, 0.0], [64.04435000005253, 26.474590000228375, 0.0], [64.04355000003255, 26.471149999872637, 0.0], [63.97598999973877, 26.455560000393746, 0.0]]]}}, {"type": "Feature", "properties": {"Name": "Qt", "SymbolID": "7"}, "geometry": {"type": "Polygon", "coordinates": [[[64.36036000031385, 26.524479999552398, 0.0], [64.24660999955188, 26.48873000028931, 0.0], [64.19890000003505, 26.541730000039536, 0.0], [64.22942999959486, 26.548729999989575, 0.0], [64.22646000022888, 26.52902000027285, 0.0], [64.24350999958688, 26.51806000026886, 0.0], [64.26447999985214, 26.53838999979871, 0.0], [64.28851000003652, 26.542169999645807, 0.0], [64.26295999990413, 26.506340000290834, 0.0], [64.32722000000308, 26.523400000109973, 0.0], [64.33471999962836, 26.548819999643342, 0.0], [64.36036000031385, 26.524479999552398, 0.0]]]}}, {"type": "Feature", "properties": {"Name": "Qt", "SymbolID": "7"}, "geometry": {"type": "Polygon", "coordinates": [[[64.09244000000604, 26.509099999865157, 0.0], [64.10520000027986, 26.51038999999855, 0.0], [64.06284999972775, 26.502939999981038, 0.0], [64.08940000010995, 26.536299999645337, 0.0], [64.09244000000604, 26.509099999865157, 0.0]]]}}, {"type": "Feature", "properties": {"Name": "Qt", "SymbolID": "7"}, "geometry": {"type": "Polygon", "coordinates": [[[64.1314999999251, 26.493800000269857, 0.0], [64.1637899997088, 26.548649999897634, 0.0], [64.17435999971428, 26.545589999978574, 0.0], [64.16207000043022, 26.4995399996713, 0.0], [64.1314999999251, 26.493800000269857, 0.0]]]}}, {"type": "Feature", "properties": {"Name": "Qpkc", "SymbolID": "0"}, "geometry": {"type": "Polygon", "coordinates": [[[64.26948999976372, 26.808509999936575, 0.0], [64.18432000036779, 26.786039999746265, 0.0], [64.16269999980523, 26.787799999970048, 0.0], [64.20091999965831, 26.81004999990762, 0.0], [64.26948999976372, 26.808509999936575, 0.0]]]}}, {"type": "Feature", "properties": {"Name": "Qpkc", "SymbolID": "0"}, "geometry": {"type": "Polygon", "coordinates": [[[64.16341000017144, 26.885229999964565, 0.0], [64.12638000033678, 26.874410000121486, 0.0], [64.06315999963431, 26.87589000002356, 0.0], [64.1123800004367, 26.88754000037079, 0.0], [64.16341000017144, 26.885229999964565, 0.0]]]}}, {"type": "Feature", "properties": {"Name": "Ten", "SymbolID": "54"}, "geometry": {"type": "Polygon", "coordinates": [[[63.59414999982266, 26.868689999843696, 0.0], [63.58308999970376, 26.87603999974624, 0.0], [63.58722000040274, 26.89631999966832, 0.0], [63.63392000010799, 26.922330000329282, 0.0], [63.662559999744246, 26.920679999782237, 0.0], [63.64315000037226, 26.888849999627837, 0.0], [63.59414999982266, 26.868689999843696, 0.0]]]}}, {"type": "Feature", "properties": {"Name": "Qt", "SymbolID": "7"}, "geometry": {"type": "Polygon", "coordinates": [[[64.36882000014293, 26.935980000276857, 0.0], [64.31568000023191, 26.913750000362256, 0.0], [64.32286999995057, 26.89762000026286, 0.0], [64.31258000026685, 26.894170000345298, 0.0], [64.27178000014692, 26.90331999961836, 0.0], [64.11119999998004, 26.887710000116442, 0.0], [64.10978000014694, 26.91065999995908, 0.0], [64.13527999977225, 26.92400999956186, 0.0], [64.13469000044324, 26.937620000362756, 0.0], [64.18439999956041, 26.954529999559895, 0.0], [64.32925999964931, 26.964080000191927, 0.0], [64.36882000014293, 26.935980000276857, 0.0]]]}}, {"type": "Feature", "properties": {"Name": "Qt", "SymbolID": "7"}, "geometry": {"type": "Polygon", "coordinates": [[[63.963540000270825, 26.977019999773233, 0.0], [64.02472000042775, 27.020970000365253, 0.0], [64.03938999974872, 27.013779999747214, 0.0], [64.0431300004492, 27.02676000027384, 0.0], [64.12495000004253, 27.02641999988316, 0.0], [64.13038000043673, 27.016959999804214, 0.0], [64.07595000039225, 26.987500000124953, 0.0], [64.0806300003743, 27.01465000029731, 0.0], [64.05477000033528, 27.015979999577382, 0.0], [64.05682000044271, 26.986239999576355, 0.0], [64.03605000040727, 26.985510000086492, 0.0], [63.96836999997555, 26.92270999986664, 0.0], [63.94593000026936, 26.926010000061524, 0.0], [63.9748999998352, 26.94791999960836, 0.0], [63.93832999962984, 26.938039999946113, 0.0], [63.91631000040627, 26.937620000362756, 0.0], [63.91200000039976, 26.95014000036076, 0.0], [63.82418000020692, 26.942840000065985, 0.0], [63.81377000038526, 26.970400000259872, 0.0], [63.791320000217866, 26.96923000026436, 0.0], [63.79155999959437, 26.988159999984077, 0.0], [63.74163999978623, 26.985840000016026, 0.0], [63.75928000027187, 26.96866999962083, 0.0], [63.720280000421724, 26.962640000335796, 0.0], [63.72810000041477, 26.98075999957439, 0.0], [63.71868999994359, 27.004359999714268, 0.0], [63.76269000014344, 27.005239999826188, 0.0], [63.79309000000353, 27.02298000042674, 0.0], [63.87229999974522, 27.027999999900146, 0.0], [63.850519999898154, 27.017899999985048, 0.0], [63.86114000041073, 26.989379999587356, 0.0], [63.92233000012948, 26.968470000290324, 0.0], [63.94589999978524, 26.970599999590377, 0.0], [63.96215000002252, 27.008450000367247, 0.0], [63.963540000270825, 26.977019999773233, 0.0]], [[63.81854000002102, 26.980099999715264, 0.0], [63.84200999956187, 27.000240000375754, 0.0], [63.843080000341786, 27.007989999838685, 0.0], [63.8101000002149, 26.991999999900145, 0.0], [63.81854000002102, 26.980099999715264, 0.0]]]}}, {"type": "Feature", "properties": {"Name": "Qpkc", "SymbolID": "0"}, "geometry": {"type": "Polygon", "coordinates": [[[63.527859999639304, 26.70914000041074, 0.0], [63.49614000006102, 26.704960000103995, 0.0], [63.40140000001003, 26.718139999961068, 0.0], [63.43559000017842, 26.72169999955537, 0.0], [63.527859999639304, 26.70914000041074, 0.0]]]}}, {"type": "Feature", "properties": {"Name": "Tk", "SymbolID": "53"}, "geometry": {"type": "Polygon", "coordinates": [[[63.70824000007599, 26.719670000370286, 0.0], [63.4021100003763, 26.720379999837178, 0.0], [63.400169999945604, 26.743079999842166, 0.0], [63.38296000040373, 26.71980999963182, 0.0], [63.28999000013846, 26.70414000006099, 0.0], [63.270889999773715, 26.726149999722736, 0.0], [63.265839999816194, 26.712720000028014, 0.0], [63.21940999997156, 26.70861999981321, 0.0], [63.201289999833705, 26.714429999744766, 0.0], [63.203620000262845, 26.793939999831196, 0.0], [63.305090000403254, 26.811290000433246, 0.0], [63.40439000029835, 26.80717999975724, 0.0], [63.41061000025138, 26.79713999991111, 0.0], [63.473159999734264, 26.807689999893626, 0.0], [63.67049000031329, 26.791760000024055, 0.0], [63.73276999993561, 26.80879000025834, 0.0], [63.84165999960936, 26.792230000114444, 0.0], [63.82572000017791, 26.764449999667818, 0.0], [63.70824000007599, 26.719670000370286, 0.0]]]}}, {"type": "Feature", "properties": {"Name": "Tk", "SymbolID": "53"}, "geometry": {"type": "Polygon", "coordinates": [[[63.42683999956637, 26.809470000140436, 0.0], [63.41584999997758, 26.821379999887142, 0.0], [63.39085999958934, 26.83122999996459, 0.0], [63.42654999968278, 26.835959999554404, 0.0], [63.43620000042972, 26.817370000225367, 0.0], [63.42683999956637, 26.809470000140436, 0.0]]]}}, {"type": "Feature", "properties": {"Name": "Q", "SymbolID": "0"}, "geometry": {"type": "Polygon", "coordinates": [[[63.35138000008698, 26.922700000304815, 0.0], [63.26498029380559, 26.912124241940262, 0.0], [63.25667069749477, 26.93265687041827, 0.0], [63.380890000273325, 26.94446000012897, 0.0], [63.35138000008698, 26.922700000304815, 0.0]]]}}, {"type": "Feature", "properties": {"Name": "Q", "SymbolID": "8"}, "geometry": {"type": "Polygon", "coordinates": [[[63.390589999728775, 26.95443999990613, 0.0], [63.36696999956587, 26.957610000401246, 0.0], [63.403789999608875, 26.955879999762203, 0.0], [63.390589999728775, 26.95443999990613, 0.0]]]}}, {"type": "Feature", "properties": {"Name": "Q", "SymbolID": "8"}, "geometry": {"type": "Polygon", "coordinates": [[[63.42641999998307, 26.993350000102453, 0.0], [63.36872000022788, 26.994250000237344, 0.0], [63.42927000011048, 26.99756999955588, 0.0], [63.42641999998307, 26.993350000102453, 0.0]]]}}, {"type": "Feature", "properties": {"Name": "Q", "SymbolID": "0"}, "geometry": {"type": "Polygon", "coordinates": [[[63.47290000033479, 27.075639999786233, 0.0], [63.572470000090505, 27.086260000298807, 0.0], [63.626770000435215, 27.07233999959135, 0.0], [63.615060000019014, 27.060910000396234, 0.0], [63.57920999974175, 27.063190000318286, 0.0], [63.562980000426705, 27.03971000031629, 0.0], [63.59800000019993, 27.033430000294345, 0.0], [63.53378000014692, 27.02089000027337, 0.0], [63.54195000009247, 27.010220000152913, 0.0], [63.57150000032482, 27.011370000125453, 0.0], [63.55414999972277, 26.990129999999567, 0.0], [63.57511000042621, 26.96808000029182, 0.0], [63.624669999820696, 26.977300000095, 0.0], [63.58924000002605, 26.96084999962784, 0.0], [63.589529999909644, 26.943949999992583, 0.0], [63.519179999557366, 26.943060000318837, 0.0], [63.50685000022736, 26.965890000023535, 0.0], [63.48801000016141, 26.933609999801718, 0.0], [63.39655999984416, 26.916280000121958, 0.0], [63.39113000034928, 26.93344000005601, 0.0], [63.42600999996159, 26.929339999841147, 0.0], [63.45328999983366, 26.9450500003573, 0.0], [63.441389999648834, 26.95874999991264, 0.0], [63.52988000016194, 26.985530000109463, 0.0], [63.45654999998254, 26.992710000266356, 0.0], [63.51463999973623, 27.00505000005751, 0.0], [63.52317000009549, 27.018639999936113, 0.0], [63.44868999994361, 27.02805999996906, 0.0], [63.46791000044624, 27.042070000330284, 0.0], [63.450780000096984, 27.047789999708755, 0.0], [63.38249000031334, 27.024969999565883, 0.0], [63.25875999977421, 26.999389999848688, 0.0], [63.25650892204919, 26.964406134835315, 0.0], [63.25618375867356, 27.02822099480312, 0.0], [63.26185999973927, 27.008660000158955, 0.0], [63.27562999982467, 27.008760000273867, 0.0], [63.392309999906615, 27.032679999882134, 0.0], [63.36143000039425, 27.037829999954567, 0.0], [63.460120000038046, 27.06553000030931, 0.0], [63.45109999956537, 27.093060000019022, 0.0], [63.43276000007398, 27.10239000039826, 0.0], [63.44764000008598, 27.11120999974173, 0.0], [63.47290000033479, 27.075639999786233, 0.0]], [[63.534199999730276, 27.072370000075466, 0.0], [63.56379000000857, 27.065660000009018, 0.0], [63.569889999823715, 27.07405000020742, 0.0], [63.534199999730276, 27.072370000075466, 0.0]], [[63.51479000035829, 27.063750000062498, 0.0], [63.509830000054535, 27.038819999743225, 0.0], [63.56196000015393, 27.049870000300302, 0.0], [63.51479000035829, 27.063750000062498, 0.0]]]}}, {"type": "Feature", "properties": {"Name": "Qpkc", "SymbolID": "0"}, "geometry": {"type": "Polygon", "coordinates": [[[63.514739999851145, 27.038130000299304, 0.0], [63.51479000035829, 27.063750000062498, 0.0], [63.56196000015393, 27.049870000300302, 0.0], [63.55939999991011, 27.04220000003005, 0.0], [63.514739999851145, 27.038130000299304, 0.0]]]}}, {"type": "Feature", "properties": {"Name": "Qpkc", "SymbolID": "0"}, "geometry": {"type": "Polygon", "coordinates": [[[63.56379000000857, 27.065660000009018, 0.0], [63.534199999730276, 27.072370000075466, 0.0], [63.569889999823715, 27.07405000020742, 0.0], [63.56379000000857, 27.065660000009018, 0.0]]]}}, {"type": "Feature", "properties": {"Name": "Q", "SymbolID": "0"}, "geometry": {"type": "Polygon", "coordinates": [[[63.4305400002209, 27.16670000010498, 0.0], [63.34132000021788, 27.11288999987363, 0.0], [63.27710000016492, 27.100240000175916, 0.0], [63.2559749405911, 27.069236081280167, 0.0], [63.25590515140169, 27.082952498858788, 0.0], [63.273200988534825, 27.102432250547963, 0.0], [63.31307983376735, 27.129333495544415, 0.0], [63.31505828830939, 27.14396654621919, 0.0], [63.4305400002209, 27.16670000010498, 0.0]]]}}, {"type": "Feature", "properties": {"Name": "Tk", "SymbolID": "53"}, "geometry": {"type": "Polygon", "coordinates": [[[65.77610000031484, 28.27999000013847, 0.0], [65.73832999962985, 28.192089999853636, 0.0], [65.76375000006249, 28.133500000424704, 0.0], [65.75371999977824, 28.019390000148462, 0.0], [65.76604000044574, 28.00190000028482, 0.0], [65.76284000036577, 27.952879999712252, 0.0], [65.7878899999236, 27.79220999989161, 0.0], [65.7944199997832, 27.78432999982965, 0.0], [65.8159699998157, 27.825020000272843, 0.0], [65.81613999956136, 27.791169999595866, 0.0], [65.83027000006052, 27.785639999986074, 0.0], [65.81836999987564, 27.771239999626346, 0.0], [65.81099999995007, 27.68566999977071, 0.0], [65.74314999977275, 27.564830000304312, 0.0], [65.74371999997805, 27.545600000239858, 0.0], [65.76674000035081, 27.543220000202894, 0.0], [65.7691000003648, 27.500000000000057, 0.0], [65.73637999963734, 27.467160000034028, 0.0], [65.69856999980573, 27.359790000308294, 0.0], [65.5507400003508, 27.178349999552893, 0.0], [65.47057000040525, 27.05320999964181, 0.0], [65.34808999995357, 26.79054000042072, 0.0], [65.32306999998059, 26.769819999993047, 0.0], [65.32625999959936, 26.759969999915597, 0.0], [65.37228999988366, 26.767500000025052, 0.0], [65.36352999970978, 26.741430000194384, 0.0], [65.31219999963031, 26.68844000000604, 0.0], [65.45093999988114, 26.801409999871623, 0.0], [65.40699000018839, 26.78318000005703, 0.0], [65.40434000029086, 26.820869999750755, 0.0], [65.44769999975523, 26.864419999883125, 0.0], [65.46877999969729, 26.920059999969055, 0.0], [65.514520000098, 26.952870000350288, 0.0], [65.52279999972029, 26.983110000026556, 0.0], [65.55191999990814, 26.97030000014496, 0.0], [65.55267000032029, 26.98187000040025, 0.0], [65.59064999989761, 27.00275999967431, 0.0], [65.58873000038926, 27.041979999777197, 0.0], [65.64009000005353, 27.037279999772238, 0.0], [65.67980999983166, 27.065279999572397, 0.0], [65.75240999962182, 27.192569999705768, 0.0], [65.7689099996968, 27.23615000032231, 0.0], [65.76354000027084, 27.2725099998367, 0.0], [65.78164000038578, 27.296419999883142, 0.0], [65.80720000008, 27.310700000104987, 0.0], [65.77009999971528, 27.26283000040422, 0.0], [65.78173000003954, 27.240650000097503, 0.0], [65.81633000022936, 27.238640000036014, 0.0], [65.85791999990812, 27.294659999659302, 0.0], [65.85726999961082, 27.276050000307293, 0.0], [65.82575999982419, 27.18238000013696, 0.0], [65.7025600003438, 26.99290999959686, 0.0], [65.70127999977223, 26.97407000043023, 0.0], [65.76436000031384, 26.996659999859162, 0.0], [65.7235299997098, 26.943239999626314, 0.0], [65.67469000024334, 26.82802999988462, 0.0], [65.5839900003383, 26.72012999999953, 0.0], [65.5408399997662, 26.64357000015542, 0.0], [65.54136999992562, 26.609780000446733, 0.0], [65.33772999973974, 26.42420000032979, 0.0], [65.31732999967977, 26.37113999961133, 0.0], [65.3005900002284, 26.35914999977274, 0.0], [65.33103999969626, 26.366349999952604, 0.0], [65.323520000048, 26.355889999623855, 0.0], [65.33195000029235, 26.35623999957636, 0.0], [65.36970000005499, 26.384269999860635, 0.0], [65.49418999966883, 26.519560000193906, 0.0], [65.5079799997772, 26.520549999982563, 0.0], [65.57695999990415, 26.598130000099502, 0.0], [65.56495000004253, 26.610280000121975, 0.0], [65.58116000023387, 26.628340000190917, 0.0], [65.5947999997203, 26.683630000324285, 0.0], [65.61693000041925, 26.674349999552874, 0.0], [65.61199999970029, 26.693209999641795, 0.0], [65.67356999985566, 26.730659999959073, 0.0], [65.68735000040226, 26.682619999613337, 0.0], [65.6863900001984, 26.615189999918584, 0.0], [65.66508000044172, 26.496240000375792, 0.0], [65.49602999998456, 26.28950999978673, 0.0], [65.44611999973824, 26.26579000040823, 0.0], [65.36537000002556, 26.180849999927602, 0.0], [65.2345800003668, 26.08366000020891, 0.0], [65.24480999998156, 26.0755700003553, 0.0], [65.29926999961083, 26.085980000176903, 0.0], [65.3248500002274, 26.10977000008546, 0.0], [65.35539999981017, 26.11182999975472, 0.0], [65.26133999964134, 26.04177000018541, 0.0], [65.35964999974777, 26.05696000010397, 0.0], [65.35309000030333, 26.051210000241383, 0.0], [65.17828530731911, 25.999759605214493, 0.0], [64.31504645947025, 25.999759605214493, 0.0], [64.40373999980119, 26.016019999823186, 0.0], [64.45568999969379, 26.012320000067973, 0.0], [64.46321000024136, 26.019609999901604, 0.0], [64.41539000014842, 26.026440000105993, 0.0], [64.49455000028235, 26.035340000440726, 0.0], [64.50239999986019, 26.052910000396253, 0.0], [64.60347000044021, 26.08776999998554, 0.0], [64.65895000034232, 26.085599999740225, 0.0], [64.59410999957686, 26.053490000163436, 0.0], [64.67905000005749, 26.06055000018239, 0.0], [64.67699000038829, 26.077810000231352, 0.0], [64.70992000000803, 26.090339999791183, 0.0], [64.70803000008448, 26.103100000065012, 0.0], [64.75201999982318, 26.104410000221378, 0.0], [64.72358000041675, 26.120890000273334, 0.0], [64.73898999968878, 26.146369999875617, 0.0], [64.76648000025187, 26.152950000242356, 0.0], [64.75669999980522, 26.128280000221878, 0.0], [64.79427000026038, 26.130669999820668, 0.0], [64.7899000001849, 26.153639999686277, 0.0], [64.80104999995757, 26.1597299999396, 0.0], [64.85342000033279, 26.166379999937078, 0.0], [64.92479999962035, 26.19858000006701, 0.0], [64.83879999972027, 26.17750000012495, 0.0], [64.94277999959735, 26.23373000043921, 0.0], [64.96904000009596, 26.235750000062524, 0.0], [65.05066999992061, 26.28693000041926, 0.0], [65.06491000009646, 26.30851999959833, 0.0], [65.11183999961634, 26.333579999617314, 0.0], [65.14231999956837, 26.378100000414747, 0.0], [65.20798000037678, 26.42098999978873, 0.0], [65.21874000015094, 26.41934000014095, 0.0], [65.20622000015294, 26.387520000447694, 0.0], [65.24070000020492, 26.401930000369248, 0.0], [65.2329299998197, 26.421640000085972, 0.0], [65.26059999969027, 26.44871999972827, 0.0], [65.27836999987562, 26.451119999788204, 0.0], [65.32666999962083, 26.504159999584374, 0.0], [65.36364000028584, 26.509610000001544, 0.0], [65.39716999969579, 26.533600000139927, 0.0], [65.41481999974326, 26.563610000001574, 0.0], [65.37331000015644, 26.542630000174427, 0.0], [65.40687999961233, 26.574630000074478, 0.0], [65.41705999961937, 26.60275000001252, 0.0], [65.40756999995557, 26.609090000103492, 0.0], [65.49426000019889, 26.66526000034878, 0.0], [65.49496999966578, 26.674059999669282, 0.0], [65.47585999973927, 26.67534000024085, 0.0], [65.47885000002753, 26.689460000278814, 0.0], [65.51928000017193, 26.742259999799217, 0.0], [65.54573000043922, 26.756519999998034, 0.0], [65.56092000035778, 26.78849999987517, 0.0], [65.59491999985818, 26.80440999972177, 0.0], [65.5923300000295, 26.819130000449206, 0.0], [65.57890999989661, 26.80807999989213, 0.0], [65.56287999991213, 26.82041999968328, 0.0], [65.53890999979672, 26.80403000018441, 0.0], [65.55864000043573, 26.798800000020037, 0.0], [65.34388000006203, 26.579330000079494, 0.0], [65.20330000039473, 26.49626999996059, 0.0], [65.15045999992913, 26.443179999657332, 0.0], [65.13422999971476, 26.440219999853184, 0.0], [65.12991999970825, 26.451750000062532, 0.0], [65.1742800003218, 26.4884099999216, 0.0], [65.17609000015347, 26.526270000260354, 0.0], [65.0689799998272, 26.42324000012593, 0.0], [65.02486999995057, 26.39719000031829, 0.0], [64.99502000027286, 26.398389999898654, 0.0], [65.00485000032728, 26.423480000401753, 0.0], [65.09592000020791, 26.475129999949615, 0.0], [65.06413000009945, 26.466659999659328, 0.0], [65.12387999996207, 26.51389000042326, 0.0], [65.12843000024435, 26.561220000402727, 0.0], [65.02289999993508, 26.494250000337274, 0.0], [64.98330000029483, 26.452180000106978, 0.0], [64.90467000032032, 26.426079999792194, 0.0], [64.76660000038976, 26.350019999623328, 0.0], [64.76917999975723, 26.33041999958334, 0.0], [64.78124999968782, 26.330770000435223, 0.0], [64.85053999972126, 26.355409999971585, 0.0], [64.79222999971478, 26.322719999728236, 0.0], [64.75002000022289, 26.308070000430234, 0.0], [64.72601999962336, 26.328589999728763, 0.0], [64.7038000001699, 26.30393000016943, 0.0], [64.58281000008151, 26.26046999969077, 0.0], [64.42592000010796, 26.18072999978972, 0.0], [64.4214400003558, 26.15443000014443, 0.0], [64.35462000001303, 26.156710000066482, 0.0], [64.30792000030783, 26.141669999870658, 0.0], [64.26698999958887, 26.109990000338314, 0.0], [64.00165000044723, 26.044210000291343, 0.0], [63.91989000002354, 26.049470000040515, 0.0], [63.74276999973574, 26.022749999912605, 0.0], [63.557949999592836, 26.053200000279844, 0.0], [63.50268000038176, 26.04887000025036, 0.0], [63.49768999959389, 26.076509999636812, 0.0], [63.47557999981717, 26.04838999969877, 0.0], [63.43380999993161, 26.05846999959084, 0.0], [63.39901000041124, 26.051549999732742, 0.0], [63.40718000035679, 26.08694999994259, 0.0], [63.3987799996973, 26.098150000222404, 0.0], [63.32841000022137, 26.104450000267377, 0.0], [63.257580000216876, 26.103309999856663, 0.0], [63.37966999977073, 26.076959999704286, 0.0], [63.327699999855156, 26.081050000357266, 0.0], [63.28722000010299, 26.051609999801713, 0.0], [63.21936999992562, 26.052799999820195, 0.0], [63.226960000103986, 26.07424999973773, 0.0], [63.196409999621835, 26.09361000040127, 0.0], [63.20604000034581, 26.073420000132955, 0.0], [63.187419999633335, 26.076000000399745, 0.0], [63.203870000100494, 26.054959999604364, 0.0], [63.1436700001704, 26.051400000010062, 0.0], [63.12979999997009, 26.057519999848182, 0.0], [63.150409999821704, 26.064479999752223, 0.0], [63.14143000029435, 26.071350000002553, 0.0], [63.06793999993113, 26.05802999998457, 0.0], [63.02044999976772, 26.06348000040174, 0.0], [63.00308000004202, 26.07779000020838, 0.0], [63.0319199999081, 26.092340000290847, 0.0], [62.97931000015643, 26.111290000033534, 0.0], [62.73706000011896, 26.11484000006601, 0.0], [62.652319999868155, 26.1322600002988, 0.0], [62.55012999979971, 26.130469999590844, 0.0], [62.43941000027132, 26.15603999974627, 0.0], [62.2403299999296, 26.14679999992012, 0.0], [62.19322999976475, 26.15041999958339, 0.0], [62.149369999725764, 26.173090000003526, 0.0], [62.15985000007748, 26.194800000219857, 0.0], [62.218880000012064, 26.22218000020689, 0.0], [62.28654000042076, 26.21861999971327, 0.0], [62.353649999747745, 26.234350000252334, 0.0], [62.45916999959587, 26.224460000128943, 0.0], [62.45918999961884, 26.236140000061027, 0.0], [62.49169000009351, 26.25237999983716, 0.0], [62.308280000221885, 26.235629999924583, 0.0], [62.28260000038978, 26.25161999986318, 0.0], [62.242389999598856, 26.251570000255356, 0.0], [62.36060999965184, 26.29397999997707, 0.0], [62.446219999553364, 26.292099999615345, 0.0], [62.517129999649796, 26.316849999727765, 0.0], [62.498139999861166, 26.327060000218864, 0.0], [62.333489999963604, 26.323760000024038, 0.0], [62.300799999720255, 26.335439999956066, 0.0], [62.315630000124486, 26.350279999922122, 0.0], [62.353520000048036, 26.355730000339292, 0.0], [62.354280000022015, 26.366229999814664, 0.0], [62.32218999956888, 26.3665700002054, 0.0], [62.34407999999206, 26.377419999633332, 0.0], [62.27306000021889, 26.355750000362264, 0.0], [62.292079999592374, 26.38451000013646, 0.0], [62.28033999959138, 26.422059999669273, 0.0], [62.31218000020692, 26.449989999838692, 0.0], [62.32790000028484, 26.50850999963683, 0.0], [62.37960000033979, 26.536120000337803, 0.0], [62.4202000002299, 26.53124999968776, 0.0], [62.447429999594874, 26.55710000016495, 0.0], [62.59062000001302, 26.561180000356785, 0.0], [62.63035000025235, 26.5845000001749, 0.0], [62.67996999971575, 26.577489999763714, 0.0], [62.69049000011347, 26.597639999986086, 0.0], [62.738430000344295, 26.606529999859674, 0.0], [62.75301000001156, 26.640370000075507, 0.0], [62.80485999978919, 26.643269999810684, 0.0], [62.826719999728255, 26.63130999955689, 0.0], [62.993009999711774, 26.644599999990078, 0.0], [63.01863000037429, 26.63891999975823, 0.0], [63.02147999960238, 26.623669999770698, 0.0], [63.08825999989915, 26.624010000161434, 0.0], [63.1464200001829, 26.59751000028632, 0.0], [63.27737999958737, 26.592950000442215, 0.0], [63.339999999600366, 26.57206999983066, 0.0], [63.38777999964731, 26.57457999956739, 0.0], [63.30787000000055, 26.599090000303306, 0.0], [63.44973999980118, 26.595480000201917, 0.0], [63.48200999956191, 26.5790699997807, 0.0], [63.56506000011899, 26.589049999557858, 0.0], [63.60767999963235, 26.58514000001105, 0.0], [63.60822999981468, 26.57346999964085, 0.0], [63.661099999865144, 26.584689999943578, 0.0], [63.674720000227865, 26.571659999809185, 0.0], [63.70444000020592, 26.575370000025544, 0.0], [63.681109999926605, 26.590370000175426, 0.0], [63.687710000316315, 26.59554000027083, 0.0], [63.76271000016641, 26.602640000335782, 0.0], [63.809050000357274, 26.577250000387266, 0.0], [63.81342999999458, 26.616820000442715, 0.0], [63.89322000040278, 26.593849999677786, 0.0], [63.90363999978621, 26.62130999975676, 0.0], [63.924750000212384, 26.61504999975773, 0.0], [63.96040000025988, 26.62986999970076, 0.0], [63.964880000012045, 26.63680000002006, 0.0], [63.93399999960036, 26.65356000039378, 0.0], [63.94059999999007, 26.659339999841166, 0.0], [64.08897999962733, 26.667010000111475, 0.0], [64.09063999973625, 26.676310000006538, 0.0], [64.04051999969829, 26.67825000043723, 0.0], [64.03710999982667, 26.69353000000956, 0.0], [64.09629000038325, 26.72023000011444, 0.0], [64.17886000038874, 26.729839999916123, 0.0], [64.17476000017393, 26.74570999971678, 0.0], [64.20481999964335, 26.748570000305335, 0.0], [64.24228999998354, 26.771400000010033, 0.0], [64.47731000025635, 26.7986500002973, 0.0], [64.52602000002304, 26.793509999786693, 0.0], [64.52788999992362, 26.80528999983369, 0.0], [64.64890000003504, 26.823049999557895, 0.0], [64.71412999989963, 26.850589999728754, 0.0], [64.71193999963134, 26.809490000163407, 0.0], [64.73303999959637, 26.856599999890136, 0.0], [64.76047000009049, 26.872090000153435, 0.0], [64.7761599996843, 26.877169999695752, 0.0], [64.75885999958939, 26.85277999999704, 0.0], [64.78586000003901, 26.854839999666297, 0.0], [64.79171000001656, 26.8734400003558, 0.0], [64.82331000035629, 26.863499999725263, 0.0], [64.85726999981068, 26.89159000007851, 0.0], [64.88698999978874, 26.88986999990061, 0.0], [64.91064999999753, 26.935949999792683, 0.0], [64.95841000002156, 26.97625000023737, 0.0], [65.02956000039376, 27.00882000034278, 0.0], [65.03931999991812, 27.029570000355307, 0.0], [65.10347000034028, 27.035209999641836, 0.0], [65.1758099998317, 27.094820000242862, 0.0], [65.16084999972776, 27.07179000030834, 0.0], [65.17933000027932, 27.075280000271846, 0.0], [65.20435999981419, 27.123399999810204, 0.0], [65.28618999986867, 27.187169999795685, 0.0], [65.304760000074, 27.187650000347276, 0.0], [65.29556999985567, 27.215730000239375, 0.0], [65.30699999995011, 27.26191000024636, 0.0], [65.3660499999076, 27.310250000037513, 0.0], [65.39472000002803, 27.318999999750247, 0.0], [65.3740399996463, 27.276590000028534, 0.0], [65.47273000018942, 27.298200000129953, 0.0], [65.39554000007098, 27.29807999999207, 0.0], [65.4251399999111, 27.32039999956038, 0.0], [65.54415000042223, 27.520629999874643, 0.0], [65.6331500001724, 27.604070000430227, 0.0], [65.60991000044623, 27.603739999601373, 0.0], [65.65872999988966, 27.662029999584888, 0.0], [65.66646000022888, 27.69582999975472, 0.0], [65.65123000026438, 27.70179999987016, 0.0], [65.65663999973623, 27.739439999956062, 0.0], [65.68120999964185, 27.778049999807706, 0.0], [65.63510000016493, 27.734269999860658, 0.0], [65.57935000040226, 27.613439999956086, 0.0], [65.51361000040123, 27.528670000120485, 0.0], [65.44574999976271, 27.47362999982471, 0.0], [65.41705999961937, 27.421789999608848, 0.0], [65.34488000031183, 27.350330000229405, 0.0], [65.23941000007153, 27.2884199996833, 0.0], [65.26383000025436, 27.279230000364294, 0.0], [65.24433999989111, 27.264540000120974, 0.0], [65.17590999994661, 27.22864999979771, 0.0], [65.14044000010597, 27.227049999757753, 0.0], [65.13465999975926, 27.200199999930078, 0.0], [64.6974099995719, 26.947430000394263, 0.0], [64.54270999986664, 26.915400000010038, 0.0], [64.54161999996307, 26.901389999648814, 0.0], [64.56626999996058, 26.900689999743747, 0.0], [64.54720000008001, 26.884650000197382, 0.0], [64.29261999981321, 26.812400000359787, 0.0], [64.20091999965831, 26.81004999990762, 0.0], [64.14841999958338, 26.772950000442222, 0.0], [64.10959000037826, 26.761320000117962, 0.0], [63.98953000000955, 26.753440000056003, 0.0], [63.97333000027936, 26.76756999965579, 0.0], [63.90254999988264, 26.756950000042536, 0.0], [63.89246999999057, 26.780840000066007, 0.0], [63.858379999937085, 26.792100000414734, 0.0], [63.88372999983966, 26.81140999967181, 0.0], [63.829809999931626, 26.80797000021539, 0.0], [63.945509999786736, 26.84083000020439, 0.0], [63.906659999659325, 26.848260000198877, 0.0], [63.9277300000395, 26.853439999856164, 0.0], [64.04506999998057, 26.850990000188403, 0.0], [64.0471499996728, 26.87825999959938, 0.0], [64.14602000042271, 26.8750800004417, 0.0], [64.27178000014692, 26.90331999961836, 0.0], [64.31258000026685, 26.894170000345298, 0.0], [64.32286999995057, 26.89762000026286, 0.0], [64.31568000023191, 26.913750000362256, 0.0], [64.42046000012897, 26.95889999963532, 0.0], [64.47518000005704, 26.961069999880635, 0.0], [64.58751000008647, 26.9915299998097, 0.0], [64.63972000027786, 27.025519999748212, 0.0], [64.87647000029034, 27.127279999772213, 0.0], [64.91643000034429, 27.166669999620865, 0.0], [65.01109999986517, 27.218750000112493, 0.0], [65.0739800001769, 27.278640000135965, 0.0], [65.08065000019741, 27.299889999823677, 0.0], [65.09329999989512, 27.300239999776238, 0.0], [65.09980999973175, 27.326159999884112, 0.0], [65.03628999958386, 27.28342999979469, 0.0], [64.9741399996613, 27.28299000018842, 0.0], [65.08085999998906, 27.32100999981168, 0.0], [65.0453599996643, 27.350129999999524, 0.0], [65.0816199999631, 27.35290000003505, 0.0], [65.06889000017344, 27.362070000230403, 0.0], [65.08367000007053, 27.37931000025634, 0.0], [65.0861100001764, 27.3663099997068, 0.0], [65.09756999985564, 27.371729999639797, 0.0], [65.11560000033978, 27.357109999926593, 0.0], [65.12537000032529, 27.382629999574874, 0.0], [65.11583999971629, 27.392770000435235, 0.0], [65.14259999989014, 27.393959999554397, 0.0], [65.18284999982768, 27.44998999963883, 0.0], [65.21759999974023, 27.464559999744267, 0.0], [65.19702000037279, 27.463560000393727, 0.0], [65.20564999994758, 27.480179999707275, 0.0], [65.17995999965433, 27.483239999626335, 0.0], [65.21408000019193, 27.495030000134477, 0.0], [65.22539000014842, 27.512829999904625, 0.0], [65.25958999987864, 27.513689999993574, 0.0], [65.28641999968329, 27.55028999978373, 0.0], [65.26693000021942, 27.53914000001106, 0.0], [65.2597700000855, 27.552230000214365, 0.0], [65.27073000008949, 27.551639999986037, 0.0], [65.28191000034627, 27.580960000403763, 0.0], [65.32760999980172, 27.604129999599877, 0.0], [65.31506000021886, 27.643139999911114, 0.0], [65.30248999971377, 27.604349999852673, 0.0], [65.26514999997255, 27.584120000437736, 0.0], [65.23592000010797, 27.537550000432248, 0.0], [65.23036999957588, 27.56440999982169, 0.0], [65.24019000006848, 27.57795000009247, 0.0], [65.2238700002004, 27.574299999945083, 0.0], [65.22403000038429, 27.584840000365773, 0.0], [65.2518499999776, 27.612599999890108, 0.0], [65.24259000012847, 27.625659999609354, 0.0], [65.12543999995609, 27.522069999730775, 0.0], [65.11326999991064, 27.526909999896645, 0.0], [65.10033000032928, 27.491460000078973, 0.0], [65.06870999996659, 27.4713499999026, 0.0], [65.04488999957385, 27.47754999983266, 0.0], [65.02394000023088, 27.446280000321792, 0.0], [65.01988999962384, 27.45897999962733, 0.0], [65.01085000002752, 27.453690000293307, 0.0], [64.95268999974377, 27.3769399997812, 0.0], [64.75343000009451, 27.29229999964531, 0.0], [64.69637999973725, 27.29136999992562, 0.0], [64.67995000019243, 27.24268999974373, 0.0], [64.69013999976124, 27.23063999983617, 0.0], [64.67513999961136, 27.221480000101963, 0.0], [64.62189000002354, 27.208839999966074, 0.0], [64.58798000017691, 27.186269999660794, 0.0], [64.55190000008497, 27.192910000096504, 0.0], [64.51703000003454, 27.157480000301803, 0.0], [64.45278000039673, 27.1393499997028, 0.0], [64.40736000036378, 27.111470000040526, 0.0], [64.36268000028184, 27.111369999925614, 0.0], [64.31018000020691, 27.07120000008001, 0.0], [64.03105999961934, 27.055640000185917, 0.0], [63.71868999994359, 27.004359999714268, 0.0], [63.72810000041477, 26.98075999957439, 0.0], [63.720280000421724, 26.962640000335796, 0.0], [63.75928000027187, 26.96866999962083, 0.0], [63.74163999978623, 26.985840000016026, 0.0], [63.79155999959437, 26.988159999984077, 0.0], [63.78703999979621, 26.95324000032582, 0.0], [63.70534000034081, 26.943780000246875, 0.0], [63.68061000025136, 26.916340000190928, 0.0], [63.68482000014296, 26.946209999891607, 0.0], [63.64295999970426, 26.946900000234848, 0.0], [63.683980000076986, 26.964009999661812, 0.0], [63.609020000272835, 26.957160000333772, 0.0], [63.63203999974627, 26.940549999682787, 0.0], [63.571950000392235, 26.927730000239364, 0.0], [63.53127999997207, 26.872219999853144, 0.0], [63.42884000006603, 26.840779999697304, 0.0], [63.229750000162426, 26.81813999976123, 0.0], [63.25352000004801, 26.91189000002356, 0.0], [63.3201800002069, 26.924650000297333, 0.0], [63.34857999956739, 26.917559999794207, 0.0], [63.38104999955789, 26.941260000049, 0.0], [63.254520000297816, 26.93249999987512, 0.0], [63.25875999977421, 26.999389999848688, 0.0], [63.4651099999266, 27.046989999688776, 0.0], [63.44868999994361, 27.02805999996906, 0.0], [63.52317000009549, 27.018639999936113, 0.0], [63.51463999973623, 27.00505000005751, 0.0], [63.45654999998254, 26.992710000266356, 0.0], [63.52988000016194, 26.985530000109463, 0.0], [63.46131000005653, 26.96866999962083, 0.0], [63.43645000026737, 26.95534000004102, 0.0], [63.45328999983366, 26.9450500003573, 0.0], [63.42600999996159, 26.929339999841147, 0.0], [63.39113000034928, 26.93344000005601, 0.0], [63.391349999702754, 26.918820000342805, 0.0], [63.48801000016141, 26.933609999801718, 0.0], [63.50685000022736, 26.965890000023535, 0.0], [63.519179999557366, 26.943060000318837, 0.0], [63.574879999712266, 26.941099999865173, 0.0], [63.624669999820696, 26.977300000095, 0.0], [63.57511000042621, 26.96808000029182, 0.0], [63.55414999972277, 26.990129999999567, 0.0], [63.57150000032482, 27.011370000125453, 0.0], [63.54195000009247, 27.010220000152913, 0.0], [63.53378000014692, 27.02089000027337, 0.0], [63.59800000019993, 27.033430000294345, 0.0], [63.562980000426705, 27.03971000031629, 0.0], [63.57920999974175, 27.063190000318286, 0.0], [63.62994000003101, 27.070170000245355, 0.0], [63.572470000090505, 27.086260000298807, 0.0], [63.47290000033479, 27.075639999786233, 0.0], [63.44764000008598, 27.11120999974173, 0.0], [63.43276000007398, 27.10239000039826, 0.0], [63.46108000024185, 27.077000000449686, 0.0], [63.45416000038375, 27.062100000414716, 0.0], [63.36143000039425, 27.037829999954567, 0.0], [63.39197999997708, 27.03951999964829, 0.0], [63.38830999980672, 27.03113999991109, 0.0], [63.26185999973927, 27.008660000158955, 0.0], [63.25425000043725, 27.06777000018542, 0.0], [63.27710000016492, 27.100240000175916, 0.0], [63.396479999752216, 27.133390000048507, 0.0], [63.47894999964285, 27.108330000029525, 0.0], [63.5354299997947, 27.133730000439243, 0.0], [63.658349999852646, 27.138469999590882, 0.0], [63.70138000028686, 27.10397999997707, 0.0], [63.71708000034181, 27.117830000154413, 0.0], [63.70893000041923, 27.13901999977321, 0.0], [63.75193000036927, 27.12647000019041, 0.0], [63.74101000041122, 27.09769999995507, 0.0], [63.684439999706285, 27.0731700000955, 0.0], [63.695880000261866, 27.069029999834697, 0.0], [63.75481000008148, 27.086789999558903, 0.0], [63.77782999955491, 27.130129999899623, 0.0], [63.753970000015556, 27.137499999825195, 0.0], [63.817089999703796, 27.153999999900122, 0.0], [63.84033000032929, 27.13792999986964, 0.0], [63.81537000042522, 27.125119999988044, 0.0], [63.85823999977623, 27.126240000375788, 0.0], [63.841489999863654, 27.101390000148456, 0.0], [63.89347000024037, 27.10467000032031, 0.0], [63.86275000001257, 27.128239999976074, 0.0], [63.874490000013566, 27.151080000141917, 0.0], [63.851839999616345, 27.16534000034079, 0.0], [64.04781999999307, 27.242849999927614, 0.0], [63.95882999980472, 27.230510000136462, 0.0], [63.8875899997787, 27.200030000184427, 0.0], [63.81735999956436, 27.203390000448223, 0.0], [63.82730999975672, 27.220680000081984, 0.0], [63.876319999868144, 27.222480000351766, 0.0], [64.05841000002152, 27.292620000013017, 0.0], [64.10052000029782, 27.29235999971428, 0.0], [64.14397000031533, 27.321470000340298, 0.0], [64.28079000015845, 27.355890000323313, 0.0], [64.0276400001859, 27.311879999662324, 0.0], [63.97809000035329, 27.286779999597343, 0.0], [63.90656000044373, 27.279609999901652, 0.0], [63.88569999985515, 27.254609999951583, 0.0], [63.81228000002204, 27.226750000312336, 0.0], [63.69623000021437, 27.20411000037626, 0.0], [63.34077999959737, 27.180109999776732, 0.0], [63.293480000101965, 27.185500000124932, 0.0], [63.28763999968629, 27.199890000023515, 0.0], [63.22098999998855, 27.223650000347277, 0.0], [63.39130999965681, 27.224199999630343, 0.0], [63.52134999980268, 27.241699999955074, 0.0], [63.61384999997756, 27.27318999971874, 0.0], [63.97286999975074, 27.354729999889628, 0.0], [64.08406000026883, 27.36556000019391, 0.0], [64.47569999975525, 27.445050000257368, 0.0], [64.51538999994858, 27.464209999791706, 0.0], [64.58662999997455, 27.469600000139963, 0.0], [64.65694000028083, 27.51949999992513, 0.0], [64.68018999956888, 27.555009999811716, 0.0], [64.72166000000902, 27.558120000237864, 0.0], [64.77280999988164, 27.589890000323294, 0.0], [64.8388799998122, 27.60588999982366, 0.0], [64.82764000038577, 27.61791999970825, 0.0], [64.86356999985566, 27.618529999959605, 0.0], [64.86765999960937, 27.632839999766247, 0.0], [64.88665999985915, 27.633409999971548, 0.0], [64.88359000037826, 27.646589999828677, 0.0], [64.96261000035128, 27.678210000191427, 0.0], [64.95563000042421, 27.686110000276358, 0.0], [64.9795999996403, 27.691379999587355, 0.0], [65.000340000091, 27.714870000050496, 0.0], [65.04662999977472, 27.700640000335795, 0.0], [65.04916000043374, 27.68742999999455, 0.0], [65.08457999976724, 27.688900000334797, 0.0], [65.21125000008749, 27.761409999571868, 0.0], [65.248380000037, 27.804079999592375, 0.0], [65.37056000014394, 27.891589999878647, 0.0], [65.32350000002504, 27.88165000014743, 0.0], [65.15583999981618, 27.771319999718287, 0.0], [65.09296000040376, 27.74530999995659, 0.0], [65.0747299996898, 27.751650000047505, 0.0], [65.12568999979374, 27.808939999781217, 0.0], [65.19452999975971, 27.84243999960637, 0.0], [65.24056000004401, 27.88122999966481, 0.0], [65.35730000019493, 27.93380999983168, 0.0], [65.36317999975722, 27.958239999576392, 0.0], [65.38554000027085, 27.967979999977047, 0.0], [65.39835000015245, 27.958390000198392, 0.0], [65.49995999955439, 28.044550000282356, 0.0], [65.48071000036629, 28.004650000297318, 0.0], [65.48890999989663, 28.007019999873137, 0.0], [65.60119999988012, 28.09198999993862, 0.0], [65.61589999968527, 28.13646000022885, 0.0], [65.66929000033332, 28.192239999576373, 0.0], [65.6698599996393, 28.27545999987916, 0.0], [65.67682000044272, 28.260550000282365, 0.0], [65.72968000003203, 28.25963999968627, 0.0], [65.76356000029381, 28.294549999782703, 0.0], [65.77610000031484, 28.27999000013847, 0.0]], [[65.65911000032634, 27.96949999992512, 0.0], [65.65614000006099, 27.940020000222887, 0.0], [65.66917999975726, 27.94293000041921, 0.0], [65.67268999974374, 27.971559999594376, 0.0], [65.65911000032634, 27.96949999992512, 0.0]], [[65.64487999971226, 27.899289999733753, 0.0], [65.57151000038624, 27.782430000344277, 0.0], [65.50949000016345, 27.720929999819703, 0.0], [65.55895999990412, 27.71850999973674, 0.0], [65.5160099995619, 27.70278999965882, 0.0], [65.43398999973874, 27.621990000338315, 0.0], [65.42347999980223, 27.645060000318836, 0.0], [65.42164000038576, 27.60656000014393, 0.0], [65.39586000043874, 27.593530000009537, 0.0], [65.4019200002079, 27.612459999729253, 0.0], [65.39114000041076, 27.612169999845662, 0.0], [65.3695199998482, 27.570210000191423, 0.0], [65.37949999962535, 27.561389999948574, 0.0], [65.35886999975077, 27.53138999964881, 0.0], [65.34734000044074, 27.527099999665325, 0.0], [65.35283999956636, 27.556039999646316, 0.0], [65.3143600003138, 27.53242999994461, 0.0], [65.31717999995709, 27.507699999855163, 0.0], [65.28191000034627, 27.484090000153458, 0.0], [65.209280000072, 27.39577999984715, 0.0], [65.19698999988861, 27.406750000312343, 0.0], [65.1625800003668, 27.36127999977225, 0.0], [65.12578000034682, 27.3381899997687, 0.0], [65.11901999977323, 27.31164000028582, 0.0], [65.17264999979773, 27.326010000161432, 0.0], [65.24961999966331, 27.37428000032179, 0.0], [65.3386899999436, 27.454230000014547, 0.0], [65.36822999971474, 27.50055999974427, 0.0], [65.47702999973478, 27.6139599996543, 0.0], [65.51431999986818, 27.637060000118936, 0.0], [65.55672000002801, 27.696009999961575, 0.0], [65.61468999964382, 27.74547000014047, 0.0], [65.63227999962231, 27.781000000050028, 0.0], [65.65513999981118, 27.78512000028786, 0.0], [65.63871000026637, 27.80624999983769, 0.0], [65.65388999972379, 27.856149999622858, 0.0], [65.64487999971226, 27.899289999733753, 0.0]], [[64.44028999998358, 27.42537000012544, 0.0], [64.36722000010298, 27.40170999991659, 0.0], [64.38358999957887, 27.402260000098977, 0.0], [64.44028999998358, 27.42537000012544, 0.0]], [[63.403789999608875, 26.955879999762203, 0.0], [63.372509999636804, 26.959199999980058, 0.0], [63.36696999956587, 26.957610000401246, 0.0], [63.403789999608875, 26.955879999762203, 0.0]], [[63.42927000011048, 26.99756999955588, 0.0], [63.385160000233896, 27.00221999995307, 0.0], [63.36872000022788, 26.994250000237344, 0.0], [63.42927000011048, 26.99756999955588, 0.0]], [[65.42105999971926, 27.250099999715246, 0.0], [65.33267999978221, 27.234869999750742, 0.0], [65.3605899999286, 27.228529999659827, 0.0], [65.36549000016345, 27.2046399996363, 0.0], [65.30884999982766, 27.105250000087494, 0.0], [65.22802000002304, 26.98828000012196, 0.0], [65.07888000041174, 26.836939999781237, 0.0], [65.15240000035976, 26.88054000042075, 0.0], [65.22820999979172, 26.961869999900614, 0.0], [65.31385999973924, 27.011310000056483, 0.0], [65.3259499996928, 27.062109999976542, 0.0], [65.31389999978524, 27.07288000021191, 0.0], [65.36034000009101, 27.130120000337797, 0.0], [65.36760000033979, 27.16109000040325, 0.0], [65.39940000001008, 27.19948000000204, 0.0], [65.394740000051, 27.215980000076968, 0.0], [65.41341999993313, 27.213390000248353, 0.0], [65.43201000016143, 27.230670000320288, 0.0], [65.42105999971926, 27.250099999715246, 0.0]], [[64.79887999971226, 26.83841999968331, 0.0], [64.78721000024137, 26.820240000375748, 0.0], [64.81209999961533, 26.814820000442694, 0.0], [64.8154900003633, 26.834619999813185, 0.0], [64.79887999971226, 26.83841999968331, 0.0]], [[65.13853000015945, 26.811070000180393, 0.0], [65.14567999983217, 26.802639999936105, 0.0], [65.18586000013897, 26.83205000000754, 0.0], [65.16533000037924, 26.830280000221876, 0.0], [65.13853000015945, 26.811070000180393, 0.0]], [[65.26346000027883, 26.809499999725233, 0.0], [65.28251999969831, 26.814310000306307, 0.0], [65.29107000008048, 26.825609999801713, 0.0], [65.27660999965184, 26.827089999703787, 0.0], [65.26346000027883, 26.809499999725233, 0.0]], [[65.03143000029434, 26.773639999886143, 0.0], [65.03784999957787, 26.766419999683308, 0.0], [65.05729999989512, 26.779280000071992, 0.0], [65.0483000003448, 26.78149000036325, 0.0], [65.03143000029434, 26.773639999886143, 0.0]], [[64.88702000027286, 26.63735000020239, 0.0], [64.80063000037427, 26.623290000233396, 0.0], [64.77442999994457, 26.61270000020488, 0.0], [64.89137000032531, 26.62210999977674, 0.0], [64.95504000019594, 26.66149000006351, 0.0], [64.9344100003213, 26.666880000411766, 0.0], [64.88702000027286, 26.63735000020239, 0.0]], [[64.99798999963883, 26.65954000007099, 0.0], [64.96781999959336, 26.65991999960835, 0.0], [64.96797000021542, 26.655609999601836, 0.0], [64.99798999963883, 26.65954000007099, 0.0]], [[65.23237000007549, 26.661619999763218, 0.0], [65.15236999987565, 26.584729999989577, 0.0], [65.1843699997757, 26.57479000025836, 0.0], [65.2106700003203, 26.54560000043972, 0.0], [65.18475000021238, 26.51199000003851, 0.0], [65.23538000038678, 26.52040999982171, 0.0], [65.24911000042624, 26.56572000017792, 0.0], [65.254700000105, 26.61904999985768, 0.0], [65.24263999973624, 26.64304999955789, 0.0], [65.21492000025785, 26.628639999636334, 0.0], [65.23198999963881, 26.64123999972628, 0.0], [65.23237000007549, 26.661619999763218, 0.0]], [[65.17137000012548, 26.542019999923127, 0.0], [65.14495999990413, 26.523580000316826, 0.0], [65.1364499995679, 26.50815000012244, 0.0], [65.17512000038778, 26.53097000026537, 0.0], [65.17137000012548, 26.542019999923127, 0.0]], [[62.84259999999006, 26.603090000403256, 0.0], [62.873220000103004, 26.61917999955739, 0.0], [62.83880000011999, 26.61030999970677, 0.0], [62.84259999999006, 26.603090000403256, 0.0]], [[62.81222999971476, 26.620839999666316, 0.0], [62.76649999977525, 26.618829999604827, 0.0], [62.76277000043524, 26.611900000184903, 0.0], [62.80450000027486, 26.611889999723758, 0.0], [62.81222999971476, 26.620839999666316, 0.0]], [[64.1637899997088, 26.548649999897634, 0.0], [64.14527999957238, 26.504080000391752, 0.0], [64.1314999999251, 26.493800000269857, 0.0], [64.16207000043022, 26.4995399996713, 0.0], [64.17435999971428, 26.545589999978574, 0.0], [64.1637899997088, 26.548649999897634, 0.0]], [[64.32769000009347, 26.546869999650824, 0.0], [64.32722000000308, 26.523400000109973, 0.0], [64.27870000000507, 26.506449999967572, 0.0], [64.25903000033429, 26.50961999956337, 0.0], [64.28879000035829, 26.53534999990262, 0.0], [64.28173000033928, 26.545360000163953, 0.0], [64.24350999958688, 26.51806000026886, 0.0], [64.22646000022888, 26.52902000027285, 0.0], [64.22942999959486, 26.548729999989575, 0.0], [64.19912999984967, 26.5361899999686, 0.0], [64.21928000007199, 26.530480000151954, 0.0], [64.22030000034482, 26.50620000012998, 0.0], [64.23683000000455, 26.507599999940112, 0.0], [64.25850000017493, 26.487850000177446, 0.0], [64.35903000013445, 26.522299999745258, 0.0], [64.32769000009347, 26.546869999650824, 0.0]], [[64.79848999971375, 26.525929999869675, 0.0], [64.83557999961732, 26.523600000339798, 0.0], [64.8826700002204, 26.546739999951114, 0.0], [64.79848999971375, 26.525929999869675, 0.0]], [[64.77882999960485, 26.513480000401728, 0.0], [64.59541999973328, 26.497259999749247, 0.0], [64.5798900003233, 26.48184999957789, 0.0], [64.59217999960737, 26.470280000221862, 0.0], [64.51674000015095, 26.435069999780694, 0.0], [64.54796999961587, 26.43648000005203, 0.0], [64.6083600002139, 26.46864999969779, 0.0], [64.60575999992409, 26.487340000041, 0.0], [64.69834999975274, 26.496570000305326, 0.0], [64.64715000027235, 26.471109999826695, 0.0], [64.66700999971175, 26.472569999705797, 0.0], [64.77882999960485, 26.513480000401728, 0.0]], [[64.51058999982871, 26.473260000049038, 0.0], [64.41098999958888, 26.46297000036526, 0.0], [64.40812000033782, 26.44153000000955, 0.0], [64.35741999963335, 26.441980000076967, 0.0], [64.35700999961188, 26.428989999988573, 0.0], [64.32732999967982, 26.41587999976224, 0.0], [64.28512999974976, 26.413229999864654, 0.0], [64.32820999979174, 26.42845999982916, 0.0], [64.33358000011697, 26.44099000028831, 0.0], [64.13636999967582, 26.39793999983118, 0.0], [64.19890999959688, 26.38168000003202, 0.0], [64.09742000033282, 26.33923999982619, 0.0], [64.20546000037876, 26.35795000019243, 0.0], [64.2193800001869, 26.33500999991162, 0.0], [64.15327999977222, 26.318859999789197, 0.0], [64.2277599999241, 26.32694000008098, 0.0], [64.25618000020688, 26.312280000321834, 0.0], [64.24524999978769, 26.292419999983053, 0.0], [64.18779999987015, 26.261520000447717, 0.0], [64.1411699997957, 26.253830000154437, 0.0], [64.11864999999756, 26.26029999994512, 0.0], [64.11567000017044, 26.272969999665804, 0.0], [64.073700000055, 26.25988000036176, 0.0], [64.05005999986918, 26.23454999958284, 0.0], [64.0177799996473, 26.252930000019546, 0.0], [63.986630000274374, 26.244599999890113, 0.0], [63.97649999987516, 26.27877999959736, 0.0], [63.9056099998017, 26.26959999984018, 0.0], [63.92112000008797, 26.253999999900145, 0.0], [63.91818999986867, 26.222140000160948, 0.0], [63.874429999944596, 26.22002000042272, 0.0], [63.89550000032483, 26.232480000351813, 0.0], [63.87196999981569, 26.24779000040826, 0.0], [63.81318000015693, 26.222840000066014, 0.0], [63.751260000049, 26.22670999956688, 0.0], [63.76983999981621, 26.1978699997008, 0.0], [63.71413999966131, 26.18747999990211, 0.0], [63.78198000027686, 26.174930000319307, 0.0], [63.850080000291825, 26.142300000144928, 0.0], [63.81845999992913, 26.131699999655325, 0.0], [63.852579999567354, 26.12734999960287, 0.0], [63.82188000026184, 26.12401999982319, 0.0], [63.829119999588386, 26.113699999655296, 0.0], [63.78130999995659, 26.11205000000757, 0.0], [63.79347000044021, 26.10256000034377, 0.0], [63.70276000007402, 26.08978000004703, 0.0], [63.9568799998122, 26.088480000351808, 0.0], [63.91909999956539, 26.102640000435713, 0.0], [63.97306999998057, 26.111000000149943, 0.0], [63.99377000038527, 26.128499999575354, 0.0], [63.89166999997059, 26.10876999983566, 0.0], [63.87625999979923, 26.11789999998507, 0.0], [63.90472000012795, 26.120850000227392, 0.0], [63.889229999864654, 26.13191999990812, 0.0], [63.89756999955591, 26.137379999887116, 0.0], [64.03008000029183, 26.16590999984669, 0.0], [64.06672999968981, 26.162009999861652, 0.0], [64.119080000042, 26.21028000002201, 0.0], [64.1553699999256, 26.215379999587356, 0.0], [64.16238000033678, 26.236269999760736, 0.0], [64.26427999962232, 26.26549999962532, 0.0], [64.22790999964684, 26.27914000001107, 0.0], [64.30860999975175, 26.27983000035431, 0.0], [64.27034999985267, 26.301049999557904, 0.0], [64.29522000010297, 26.313009999811698, 0.0], [64.30064999959785, 26.34662000021291, 0.0], [64.35531000035627, 26.3718099999316, 0.0], [64.37048000025186, 26.39459000002853, 0.0], [64.42442000018292, 26.415010000111465, 0.0], [64.45508999990363, 26.440540000220892, 0.0], [64.44187999956239, 26.44637000017542, 0.0], [64.51058999982871, 26.473260000049038, 0.0]], [[64.49197000001556, 26.421490000363292, 0.0], [64.40435000005249, 26.39649999997505, 0.0], [64.47033999989111, 26.40501999987316, 0.0], [64.49197000001556, 26.421490000363292, 0.0]], [[64.62267999958237, 26.403490000363263, 0.0], [64.62995999985418, 26.39902999973475, 0.0], [64.68139999961033, 26.41724000042575, 0.0], [64.6590300004342, 26.41997000041522, 0.0], [64.62267999958237, 26.403490000363263, 0.0]], [[64.19126000024886, 26.157189999718753, 0.0], [64.22301000031132, 26.150499999675276, 0.0], [64.30751999984818, 26.16619999973028, 0.0], [64.29091999965829, 26.169530000409225, 0.0], [64.30181000003154, 26.183450000217363, 0.0], [64.19126000024886, 26.157189999718753, 0.0]], [[63.17632000036775, 26.101150000072494, 0.0], [63.06816999974575, 26.106739999751255, 0.0], [63.05564999974774, 26.086189999968553, 0.0], [63.09193000006951, 26.07545000021736, 0.0], [63.155650000447224, 26.07980000026987, 0.0], [63.17632000036775, 26.101150000072494, 0.0]], [[62.811649999947576, 26.216529999559896, 0.0], [62.7997200001779, 26.22046000002905, 0.0], [62.78593000006953, 26.213199999780215, 0.0], [62.80120000007997, 26.204399999560394, 0.0], [62.811649999947576, 26.216529999559896, 0.0]], [[62.89118999961886, 26.21717000029531, 0.0], [62.93452999995958, 26.213999999800194, 0.0], [62.91435000015247, 26.222610000251336, 0.0], [62.94078000039673, 26.224290000383235, 0.0], [62.93955999989413, 26.235919999808175, 0.0], [62.99232999982968, 26.234250000137422, 0.0], [63.01418000020692, 26.21736000006399, 0.0], [63.06067999968229, 26.23710000026483, 0.0], [63.140369999975576, 26.235369999625846, 0.0], [63.24958000001703, 26.26292000025785, 0.0], [63.07031999996809, 26.321210000241365, 0.0], [63.03397000001553, 26.316619999913144, 0.0], [63.090789999658796, 26.29991000004651, 0.0], [63.027730000039526, 26.30528999993362, 0.0], [62.98620999999156, 26.355829999554885, 0.0], [62.972950000042545, 26.334980000326823, 0.0], [62.94647999975223, 26.346959999704268, 0.0], [62.92402000002306, 26.33352000044772, 0.0], [62.94434999955291, 26.323309999956564, 0.0], [62.933219999803214, 26.31421999985315, 0.0], [62.894699999605336, 26.319969999715738, 0.0], [62.90708999990363, 26.34387000020041, 0.0], [62.85889999983516, 26.338729999689804, 0.0], [62.87543000039426, 26.361580000316792, 0.0], [62.9100800001919, 26.364899999635327, 0.0], [62.898890000373285, 26.395800000069983, 0.0], [62.85236000041374, 26.40793999963131, 0.0], [62.84288999987365, 26.380469999990567, 0.0], [62.81946999994062, 26.38438000043675, 0.0], [62.802639999936105, 26.367040000295844, 0.0], [62.75805999996908, 26.383540000370772, 0.0], [62.75769999955537, 26.365090000303326, 0.0], [62.73392999966978, 26.384329999929605, 0.0], [62.723279999572355, 26.372799999720257, 0.0], [62.72602000002303, 26.34966000010894, 0.0], [62.76867000002056, 26.34873999995108, 0.0], [62.791359999564406, 26.328589999728763, 0.0], [62.77778999970877, 26.31688000021188, 0.0], [62.806310000106464, 26.303090000103452, 0.0], [62.813849999777744, 26.27950000042472, 0.0], [62.66547000014043, 26.25522999996457, 0.0], [62.75941999973327, 26.234430000344275, 0.0], [62.862679999682314, 26.24322000010295, 0.0], [62.89118999961886, 26.21717000029531, 0.0]], [[64.11386000033878, 26.399789999708787, 0.0], [64.05783999981617, 26.391889999623857, 0.0], [64.05237000027535, 26.387010000311307, 0.0], [64.0981800003068, 26.389870000000542, 0.0], [64.11386000033878, 26.399789999708787, 0.0]], [[63.28529000013344, 26.378399999860164, 0.0], [63.21561000010149, 26.390509999836695, 0.0], [63.26355999989414, 26.368150000222386, 0.0], [63.28529000013344, 26.378399999860164, 0.0]], [[63.94919999998007, 26.376989999588886, 0.0], [63.69898000022687, 26.351730000239343, 0.0], [63.69165999990912, 26.346339999891143, 0.0], [63.73274999991264, 26.337630000224408, 0.0], [63.7447599997742, 26.32314999977274, 0.0], [63.77644999976775, 26.3234599996793, 0.0], [63.768330000329286, 26.335529999609832, 0.0], [63.784149999622855, 26.341650000347272, 0.0], [63.92709999976523, 26.36257000010545, 0.0], [63.94919999998007, 26.376989999588886, 0.0]], [[63.8951300003493, 26.342669999720783, 0.0], [63.95513000004951, 26.3452299999646, 0.0], [64.03593999983116, 26.37024000037576, 0.0], [63.99423000001457, 26.371339999841155, 0.0], [63.8951300003493, 26.342669999720783, 0.0]], [[63.15605000000755, 26.333110000426245, 0.0], [63.14656999990564, 26.32419999963031, 0.0], [63.152459999929135, 26.319750000362262, 0.0], [63.15605000000755, 26.333110000426245, 0.0]], [[63.28371999967828, 26.342959999604375, 0.0], [63.27784000011599, 26.356789999758746, 0.0], [63.271809999931634, 26.354420000182927, 0.0], [63.28371999967828, 26.342959999604375, 0.0]], [[63.2337599998242, 26.358429999844645, 0.0], [63.22090000033478, 26.36983999991611, 0.0], [63.18076999963586, 26.358830000304295, 0.0], [63.22386999970075, 26.35760000023987, 0.0], [63.2337599998242, 26.358429999844645, 0.0]], [[62.95172999993957, 26.36848000015192, 0.0], [63.001870000000565, 26.368469999690774, 0.0], [63.022069999830705, 26.389339999841184, 0.0], [63.02040000015995, 26.403330000179437, 0.0], [62.94696000030382, 26.387449999917635, 0.0], [62.95172999993957, 26.36848000015192, 0.0]], [[63.19915000007251, 26.388559999844176, 0.0], [63.06522999996457, 26.389009999911593, 0.0], [63.05962000026284, 26.37856000004399, 0.0], [63.16904999965783, 26.375400000010018, 0.0], [63.19915000007251, 26.388559999844176, 0.0]], [[63.209319999618344, 26.317379999887123, 0.0], [63.183499999625326, 26.31378000024688, 0.0], [63.2195199996483, 26.31183000025436, 0.0], [63.209319999618344, 26.317379999887123, 0.0]], [[63.167549999732785, 26.302049999807707, 0.0], [63.25606000026886, 26.290289999783738, 0.0], [63.2779400002309, 26.27795999955441, 0.0], [63.2890299999346, 26.283089999603874, 0.0], [63.27681000028133, 26.300919999858138, 0.0], [63.167549999732785, 26.302049999807707, 0.0]], [[64.07058000006703, 26.281439999956092, 0.0], [64.12392999976976, 26.284120000337793, 0.0], [64.13894000038079, 26.29870999956688, 0.0], [64.07058000006703, 26.281439999956092, 0.0]], [[63.594659999959106, 26.279189999618836, 0.0], [63.544390000198405, 26.272169999645826, 0.0], [63.52662999957488, 26.257850000277358, 0.0], [63.60169999995509, 26.270069999930627, 0.0], [63.594659999959106, 26.279189999618836, 0.0]], [[63.3413699998257, 26.254909999596862, 0.0], [63.34419999993008, 26.264819999743224, 0.0], [63.33459999969028, 26.258049999607863, 0.0], [63.3413699998257, 26.254909999596862, 0.0]], [[63.37305999981919, 26.264250000437244, 0.0], [63.39089999963534, 26.25685999958938, 0.0], [63.394150000222396, 26.258260000298833, 0.0], [63.37305999981919, 26.264250000437244, 0.0]], [[64.1841899997687, 26.428629999574866, 0.0], [64.14270999976674, 26.42338000028684, 0.0], [64.13765000024739, 26.419799999770248, 0.0], [64.17223000041423, 26.419690000093453, 0.0], [64.1841899997687, 26.428629999574866, 0.0]], [[64.04355000003255, 26.471149999872637, 0.0], [63.9907699996358, 26.47529000013344, 0.0], [63.97598999973877, 26.455560000393746, 0.0], [64.04355000003255, 26.471149999872637, 0.0]], [[64.10128000027186, 26.51324000012596, 0.0], [64.08718999981869, 26.510189999768727, 0.0], [64.08940000010995, 26.536299999645337, 0.0], [64.06284999972775, 26.502939999981038, 0.0], [64.10128000027186, 26.51324000012596, 0.0]], [[65.15187999976223, 26.068709999666794, 0.0], [65.17077000033532, 26.029649999747733, 0.0], [65.23785000007751, 26.041420000232847, 0.0], [65.21775999992411, 26.05544999971778, 0.0], [65.17902999993458, 26.05443000034427, 0.0], [65.16888000041172, 26.072350000252356, 0.0], [65.15187999976223, 26.068709999666794, 0.0]], [[65.61418999996857, 26.883360000063988, 0.0], [65.59116999959588, 26.865320000018016, 0.0], [65.59413999986117, 26.85218999976871, 0.0], [65.61250999983667, 26.86550000022487, 0.0], [65.61418999996857, 26.883360000063988, 0.0]], [[65.48667000002052, 26.864210000091475, 0.0], [65.53313000034927, 26.89854999998255, 0.0], [65.5311099998267, 26.9163200001679, 0.0], [65.54537000002551, 26.919640000385755, 0.0], [65.55446999969081, 26.9469299998197, 0.0], [65.54159999974024, 26.958489999613846, 0.0], [65.5075600001939, 26.939840000215895, 0.0], [65.46316999999556, 26.87537000032529, 0.0], [65.48667000002052, 26.864210000091475, 0.0]], [[65.56647999955237, 26.96371999977822, 0.0], [65.5633599995644, 26.933290000333272, 0.0], [65.57890999989661, 26.96701000041122, 0.0], [65.56647999955237, 26.96371999977822, 0.0]]]}}, {"type": "Feature", "properties": {"Name": "Qt", "SymbolID": "7"}, "geometry": {"type": "Polygon", "coordinates": [[[64.34548999986367, 27.00913999981117, 0.0], [64.40981000003154, 26.983290000233353, 0.0], [64.40757000015543, 26.95638000033682, 0.0], [64.37257000040523, 26.967900000084967, 0.0], [64.34548999986367, 27.00913999981117, 0.0]]]}}, {"type": "Feature", "properties": {"Name": "Qpkc", "SymbolID": "0"}, "geometry": {"type": "Polygon", "coordinates": [[[63.80996000005399, 26.979140000410723, 0.0], [63.816969999565856, 26.99868000038174, 0.0], [63.843080000341786, 27.007989999838685, 0.0], [63.84200999956187, 27.000240000375754, 0.0], [63.80996000005399, 26.979140000410723, 0.0]]]}}, {"type": "Feature", "properties": {"Name": "Qpkc", "SymbolID": "0"}, "geometry": {"type": "Polygon", "coordinates": [[[64.07645999962932, 26.986180000406762, 0.0], [64.06105999991911, 26.986379999737267, 0.0], [64.05477000033528, 27.015979999577382, 0.0], [64.0806300003743, 27.01465000029731, 0.0], [64.07645999962932, 26.986180000406762, 0.0]]]}}, {"type": "Feature", "properties": {"Name": "Qpkc", "SymbolID": "0"}, "geometry": {"type": "Polygon", "coordinates": [[[64.59705000025735, 27.152589999628844, 0.0], [64.33713000014944, 27.043260000348766, 0.0], [64.13018999976873, 27.004740000150946, 0.0], [64.09931000025637, 26.98889000037326, 0.0], [64.09991000004652, 27.008179999607364, 0.0], [64.12930999965681, 27.008569999605868, 0.0], [64.12495000004253, 27.02641999988316, 0.0], [64.0431300004492, 27.02676000027384, 0.0], [64.03515000027232, 27.01233999989114, 0.0], [64.02472000042775, 27.020970000365253, 0.0], [63.97070000040475, 26.977269999610826, 0.0], [63.96215000002252, 27.008450000367247, 0.0], [63.94589999978524, 26.970599999590377, 0.0], [63.92233000012948, 26.968470000290324, 0.0], [63.86114000041073, 26.989379999587356, 0.0], [63.850519999898154, 27.017899999985048, 0.0], [64.03105999961934, 27.055640000185917, 0.0], [64.25316999989565, 27.065619999963076, 0.0], [64.3316599997093, 27.080809999881637, 0.0], [64.36207000003054, 27.068510000136428, 0.0], [64.39232999972978, 27.08365000044722, 0.0], [64.3803599999141, 27.11015999988416, 0.0], [64.42403000018442, 27.116589999628843, 0.0], [64.45278000039673, 27.1393499997028, 0.0], [64.50641999998305, 27.154329999829656, 0.0], [64.50307999974223, 27.130319999668302, 0.0], [64.468920000058, 27.104140000160953, 0.0], [64.50984000031582, 27.12282000004302, 0.0], [64.51703000003454, 27.157480000301803, 0.0], [64.52973999980122, 27.16450000027487, 0.0], [64.53135000030233, 27.142150000222387, 0.0], [64.54381999979319, 27.15348000020191, 0.0], [64.59705000025735, 27.152589999628844, 0.0]]]}}, {"type": "Feature", "properties": {"Name": "Q", "SymbolID": "0"}, "geometry": {"type": "Polygon", "coordinates": [[[65.67732000011796, 27.779899999685313, 0.0], [65.65663999973623, 27.739439999956062, 0.0], [65.65123000026438, 27.70179999987016, 0.0], [65.66646000022888, 27.69582999975472, 0.0], [65.65872999988966, 27.662029999584888, 0.0], [65.60991000044623, 27.603739999601373, 0.0], [65.6331500001724, 27.604070000430227, 0.0], [65.54415000042223, 27.520629999874643, 0.0], [65.4251399999111, 27.32039999956038, 0.0], [65.39554000007098, 27.29807999999207, 0.0], [65.47273000018942, 27.298200000129953, 0.0], [65.3740399996463, 27.276590000028534, 0.0], [65.39472000002803, 27.318999999750247, 0.0], [65.3660499999076, 27.310250000037513, 0.0], [65.30699999995011, 27.26191000024636, 0.0], [65.29556999985567, 27.215730000239375, 0.0], [65.304760000074, 27.187650000347276, 0.0], [65.28618999986867, 27.187169999795685, 0.0], [65.20435999981419, 27.123399999810204, 0.0], [65.17933000027932, 27.075280000271846, 0.0], [65.16084999972776, 27.07179000030834, 0.0], [65.1758099998317, 27.094820000242862, 0.0], [65.10347000034028, 27.035209999641836, 0.0], [65.03931999991812, 27.029570000355307, 0.0], [65.02956000039376, 27.00882000034278, 0.0], [64.95841000002156, 26.97625000023737, 0.0], [64.91064999999753, 26.935949999792683, 0.0], [64.88698999978874, 26.88986999990061, 0.0], [64.85726999981068, 26.89159000007851, 0.0], [64.82331000035629, 26.863499999725263, 0.0], [64.79171000001656, 26.8734400003558, 0.0], [64.78586000003901, 26.854839999666297, 0.0], [64.75885999958939, 26.85277999999704, 0.0], [64.7761599996843, 26.877169999695752, 0.0], [64.73303999959637, 26.856599999890136, 0.0], [64.71193999963134, 26.809490000163407, 0.0], [64.71412999989963, 26.850589999728754, 0.0], [64.64890000003504, 26.823049999557895, 0.0], [64.52788999992362, 26.80528999983369, 0.0], [64.52602000002304, 26.793509999786693, 0.0], [64.47731000025635, 26.7986500002973, 0.0], [64.24228999998354, 26.771400000010033, 0.0], [64.20481999964335, 26.748570000305335, 0.0], [64.17476000017393, 26.74570999971678, 0.0], [64.17886000038874, 26.729839999916123, 0.0], [64.09629000038325, 26.72023000011444, 0.0], [64.03710999982667, 26.69353000000956, 0.0], [64.04051999969829, 26.67825000043723, 0.0], [64.09063999973625, 26.676310000006538, 0.0], [64.08897999962733, 26.667010000111475, 0.0], [63.94059999999007, 26.659339999841166, 0.0], [63.93399999960036, 26.65356000039378, 0.0], [63.964880000012045, 26.63680000002006, 0.0], [63.96040000025988, 26.62986999970076, 0.0], [63.924750000212384, 26.61504999975773, 0.0], [63.90363999978621, 26.62130999975676, 0.0], [63.89322000040278, 26.593849999677786, 0.0], [63.81342999999458, 26.616820000442715, 0.0], [63.809050000357274, 26.577250000387266, 0.0], [63.76271000016641, 26.602640000335782, 0.0], [63.687710000316315, 26.59554000027083, 0.0], [63.681109999926605, 26.590370000175426, 0.0], [63.70444000020592, 26.575370000025544, 0.0], [63.674720000227865, 26.571659999809185, 0.0], [63.661099999865144, 26.584689999943578, 0.0], [63.60822999981468, 26.57346999964085, 0.0], [63.60767999963235, 26.58514000001105, 0.0], [63.56506000011899, 26.589049999557858, 0.0], [63.48200999956191, 26.5790699997807, 0.0], [63.44973999980118, 26.595480000201917, 0.0], [63.30787000000055, 26.599090000303306, 0.0], [63.38777999964731, 26.57457999956739, 0.0], [63.339999999600366, 26.57206999983066, 0.0], [63.27737999958737, 26.592950000442215, 0.0], [63.1464200001829, 26.59751000028632, 0.0], [63.08825999989915, 26.624010000161434, 0.0], [63.02147999960238, 26.623669999770698, 0.0], [63.01863000037429, 26.63891999975823, 0.0], [62.993009999711774, 26.644599999990078, 0.0], [62.826719999728255, 26.63130999955689, 0.0], [62.80485999978919, 26.643269999810684, 0.0], [62.75301000001156, 26.640370000075507, 0.0], [62.738430000344295, 26.606529999859674, 0.0], [62.69049000011347, 26.597639999986086, 0.0], [62.67996999971575, 26.577489999763714, 0.0], [62.63035000025235, 26.5845000001749, 0.0], [62.59062000001302, 26.561180000356785, 0.0], [62.447429999594874, 26.55710000016495, 0.0], [62.4202000002299, 26.53124999968776, 0.0], [62.37960000033979, 26.536120000337803, 0.0], [62.348280000321836, 26.522370000275316, 0.0], [62.317459999979064, 26.50002000022289, 0.0], [62.31218000020692, 26.449989999838692, 0.0], [62.28033999959138, 26.422059999669273, 0.0], [62.28932999957988, 26.396680000181902, 0.0], [62.292079999592374, 26.38451000013646, 0.0], [62.29138074162796, 26.382657164696468, 0.0], [62.26471328708857, 26.412694931126225, 0.0], [62.256370543565765, 26.445981978685438, 0.0], [62.282592772538464, 26.44725036631138, 0.0], [62.30879592868922, 26.4766788474509, 0.0], [62.29586410484461, 26.49874496480834, 0.0], [62.30601882850618, 26.524431228418507, 0.0], [62.36133956926574, 26.539539336970847, 0.0], [62.403537749867326, 26.539346694994038, 0.0], [62.44122695905696, 26.57003021152508, 0.0], [62.6081466670351, 26.585012435675424, 0.0], [62.66085052453212, 26.61651420576601, 0.0], [62.7213859562969, 26.61989593454979, 0.0], [62.736843108822484, 26.638530730908542, 0.0], [62.77869796783699, 26.652280806514057, 0.0], [62.985877990976576, 26.65334892321431, 0.0], [63.051441193256494, 26.637582778922138, 0.0], [63.16202545181318, 26.643615722587583, 0.0], [63.199733733824814, 26.737987517709826, 0.0], [63.19213485733786, 26.84349250787301, 0.0], [63.20343017586197, 26.849252700651675, 0.0], [63.24401725968886, 26.85798747574148, 0.0], [63.229750000162426, 26.81813999976123, 0.0], [63.43538000038677, 26.842399999760232, 0.0], [63.53127999997207, 26.872219999853144, 0.0], [63.571950000392235, 26.927730000239364, 0.0], [63.62903999989612, 26.939069999780713, 0.0], [63.609020000272835, 26.957160000333772, 0.0], [63.64073000028935, 26.961450000317313, 0.0], [63.683980000076986, 26.964009999661812, 0.0], [63.64295999970426, 26.946900000234848, 0.0], [63.68482000014296, 26.946209999891607, 0.0], [63.68061000025136, 26.916340000190928, 0.0], [63.70534000034081, 26.943780000246875, 0.0], [63.78703999979621, 26.95324000032582, 0.0], [63.791320000217866, 26.96923000026436, 0.0], [63.8090599999191, 26.973199999880137, 0.0], [63.812939999881166, 26.95211000037625, 0.0], [63.832180000406765, 26.94052000009799, 0.0], [63.9748999998352, 26.94791999960836, 0.0], [63.94593000026936, 26.926010000061524, 0.0], [63.96836999997555, 26.92270999986664, 0.0], [64.0429799998272, 26.988730000189435, 0.0], [64.0724499999676, 26.982679999982054, 0.0], [64.13018999976873, 27.004740000150946, 0.0], [64.32223000011447, 27.038899999835166, 0.0], [64.39330000039473, 27.07403999974622, 0.0], [64.45387000030036, 27.085650000047508, 0.0], [64.54519000001852, 27.13745000021737, 0.0], [64.58086999965082, 27.143719999778227, 0.0], [64.65197999997707, 27.190349999852685, 0.0], [64.75002000022289, 27.22612000003801, 0.0], [64.78914999977275, 27.289359999864132, 0.0], [64.77301000011147, 27.23158000001706, 0.0], [64.86999000003851, 27.27462999957487, 0.0], [64.88433000032933, 27.311669999870674, 0.0], [64.8640100003613, 27.329780000446704, 0.0], [64.8874900003633, 27.320730000389233, 0.0], [64.8950900001035, 27.33966000010895, 0.0], [64.92928999983366, 27.34768000033182, 0.0], [64.96426999956088, 27.382230000014545, 0.0], [64.96871000016642, 27.36792999976973, 0.0], [64.98474999971279, 27.371519999848147, 0.0], [64.9965200001979, 27.404299999745263, 0.0], [65.02780000016992, 27.41116000043371, 0.0], [65.10618999986866, 27.464479999652326, 0.0], [65.16763999988615, 27.52549999962531, 0.0], [65.15794999999258, 27.561420000432747, 0.0], [65.18089000027334, 27.566629999674774, 0.0], [65.24259000012847, 27.625659999609354, 0.0], [65.2518499999776, 27.612599999890108, 0.0], [65.22375999962435, 27.577500000025054, 0.0], [65.24019000006848, 27.57795000009247, 0.0], [65.2318599999391, 27.536069999630854, 0.0], [65.24142999969479, 27.54135999986414, 0.0], [65.26514999997255, 27.584120000437736, 0.0], [65.30248999971377, 27.604349999852673, 0.0], [65.31506000021886, 27.643139999911114, 0.0], [65.32760999980172, 27.604129999599877, 0.0], [65.28191000034627, 27.580960000403763, 0.0], [65.27073000008949, 27.551639999986037, 0.0], [65.2597700000855, 27.552230000214365, 0.0], [65.26693000021942, 27.53914000001106, 0.0], [65.28641999968329, 27.55028999978373, 0.0], [65.25958999987864, 27.513689999993574, 0.0], [65.22539000014842, 27.512829999904625, 0.0], [65.21408000019193, 27.495030000134477, 0.0], [65.17995999965433, 27.483239999626335, 0.0], [65.20564999994758, 27.480179999707275, 0.0], [65.19702000037279, 27.463560000393727, 0.0], [65.21759999974023, 27.464559999744267, 0.0], [65.18284999982768, 27.44998999963883, 0.0], [65.14259999989014, 27.393959999554397, 0.0], [65.11583999971629, 27.392770000435235, 0.0], [65.12537000032529, 27.382629999574874, 0.0], [65.11560000033978, 27.357109999926593, 0.0], [65.09756999985564, 27.371729999639797, 0.0], [65.0861100001764, 27.3663099997068, 0.0], [65.08367000007053, 27.37931000025634, 0.0], [65.06889000017344, 27.362070000230403, 0.0], [65.0816199999631, 27.35290000003505, 0.0], [65.0453599996643, 27.350129999999524, 0.0], [65.08085999998906, 27.32100999981168, 0.0], [64.97745999987916, 27.287070000380254, 0.0], [64.99436999997556, 27.26195000029236, 0.0], [64.96686000028882, 27.274800000219898, 0.0], [64.9121299998996, 27.26776000022386, 0.0], [64.90426999986067, 27.256219999553366, 0.0], [64.93018000040672, 27.239440000055993, 0.0], [64.90909000000357, 27.24348999976371, 0.0], [64.90896999986563, 27.234909999796685, 0.0], [64.87666000005902, 27.2593099999566, 0.0], [64.83809000025337, 27.252319999568385, 0.0], [64.80804000034578, 27.22802000042276, 0.0], [64.67628000002202, 27.195550000432206, 0.0], [64.60331999981821, 27.14416000028382, 0.0], [64.48123999982619, 27.08778000024688, 0.0], [64.40923999982618, 27.071949999592846, 0.0], [64.35519000021839, 27.042110000376283, 0.0], [64.15696000040373, 26.996459999629337, 0.0], [64.0550699997807, 26.95901000021138, 0.0], [64.07129999999506, 26.94555000003254, 0.0], [64.13837999973725, 26.940009999961603, 0.0], [64.13527999977225, 26.92400999956186, 0.0], [64.10978000014694, 26.91065999995908, 0.0], [64.1123800004367, 26.88754000037079, 0.0], [64.0471499996728, 26.87825999959938, 0.0], [64.04506999998057, 26.850990000188403, 0.0], [63.91231000030632, 26.849940000330776, 0.0], [63.945509999786736, 26.84083000020439, 0.0], [63.829809999931626, 26.80797000021539, 0.0], [63.88372999983966, 26.81140999967181, 0.0], [63.858379999937085, 26.792100000414734, 0.0], [63.89246999999057, 26.780840000066007, 0.0], [63.90254999988264, 26.756950000042536, 0.0], [63.97333000027936, 26.76756999965579, 0.0], [63.98953000000955, 26.753440000056003, 0.0], [64.07214999962287, 26.755610000301317, 0.0], [64.14841999958338, 26.772950000442222, 0.0], [64.16269999980523, 26.787799999970048, 0.0], [64.4030999999651, 26.819449999917595, 0.0], [64.44548999966383, 26.836609999851646, 0.0], [64.50543999975622, 26.839620000162938, 0.0], [64.56257000020543, 26.821820000392734, 0.0], [64.61862999987466, 26.831200000379738, 0.0], [64.54564999964782, 26.835450000317337, 0.0], [64.5031100002264, 26.867860000238863, 0.0], [64.54176999968581, 26.872339999991084, 0.0], [64.54278999995859, 26.88420999969179, 0.0], [64.6974099995719, 26.947430000394263, 0.0], [65.13465999975926, 27.200199999930078, 0.0], [65.14044000010597, 27.227049999757753, 0.0], [65.17590999994661, 27.22864999979771, 0.0], [65.26383000025436, 27.279230000364294, 0.0], [65.23941000007153, 27.2884199996833, 0.0], [65.34488000031183, 27.350330000229405, 0.0], [65.41705999961937, 27.421789999608848, 0.0], [65.44574999976271, 27.47362999982471, 0.0], [65.51361000040123, 27.528670000120485, 0.0], [65.57935000040226, 27.613439999956086, 0.0], [65.63510000016493, 27.734269999860658, 0.0], [65.67732000011796, 27.779899999685313, 0.0]], [[64.6903199999681, 26.86101000001156, 0.0], [64.72209000005353, 26.873659999709275, 0.0], [64.72399000043822, 26.89588999962382, 0.0], [64.68112000018789, 26.86811999963834, 0.0], [64.6903199999681, 26.86101000001156, 0.0]], [[63.69118000025685, 26.716820000242876, 0.0], [63.82572000017791, 26.764449999667818, 0.0], [63.83812999959986, 26.797979999977088, 0.0], [63.73276999993561, 26.80879000025834, 0.0], [63.67049000031329, 26.791760000024055, 0.0], [63.473159999734264, 26.807689999893626, 0.0], [63.41061000025138, 26.79713999991111, 0.0], [63.40439000029835, 26.80717999975724, 0.0], [63.28135999966429, 26.811070000180393, 0.0], [63.203620000262845, 26.793939999831196, 0.0], [63.20693999958138, 26.728680000381758, 0.0], [63.19209999961532, 26.69868999964382, 0.0], [63.25994000023087, 26.69999000023836, 0.0], [63.270889999773715, 26.726149999722736, 0.0], [63.294229999614856, 26.70137000002552, 0.0], [63.36028999998359, 26.70549999982518, 0.0], [63.400169999945604, 26.743079999842166, 0.0], [63.408150000122475, 26.713999999700263, 0.0], [63.49614000006102, 26.704960000103995, 0.0], [63.69118000025685, 26.716820000242876, 0.0]], [[63.42683999956637, 26.809470000140436, 0.0], [63.43620000042972, 26.817370000225367, 0.0], [63.42654999968278, 26.835959999554404, 0.0], [63.39085999958934, 26.83122999996459, 0.0], [63.42683999956637, 26.809470000140436, 0.0]], [[63.662559999744246, 26.920679999782237, 0.0], [63.63392000010799, 26.922330000329282, 0.0], [63.58722000040274, 26.89631999966832, 0.0], [63.58589999978523, 26.87065999985913, 0.0], [63.64315000037226, 26.888849999627837, 0.0], [63.662559999744246, 26.920679999782237, 0.0]], [[65.16689999993508, 27.453400000409715, 0.0], [65.18883999996609, 27.457550000232402, 0.0], [65.1890099997118, 27.45999000033828, 0.0], [65.16689999993508, 27.453400000409715, 0.0]], [[65.25423999957638, 27.52776000042371, 0.0], [65.24164000038576, 27.525869999600843, 0.0], [65.23565999980917, 27.519069999880628, 0.0], [65.24417000014546, 27.517079999842167, 0.0], [65.25423999957638, 27.52776000042371, 0.0]]]}}, {"type": "Feature", "properties": {"Name": "Qt", "SymbolID": "7"}, "geometry": {"type": "Polygon", "coordinates": [[[64.38358999957887, 27.103930000369246, 0.0], [64.39232999972978, 27.08365000044722, 0.0], [64.36207000003054, 27.068510000136428, 0.0], [64.3316599997093, 27.080809999881637, 0.0], [64.36268000028184, 27.111369999925614, 0.0], [64.38358999957887, 27.103930000369246, 0.0]]]}}, {"type": "Feature", "properties": {"Name": "Q", "SymbolID": "0"}, "geometry": {"type": "Polygon", "coordinates": [[[63.71938999984866, 27.138700000304823, 0.0], [63.77782999955491, 27.130129999899623, 0.0], [63.75481000008148, 27.086789999558903, 0.0], [63.68412999979972, 27.069040000295843, 0.0], [63.74101000041122, 27.09769999995507, 0.0], [63.75193000036927, 27.12647000019041, 0.0], [63.71938999984866, 27.138700000304823, 0.0]]]}}, {"type": "Feature", "properties": {"Name": "0", "SymbolID": "0"}, "geometry": {"type": "Polygon", "coordinates": [[[63.66462999987465, 27.13550000022491, 0.0], [63.71673000038925, 27.125140000011015, 0.0], [63.70945000011744, 27.10611999973827, 0.0], [63.66462999987465, 27.13550000022491, 0.0]]]}}, {"type": "Feature", "properties": {"Name": "Q", "SymbolID": "8"}, "geometry": {"type": "Polygon", "coordinates": [[[63.747979999877145, 27.137350000102458, 0.0], [63.745049999657795, 27.138009999961582, 0.0], [63.75146999984065, 27.13757000035531, 0.0], [63.747979999877145, 27.137350000102458, 0.0]]]}}, {"type": "Feature", "properties": {"Name": "Q", "SymbolID": "8"}, "geometry": {"type": "Polygon", "coordinates": [[[63.72228000002201, 27.138800000419735, 0.0], [63.71834999955291, 27.13924999958789, 0.0], [63.725099999665304, 27.13944000025583, 0.0], [63.72228000002201, 27.138800000419735, 0.0]]]}}, {"type": "Feature", "properties": {"Name": "Qpkc", "SymbolID": "0"}, "geometry": {"type": "Polygon", "coordinates": [[[63.81455000038227, 27.15914000041073, 0.0], [63.69555000033233, 27.136579999667276, 0.0], [63.672810000281345, 27.139679999632335, 0.0], [63.66591000044622, 27.152950000042495, 0.0], [63.71195000029235, 27.14625000043725, 0.0], [63.81455000038227, 27.15914000041073, 0.0]]]}}, {"type": "Feature", "properties": {"Name": "Q", "SymbolID": "0"}, "geometry": {"type": "Polygon", "coordinates": [[[63.785510000286365, 27.162960000303826, 0.0], [63.85809999961532, 27.190539999621365, 0.0], [63.82428999988366, 27.167339999941078, 0.0], [63.874490000013566, 27.151080000141917, 0.0], [63.859930000369275, 27.134080000391748, 0.0], [63.89347000024037, 27.10467000032031, 0.0], [63.841489999863654, 27.101390000148456, 0.0], [63.85823999977623, 27.126240000375788, 0.0], [63.81537000042522, 27.125119999988044, 0.0], [63.84033000032929, 27.13792999986964, 0.0], [63.81455000038227, 27.15914000041073, 0.0], [63.76178000044672, 27.149609999801726, 0.0], [63.78705999981918, 27.205559999794218, 0.0], [63.785510000286365, 27.162960000303826, 0.0]]]}}, {"type": "Feature", "properties": {"Name": "Qt", "SymbolID": "7"}, "geometry": {"type": "Polygon", "coordinates": [[[63.591860000338784, 27.136249999737743, 0.0], [63.598330000129465, 27.183539999671325, 0.0], [63.6270899999036, 27.18886999995061, 0.0], [63.632409999721744, 27.17641000002152, 0.0], [63.605120000287855, 27.154850000427246, 0.0], [63.60453999962135, 27.136510000036537, 0.0], [63.591860000338784, 27.136249999737743, 0.0]]]}}, {"type": "Feature", "properties": {"Name": "Q", "SymbolID": "0"}, "geometry": {"type": "Polygon", "coordinates": [[[63.723019999973076, 27.16898999958886, 0.0], [63.73494000018093, 27.188139999561372, 0.0], [63.74044999976775, 27.14874000015095, 0.0], [63.6855699996558, 27.150679999682268, 0.0], [63.72447999985218, 27.155169999895634, 0.0], [63.69196000025386, 27.169630000324332, 0.0], [63.7029499998427, 27.19418000020687, 0.0], [63.723019999973076, 27.16898999958886, 0.0]]]}}, {"type": "Feature", "properties": {"Name": "Qpkc", "SymbolID": "0"}, "geometry": {"type": "Polygon", "coordinates": [[[63.850080000291825, 27.164070000230367, 0.0], [63.82428999988366, 27.167339999941078, 0.0], [63.90199999970031, 27.194340000390753, 0.0], [63.95882999980472, 27.230510000136462, 0.0], [64.04781999999307, 27.242849999927614, 0.0], [63.850080000291825, 27.164070000230367, 0.0]]]}}, {"type": "Feature", "properties": {"Name": "Qt", "SymbolID": "7"}, "geometry": {"type": "Polygon", "coordinates": [[[63.82730999975672, 27.220680000081984, 0.0], [63.81735999956436, 27.203390000448223, 0.0], [63.8875899997787, 27.200030000184427, 0.0], [63.9193900003483, 27.210830000004535, 0.0], [63.90199999970031, 27.194340000390753, 0.0], [63.843410000271376, 27.190900000035015, 0.0], [63.785510000286365, 27.162960000303826, 0.0], [63.793729999839684, 27.192680000281825, 0.0], [63.78251000043622, 27.20539000004851, 0.0], [63.770009999561864, 27.158759999974052, 0.0], [63.75499000028833, 27.14907999964231, 0.0], [63.74044999976775, 27.14874000015095, 0.0], [63.73494000018093, 27.188139999561372, 0.0], [63.723019999973076, 27.16898999958886, 0.0], [63.7029499998427, 27.19418000020687, 0.0], [63.689740000400775, 27.17376999968576, 0.0], [63.6945999996903, 27.15947000034032, 0.0], [63.63420999999158, 27.199509999586837, 0.0], [63.81228000002204, 27.226750000312336, 0.0], [63.88569999985515, 27.254609999951583, 0.0], [63.90656000044373, 27.279609999901652, 0.0], [63.97809000035329, 27.286779999597343, 0.0], [64.04796999971575, 27.315939999831187, 0.0], [64.04769000029336, 27.30277999999703, 0.0], [63.97231000000653, 27.28137999968726, 0.0], [63.96814000016093, 27.269149999572846, 0.0], [63.8993400002409, 27.237679999832153, 0.0], [63.82730999975672, 27.220680000081984, 0.0]]]}}, {"type": "Feature", "properties": {"Name": "Qpkc", "SymbolID": "0"}, "geometry": {"type": "Polygon", "coordinates": [[[63.83781000013147, 27.22517000029535, 0.0], [63.8993400002409, 27.237679999832153, 0.0], [63.96814000016093, 27.269149999572846, 0.0], [63.97231000000653, 27.28137999968726, 0.0], [64.04769000029336, 27.30277999999703, 0.0], [64.04796999971575, 27.315939999831187, 0.0], [64.28079000015845, 27.355890000323313, 0.0], [64.14397000031533, 27.321470000340298, 0.0], [64.10052000029782, 27.29235999971428, 0.0], [64.05841000002152, 27.292620000013017, 0.0], [63.876319999868144, 27.222480000351766, 0.0], [63.83781000013147, 27.22517000029535, 0.0]]]}}, {"type": "Feature", "properties": {"Name": "Qpk", "SymbolID": "0"}, "geometry": {"type": "Polygon", "coordinates": [[[63.7445600004437, 27.300569999705772, 0.0], [63.70922999986465, 27.292009999761717, 0.0], [63.70403000018439, 27.30253999972126, 0.0], [63.735530000409256, 27.30809999981517, 0.0], [63.7445600004437, 27.300569999705772, 0.0]]]}}, {"type": "Feature", "properties": {"Name": "Qt", "SymbolID": "7"}, "geometry": {"type": "Polygon", "coordinates": [[[63.61653000035926, 27.281299999595376, 0.0], [63.584459999929095, 27.27788000016193, 0.0], [63.59088999967378, 27.31790000028485, 0.0], [63.61793000016945, 27.32324999968779, 0.0], [63.6050099997118, 27.307480000002045, 0.0], [63.61653000035926, 27.281299999595376, 0.0]]]}}, {"type": "Feature", "properties": {"Name": "Qt", "SymbolID": "7"}, "geometry": {"type": "Polygon", "coordinates": [[[63.50619000036829, 27.125730000239344, 0.0], [63.47894999964285, 27.108330000029525, 0.0], [63.413449999917646, 27.13107999964234, 0.0], [63.43534000034077, 27.13792999986964, 0.0], [63.439439999656315, 27.16403999974625, 0.0], [63.45817000004553, 27.153320000018027, 0.0], [63.514059999969106, 27.154920000057984, 0.0], [63.50086999965083, 27.148969999965573, 0.0], [63.50619000036829, 27.125730000239344, 0.0]]]}}, {"type": "Feature", "properties": {"Name": "Qt", "SymbolID": "7"}, "geometry": {"type": "Polygon", "coordinates": [[[63.5398300003543, 27.133980000276836, 0.0], [63.53719000001854, 27.151000000050033, 0.0], [63.54652000039778, 27.153170000295347, 0.0], [63.55767000017045, 27.13499999965029, 0.0], [63.5398300003543, 27.133980000276836, 0.0]]]}}, {"type": "Feature", "properties": {"Name": "Qpkc", "SymbolID": "0"}, "geometry": {"type": "Polygon", "coordinates": [[[63.65744000015593, 27.174950000142417, 0.0], [63.72447999985218, 27.155169999895634, 0.0], [63.68234999955291, 27.147539999671324, 0.0], [63.6738699997008, 27.155669999570875, 0.0], [63.66462999987465, 27.13550000022491, 0.0], [63.60453999962135, 27.136510000036537, 0.0], [63.605120000287855, 27.154850000427246, 0.0], [63.632409999721744, 27.17641000002152, 0.0], [63.6270899999036, 27.18886999995061, 0.0], [63.598330000129465, 27.183539999671325, 0.0], [63.591860000338784, 27.136249999737743, 0.0], [63.55767000017045, 27.13499999965029, 0.0], [63.54039999966034, 27.154140000060977, 0.0], [63.5398300003543, 27.133980000276836, 0.0], [63.510650000097485, 27.12589999998505, 0.0], [63.50086999965083, 27.148969999965573, 0.0], [63.514059999969106, 27.154920000057984, 0.0], [63.45817000004553, 27.153320000018027, 0.0], [63.439439999656315, 27.16403999974625, 0.0], [63.43534000034077, 27.13792999986964, 0.0], [63.37564000008598, 27.132099999915113, 0.0], [63.4305400002209, 27.16670000010498, 0.0], [63.3143599998142, 27.143940000031023, 0.0], [63.29403000028435, 27.185370000425223, 0.0], [63.46274000035078, 27.184069999830683, 0.0], [63.63420999999158, 27.199509999586837, 0.0], [63.65744000015593, 27.174950000142417, 0.0]]]}}, {"type": "Feature", "properties": {"Name": "Q", "SymbolID": "0"}, "geometry": {"type": "Polygon", "coordinates": [[[62.82618000000707, 27.218070000230398, 0.0], [62.876509999836685, 27.225520000247855, 0.0], [62.93949999982516, 27.20645999992911, 0.0], [63.01408000009201, 27.216659999959063, 0.0], [63.050049999607836, 27.237380000386736, 0.0], [63.07867369363612, 27.23359843931655, 0.0], [62.95165634186674, 27.192070007225084, 0.0], [62.878330231255234, 27.21713829000015, 0.0], [62.82136154220149, 27.212320327720988, 0.0], [62.78206593699343, 27.24465860401142, 0.0], [62.82618000000707, 27.218070000230398, 0.0]]]}}, {"type": "Feature", "properties": {"Name": "Qpk", "SymbolID": "0"}, "geometry": {"type": "Polygon", "coordinates": [[[63.44380999973174, 27.231049999857646, 0.0], [63.38980999973177, 27.22417000004549, 0.0], [63.38436999977574, 27.242029999884664, 0.0], [63.40610999957687, 27.23679999972029, 0.0], [63.39569000019338, 27.25949999972528, 0.0], [63.40529000043324, 27.262949999642842, 0.0], [63.42469999980523, 27.23623999997608, 0.0], [63.44380999973174, 27.231049999857646, 0.0]]]}}, {"type": "Feature", "properties": {"Name": "Qpk", "SymbolID": "0"}, "geometry": {"type": "Polygon", "coordinates": [[[63.485019999873145, 27.264050000007558, 0.0], [63.46506000031883, 27.26062999967479, 0.0], [63.444740000350805, 27.281189999918638, 0.0], [63.46258000016695, 27.293520000147964, 0.0], [63.485019999873145, 27.264050000007558, 0.0]]]}}, {"type": "Feature", "properties": {"Name": "Qpk", "SymbolID": "0"}, "geometry": {"type": "Polygon", "coordinates": [[[63.31447000039026, 27.27074999961286, 0.0], [63.30300999981171, 27.284679999882144, 0.0], [63.341830000354264, 27.28931999981819, 0.0], [63.33894000018091, 27.279159999834178, 0.0], [63.31447000039026, 27.27074999961286, 0.0]]]}}, {"type": "Feature", "properties": {"Name": "Qt", "SymbolID": "7"}, "geometry": {"type": "Polygon", "coordinates": [[[63.57152000034779, 27.31096999996555, 0.0], [63.57489000017341, 27.271829999954605, 0.0], [63.55496000020389, 27.279779999647303, 0.0], [63.53419000016845, 27.265440000255865, 0.0], [63.55024999973773, 27.306220000352766, 0.0], [63.57152000034779, 27.31096999996555, 0.0]]]}}, {"type": "Feature", "properties": {"Name": "Qt", "SymbolID": "7"}, "geometry": {"type": "Polygon", "coordinates": [[[63.56908999980368, 27.372419999983038, 0.0], [63.57273000038924, 27.35815999978422, 0.0], [63.600719999728256, 27.345269999810682, 0.0], [63.54299000038827, 27.324700000005066, 0.0], [63.48516999959588, 27.32808999985366, 0.0], [63.47079999972027, 27.30265000029732, 0.0], [63.49509000020339, 27.275680000331818, 0.0], [63.49558000031681, 27.295340000440717, 0.0], [63.5275099996868, 27.30183000025437, 0.0], [63.51219000006853, 27.275480000101993, 0.0], [63.518360000413736, 27.24953999997109, 0.0], [63.50336999982568, 27.26641000002155, 0.0], [63.484059999669284, 27.242089999953578, 0.0], [63.44872999998955, 27.2555199996483, 0.0], [63.45615000042221, 27.2333299997797, 0.0], [63.44380999973174, 27.231049999857646, 0.0], [63.398509999836676, 27.261799999670302, 0.0], [63.40610999957687, 27.23679999972029, 0.0], [63.38436999977574, 27.242029999884664, 0.0], [63.38980999973177, 27.22417000004549, 0.0], [63.22261000005153, 27.223760000024015, 0.0], [63.19759999964032, 27.23927000031034, 0.0], [63.29518999981872, 27.294309999706797, 0.0], [63.382669999620816, 27.322299999945074, 0.0], [63.36045000016742, 27.2921699999456, 0.0], [63.3989300003193, 27.274949999942578, 0.0], [63.41147000034027, 27.278080000391753, 0.0], [63.41104000029583, 27.296390000298345, 0.0], [63.42683999956637, 27.283050000257333, 0.0], [63.4687099995669, 27.31525999994909, 0.0], [63.48261999981321, 27.34986000013896, 0.0], [63.51728000007199, 27.34075000001252, 0.0], [63.549170000295305, 27.348110000376266, 0.0], [63.54689000037325, 27.3733800001869, 0.0], [63.56908999980368, 27.372419999983038, 0.0]], [[63.4856199996633, 27.260319999768228, 0.0], [63.46258000016695, 27.293520000147964, 0.0], [63.444740000350805, 27.281189999918638, 0.0], [63.46978999990864, 27.258189999568856, 0.0], [63.4856199996633, 27.260319999768228, 0.0]], [[63.29988999982368, 27.278880000411732, 0.0], [63.341830000354264, 27.28931999981819, 0.0], [63.31439999986014, 27.291249999787738, 0.0], [63.29988999982368, 27.278880000411732, 0.0]]]}}, {"type": "Feature", "properties": {"Name": "Qpk", "SymbolID": "0"}, "geometry": {"type": "Polygon", "coordinates": [[[63.63129000023338, 27.3700199999231, 0.0], [63.62363999998604, 27.356630000274322, 0.0], [63.64748000040174, 27.348830000304304, 0.0], [63.590200000229856, 27.330469999890624, 0.0], [63.65738000008702, 27.336110000076474, 0.0], [63.65834000029082, 27.32611999983817, 0.0], [63.63338000038675, 27.31685999998905, 0.0], [63.632259999999064, 27.28931999981819, 0.0], [63.65783000015443, 27.28594000043074, 0.0], [63.6483199995684, 27.310889999873666, 0.0], [63.66064999979773, 27.31878000039677, 0.0], [63.686770000135425, 27.28726999971076, 0.0], [63.47619000006853, 27.234439999706296, 0.0], [63.45615000042221, 27.2333299997797, 0.0], [63.442710000266345, 27.24873000038923, 0.0], [63.484059999669284, 27.242089999953578, 0.0], [63.50336999982568, 27.26641000002155, 0.0], [63.518360000413736, 27.24953999997109, 0.0], [63.51219000006853, 27.275480000101993, 0.0], [63.5275099996868, 27.30183000025437, 0.0], [63.49558000031681, 27.295340000440717, 0.0], [63.50041999958336, 27.276770000235388, 0.0], [63.489229999764746, 27.275890000123468, 0.0], [63.47079999972027, 27.30265000029732, 0.0], [63.48516999959588, 27.32808999985366, 0.0], [63.54299000038827, 27.324700000005066, 0.0], [63.600719999728256, 27.345269999810682, 0.0], [63.57273000038924, 27.35815999978422, 0.0], [63.57025999979919, 27.37857000030533, 0.0], [63.63129000023338, 27.3700199999231, 0.0]], [[63.60527999957236, 27.3018100002314, 0.0], [63.61793000016945, 27.32324999968779, 0.0], [63.59088999967378, 27.31790000028485, 0.0], [63.584459999929095, 27.27788000016193, 0.0], [63.61653000035926, 27.281299999595376, 0.0], [63.60527999957236, 27.3018100002314, 0.0]], [[63.57489000017341, 27.271829999954605, 0.0], [63.57152000034779, 27.31096999996555, 0.0], [63.55024999973773, 27.306220000352766, 0.0], [63.53419000016845, 27.265440000255865, 0.0], [63.55496000020389, 27.279779999647303, 0.0], [63.57489000017341, 27.271829999954605, 0.0]]]}}, {"type": "Feature", "properties": {"Name": "Qpk", "SymbolID": "0"}, "geometry": {"type": "Polygon", "coordinates": [[[63.395830000354294, 27.322819999643343, 0.0], [63.425000000149964, 27.32574000030081, 0.0], [63.4793399996413, 27.351039999696297, 0.0], [63.547510000186435, 27.37205000000756, 0.0], [63.549170000295305, 27.348110000376266, 0.0], [63.51728000007199, 27.34075000001252, 0.0], [63.48261999981321, 27.34986000013896, 0.0], [63.46223000021439, 27.30803000018443, 0.0], [63.42683999956637, 27.283050000257333, 0.0], [63.41104000029583, 27.296390000298345, 0.0], [63.41147000034027, 27.278080000391753, 0.0], [63.3989300003193, 27.274949999942578, 0.0], [63.35780999983166, 27.295989999838696, 0.0], [63.395830000354294, 27.322819999643343, 0.0]]]}}, {"type": "Feature", "properties": {"Name": "Tk", "SymbolID": "53"}, "geometry": {"type": "Polygon", "coordinates": [[[63.759929999669794, 27.387629999924627, 0.0], [63.68465999995908, 27.366449999867655, 0.0], [63.595130000049494, 27.37997999967729, 0.0], [63.533109999826706, 27.37061000015143, 0.0], [63.425000000149964, 27.32574000030081, 0.0], [63.29518999981872, 27.294309999706797, 0.0], [63.21277999999705, 27.24510000026487, 0.0], [63.050049999607836, 27.237380000386736, 0.0], [63.01408000009201, 27.216659999959063, 0.0], [62.9555299998097, 27.207600000339767, 0.0], [62.876509999836685, 27.225520000247855, 0.0], [62.82618000000707, 27.218070000230398, 0.0], [62.77076999973576, 27.249620000062976, 0.0], [62.816029999584885, 27.269079999942107, 0.0], [62.81392999986963, 27.306920000257833, 0.0], [62.79477000033529, 27.344010000161404, 0.0], [62.82540999957189, 27.416449999767735, 0.0], [62.86193000016942, 27.38362000026285, 0.0], [62.93810999957685, 27.34857999956739, 0.0], [63.051259999649346, 27.342559999844184, 0.0], [63.108789999658825, 27.3262500004372, 0.0], [63.12967000027032, 27.32843999980622, 0.0], [63.121300000095005, 27.338989999788737, 0.0], [63.23574000030084, 27.35411999963833, 0.0], [63.214830000104484, 27.36154000007099, 0.0], [63.24738000018692, 27.387759999624336, 0.0], [63.2630200001729, 27.34040999962184, 0.0], [63.27810999997655, 27.351070000180414, 0.0], [63.33596000035379, 27.347319999918113, 0.0], [63.410329999929615, 27.364729999689757, 0.0], [63.50350999998659, 27.407720000077973, 0.0], [63.70333999984115, 27.419400000010057, 0.0], [63.92853000005954, 27.458359999814206, 0.0], [63.84460000028986, 27.432129999799713, 0.0], [63.759929999669794, 27.387629999924627, 0.0]]]}}, {"type": "Feature", "properties": {"Name": "Q", "SymbolID": "0"}, "geometry": {"type": "Polygon", "coordinates": [[[63.420119999938095, 27.44712000038777, 0.0], [63.38744000015595, 27.387759999624336, 0.0], [63.33787000030031, 27.37223999977624, 0.0], [63.363309999856654, 27.410349999952587, 0.0], [63.32008999965382, 27.385459999679313, 0.0], [63.28843999970627, 27.383290000333318, 0.0], [63.27269999960538, 27.385269999910633, 0.0], [63.270029999684766, 27.417880000061984, 0.0], [63.23642999974476, 27.37190999984665, 0.0], [63.22335000000254, 27.392389999998557, 0.0], [63.24650999963683, 27.42650000007501, 0.0], [63.28681999964334, 27.431659999709268, 0.0], [63.282500000075004, 27.401819999593386, 0.0], [63.302320000367786, 27.396519999798215, 0.0], [63.4115199999481, 27.46248000005204, 0.0], [63.420119999938095, 27.44712000038777, 0.0]]]}}, {"type": "Feature", "properties": {"Name": "Q", "SymbolID": "8"}, "geometry": {"type": "Polygon", "coordinates": [[[63.568949999642825, 27.467440000355793, 0.0], [63.59355999959433, 27.429399999810187, 0.0], [63.565329999979554, 27.447849999877633, 0.0], [63.56769999955537, 27.42377999964731, 0.0], [63.534979999727284, 27.42332000001801, 0.0], [63.531959999854166, 27.436860000288846, 0.0], [63.506730000089476, 27.43272000002804, 0.0], [63.50517000009546, 27.416690000043502, 0.0], [63.47153999967128, 27.41116000043371, 0.0], [63.45784000011599, 27.421329999979548, 0.0], [63.42666999982072, 27.385610000301313, 0.0], [63.42420000012993, 27.415990000138436, 0.0], [63.399229999764714, 27.386490000413232, 0.0], [63.42463999973626, 27.435080000042035, 0.0], [63.4464799996523, 27.43857000000554, 0.0], [63.45160999970176, 27.453169999695774, 0.0], [63.568949999642825, 27.467440000355793, 0.0]]]}}, {"type": "Feature", "properties": {"Name": "Qpk", "SymbolID": "0"}, "geometry": {"type": "Polygon", "coordinates": [[[63.071449999917604, 27.339499999925124, 0.0], [62.971320000417734, 27.339559999994037, 0.0], [62.874809999681815, 27.378800000119952, 0.0], [62.89052000019791, 27.41619000036826, 0.0], [62.899730000439206, 27.41747000004051, 0.0], [62.89805999986913, 27.403439999656314, 0.0], [62.91102999993461, 27.407499999825177, 0.0], [62.915259999849184, 27.437339999941116, 0.0], [62.938460000428734, 27.451009999911605, 0.0], [62.950239999576354, 27.476820000342798, 0.0], [62.97728000007203, 27.48323000006451, 0.0], [63.013019999773235, 27.545400000010034, 0.0], [63.02159999974026, 27.522659999959103, 0.0], [62.991480000201875, 27.446759999974063, 0.0], [62.9879300001694, 27.404310000206408, 0.0], [63.01695000024239, 27.400760000173932, 0.0], [62.99271000026636, 27.379210000141427, 0.0], [63.02042999974475, 27.381719999878158, 0.0], [63.03647999975226, 27.355799999770227, 0.0], [63.0467700003353, 27.391569999955607, 0.0], [63.06346999974073, 27.399260000248887, 0.0], [63.096570000005556, 27.364900000334785, 0.0], [63.071449999917604, 27.339499999925124, 0.0]]]}}, {"type": "Feature", "properties": {"Name": "Qpk", "SymbolID": "0"}, "geometry": {"type": "Polygon", "coordinates": [[[63.08326000044872, 27.529619999863144, 0.0], [63.08829000038327, 27.499730000139436, 0.0], [63.059420000033015, 27.409079999842163, 0.0], [63.05158999957888, 27.472869999850673, 0.0], [63.08326000044872, 27.529619999863144, 0.0]]]}}, {"type": "Feature", "properties": {"Name": "Qpk", "SymbolID": "0"}, "geometry": {"type": "Polygon", "coordinates": [[[63.28726999971076, 27.477170000295303, 0.0], [63.29500000005004, 27.468909999796722, 0.0], [63.28393000036925, 27.47112000008798, 0.0], [63.28726999971076, 27.477170000295303, 0.0]]]}}, {"type": "Feature", "properties": {"Name": "Qpk", "SymbolID": "0"}, "geometry": {"type": "Polygon", "coordinates": [[[63.22129000033328, 27.47867999978223, 0.0], [63.192680000281825, 27.455239999826176, 0.0], [63.22082999980472, 27.496550000082493, 0.0], [63.22129000033328, 27.47867999978223, 0.0]]]}}, {"type": "Feature", "properties": {"Name": "Qpk", "SymbolID": "0"}, "geometry": {"type": "Polygon", "coordinates": [[[63.28018999966878, 27.479249999987587, 0.0], [63.274559999944074, 27.472800000219877, 0.0], [63.267199999580384, 27.473979999777214, 0.0], [63.270200000329794, 27.480020000422712, 0.0], [63.28018999966878, 27.479249999987587, 0.0]]]}}, {"type": "Feature", "properties": {"Name": "Qpk", "SymbolID": "0"}, "geometry": {"type": "Polygon", "coordinates": [[[63.03667000042026, 27.51366000040872, 0.0], [63.03836000011398, 27.48232999992962, 0.0], [63.024590000028525, 27.438560000443715, 0.0], [63.01202000042275, 27.47204000024584, 0.0], [63.0253900000485, 27.514050000407224, 0.0], [63.03667000042026, 27.51366000040872, 0.0]]]}}, {"type": "Feature", "properties": {"Name": "Qt", "SymbolID": "7"}, "geometry": {"type": "Polygon", "coordinates": [[[63.78820000022989, 27.30862000041276, 0.0], [63.78537999968728, 27.30887000025035, 0.0], [63.79723999982616, 27.311019999573375, 0.0], [63.78820000022989, 27.30862000041276, 0.0]]]}}, {"type": "Feature", "properties": {"Name": "Qt", "SymbolID": "7"}, "geometry": {"type": "Polygon", "coordinates": [[[63.77808999985365, 27.315420000132974, 0.0], [63.77671999962831, 27.315279999972063, 0.0], [63.76544999971776, 27.316160000083983, 0.0], [63.75981000043123, 27.319699999655313, 0.0], [63.77808999985365, 27.315420000132974, 0.0]]]}}, {"type": "Feature", "properties": {"Name": "Qpk", "SymbolID": "0"}, "geometry": {"type": "Polygon", "coordinates": [[[63.71271000026633, 27.356519999698264, 0.0], [63.75692000025788, 27.32155000043224, 0.0], [63.78600999996161, 27.308039999746256, 0.0], [63.76037000017544, 27.302410000021553, 0.0], [63.72468999964383, 27.320309999906613, 0.0], [63.71271000026633, 27.356519999698264, 0.0]]]}}, {"type": "Feature", "properties": {"Name": "Q", "SymbolID": "0"}, "geometry": {"type": "Polygon", "coordinates": [[[63.83535999956439, 27.34495999990412, 0.0], [63.8727499998127, 27.329609999801676, 0.0], [63.78537999968728, 27.30887000025035, 0.0], [63.75692000025788, 27.32155000043224, 0.0], [63.74247999985215, 27.345069999580858, 0.0], [63.78373999960138, 27.319990000438224, 0.0], [63.78278000029684, 27.34046999969081, 0.0], [63.829860000438714, 27.32652000029782, 0.0], [63.797939999731284, 27.340170000245394, 0.0], [63.816610000051526, 27.350379999837173, 0.0], [63.86582000039277, 27.352200000129926, 0.0], [63.83535999956439, 27.34495999990412, 0.0]]]}}, {"type": "Feature", "properties": {"Name": "Qt", "SymbolID": "7"}, "geometry": {"type": "Polygon", "coordinates": [[[63.77006000006901, 27.371769999685796, 0.0], [63.812110000276334, 27.371599999940088, 0.0], [63.73929999979521, 27.3605700003053, 0.0], [63.816610000051526, 27.350379999837173, 0.0], [63.797939999731284, 27.340170000245394, 0.0], [63.829860000438714, 27.32652000029782, 0.0], [63.78278000029684, 27.34046999969081, 0.0], [63.78373999960138, 27.319990000438224, 0.0], [63.71271000026633, 27.356519999698264, 0.0], [63.72468999964383, 27.320309999906613, 0.0], [63.76037000017544, 27.302410000021553, 0.0], [63.70824000007599, 27.30663000037424, 0.0], [63.70922999986465, 27.292009999761717, 0.0], [63.686770000135425, 27.28726999971076, 0.0], [63.66949000006349, 27.317809999731764, 0.0], [63.656279999722244, 27.318179999707297, 0.0], [63.6483199995684, 27.310889999873666, 0.0], [63.65783000015443, 27.28594000043074, 0.0], [63.637849999677826, 27.284739999951114, 0.0], [63.63338000038675, 27.31685999998905, 0.0], [63.65834000029082, 27.32611999983817, 0.0], [63.65738000008702, 27.336110000076474, 0.0], [63.590200000229856, 27.330469999890624, 0.0], [63.64748000040174, 27.348830000304304, 0.0], [63.62363999998604, 27.356630000274322, 0.0], [63.629810000331304, 27.37065000019743, 0.0], [63.659419999733245, 27.366349999752742, 0.0], [63.658920000058, 27.344509999836646, 0.0], [63.69761000000153, 27.36954000027083, 0.0], [63.776879999812195, 27.393530000409214, 0.0], [63.77006000006901, 27.371769999685796, 0.0]]]}}, {"type": "Feature", "properties": {"Name": "Qpk", "SymbolID": "0"}, "geometry": {"type": "Polygon", "coordinates": [[[63.667239999726235, 27.36665000009748, 0.0], [63.68465999995908, 27.366449999867655, 0.0], [63.69761000000153, 27.36954000027083, 0.0], [63.658920000058, 27.344509999836646, 0.0], [63.667239999726235, 27.36665000009748, 0.0]]]}}, {"type": "Feature", "properties": {"Name": "Q", "SymbolID": "0"}, "geometry": {"type": "Polygon", "coordinates": [[[63.960919999958094, 27.387549999832686, 0.0], [64.01828999978375, 27.389229999964584, 0.0], [64.02934000034082, 27.35714999997259, 0.0], [63.89066000015896, 27.3329900000885, 0.0], [63.89521000044124, 27.35109999976521, 0.0], [63.92816999964583, 27.378499999775215, 0.0], [63.92305999961934, 27.403009999611868, 0.0], [63.960919999958094, 27.387549999832686, 0.0]]]}}, {"type": "Feature", "properties": {"Name": "Qpk", "SymbolID": "0"}, "geometry": {"type": "Polygon", "coordinates": [[[63.8594800003018, 27.4152700002104, 0.0], [63.801420000132964, 27.391280000072015, 0.0], [63.923050000057515, 27.40493999958136, 0.0], [63.92816999964583, 27.378499999775215, 0.0], [63.89521000044124, 27.35109999976521, 0.0], [63.89066000015896, 27.3329900000885, 0.0], [63.835559999794214, 27.34060000028984, 0.0], [63.86582000039277, 27.352200000129926, 0.0], [63.73929999979521, 27.3605700003053, 0.0], [63.810829999704765, 27.36763000032431, 0.0], [63.76454999958287, 27.374619999813206, 0.0], [63.780070000330284, 27.397910000046522, 0.0], [63.82151000028637, 27.421710000416226, 0.0], [63.839390000148455, 27.427600000439725, 0.0], [63.8594800003018, 27.4152700002104, 0.0]]]}}, {"type": "Feature", "properties": {"Name": "Qpk", "SymbolID": "0"}, "geometry": {"type": "Polygon", "coordinates": [[[64.26977000008549, 27.407669999570885, 0.0], [64.22371000021639, 27.39992999966978, 0.0], [64.22353999957136, 27.42114000021087, 0.0], [64.25261000015144, 27.417519999648334, 0.0], [64.24649000031332, 27.439140000210898, 0.0], [64.26870000020489, 27.42268999974374, 0.0], [64.26977000008549, 27.407669999570885, 0.0]]]}}, {"type": "Feature", "properties": {"Name": "Qpk", "SymbolID": "0"}, "geometry": {"type": "Polygon", "coordinates": [[[64.01709999976521, 27.389129999849672, 0.0], [63.94661999971328, 27.39007999959233, 0.0], [63.92711000022638, 27.410329999929615, 0.0], [63.97859000002853, 27.44013999956138, 0.0], [64.07318999991861, 27.469720000277846, 0.0], [64.12248999991363, 27.461849999777712, 0.0], [64.11760999970176, 27.4171499996728, 0.0], [64.04724000022588, 27.39325999964933, 0.0], [64.03841999998309, 27.39339000024836, 0.0], [64.03899999975022, 27.413489999963588, 0.0], [64.01709999976521, 27.389129999849672, 0.0]]]}}, {"type": "Feature", "properties": {"Name": "Tpi", "SymbolID": "52"}, "geometry": {"type": "Polygon", "coordinates": [[[62.333489999963604, 26.323760000024038, 0.0], [62.320140000360766, 26.31454000022086, 0.0], [62.35048000015195, 26.296899999735274, 0.0], [62.37587999966229, 26.306069999930628, 0.0], [62.440509999736776, 26.295450000317317, 0.0], [62.36060999965184, 26.29397999997707, 0.0], [62.24141999983317, 26.256440000006023, 0.0], [62.30859000012845, 26.238079999592344, 0.0], [62.292769999935615, 26.238270000260343, 0.0], [62.30592000020789, 26.228210000391243, 0.0], [62.28654000042076, 26.21861999971327, 0.0], [62.20361000000156, 26.215320000417762, 0.0], [62.12393000016942, 26.237929999869664, 0.0], [62.00856000024385, 26.230490000313296, 0.0], [61.98475999987414, 26.218269999760707, 0.0], [61.88790000008498, 26.22085999958938, 0.0], [61.919010000311346, 26.258040000046037, 0.0], [61.98091000039625, 26.270919999558373, 0.0], [62.05041999978323, 26.327769999685813, 0.0], [62.089829999654796, 26.318629999974576, 0.0], [62.146940000080974, 26.2752899996338, 0.0], [62.18561999956336, 26.266700000104947, 0.0], [62.23326999991065, 26.279400000309806, 0.0], [62.24172000017791, 26.33326999971075, 0.0], [62.269969999815714, 26.33769000029332, 0.0], [62.27546000027883, 26.3606800001819, 0.0], [62.34407999999206, 26.377419999633332, 0.0], [62.32218999956888, 26.3665700002054, 0.0], [62.354280000022015, 26.366229999814664, 0.0], [62.353520000048036, 26.355730000339292, 0.0], [62.300480000251866, 26.34096000000403, 0.0], [62.333489999963604, 26.323760000024038, 0.0]], [[62.300250000437245, 26.324709999766753, 0.0], [62.28533000037925, 26.331649999647823, 0.0], [62.25428000022191, 26.325879999762208, 0.0], [62.28782999965483, 26.323769999585863, 0.0], [62.300250000437245, 26.324709999766753, 0.0]]]}}, {"type": "Feature", "properties": {"Name": "Qt", "SymbolID": "7"}, "geometry": {"type": "Polygon", "coordinates": [[[62.517129999649796, 26.316849999727765, 0.0], [62.446219999553364, 26.292099999615345, 0.0], [62.37587999966229, 26.306069999930628, 0.0], [62.35048000015195, 26.296899999735274, 0.0], [62.320140000360766, 26.31454000022086, 0.0], [62.325090000203375, 26.323370000025534, 0.0], [62.46265999955938, 26.327279999572397, 0.0], [62.517129999649796, 26.316849999727765, 0.0]]]}}, {"type": "Feature", "properties": {"Name": "Tew", "SymbolID": "51"}, "geometry": {"type": "Polygon", "coordinates": [[[62.301909999646796, 26.328119999638318, 0.0], [62.265280000271844, 26.32454999958287, 0.0], [62.25428000022191, 26.325879999762208, 0.0], [62.301909999646796, 26.328119999638318, 0.0]]]}}, {"type": "Feature", "properties": {"Name": "Q", "SymbolID": "0"}, "geometry": {"type": "Polygon", "coordinates": [[[62.263530730758646, 26.358234406292866, 0.0], [62.275710000116476, 26.344719999828158, 0.0], [62.24172000017791, 26.33326999971075, 0.0], [62.2229600002039, 26.26908000014197, 0.0], [62.146940000080974, 26.2752899996338, 0.0], [62.09536355788197, 26.31452508316613, 0.0], [62.12114715601649, 26.316762923769943, 0.0], [62.128074646327946, 26.329578399623472, 0.0], [62.13238906920026, 26.38998985264965, 0.0], [62.263530730758646, 26.358234406292866, 0.0]]]}}, {"type": "Feature", "properties": {"Name": "Tpj", "SymbolID": "3"}, "geometry": {"type": "Polygon", "coordinates": [[[62.69691000029633, 28.292369999975563, 0.0], [62.63234999985269, 28.284879999912107, 0.0], [62.56100000014993, 28.294310000406256, 0.0], [62.608459999829165, 28.29782999995456, 0.0], [62.59874999991263, 28.30312999974973, 0.0], [62.6046599999591, 28.312990000288323, 0.0], [62.69691000029633, 28.292369999975563, 0.0]]]}}, {"type": "Feature", "properties": {"Name": "Tpj", "SymbolID": "3"}, "geometry": {"type": "Polygon", "coordinates": [[[62.52414000006098, 28.330279999922084, 0.0], [62.49864000043573, 28.345679999632353, 0.0], [62.47869000044324, 28.364539999721273, 0.0], [62.53105999991914, 28.347230000064485, 0.0], [62.52414000006098, 28.330279999922084, 0.0]]]}}, {"type": "Feature", "properties": {"Name": "Tpj", "SymbolID": "3"}, "geometry": {"type": "Polygon", "coordinates": [[[62.50419000006849, 28.38493999978124, 0.0], [62.47397000041525, 28.394359999814185, 0.0], [62.446359999714275, 28.40837000017541, 0.0], [62.4731500003723, 28.40773999990114, 0.0], [62.50419000006849, 28.38493999978124, 0.0]]]}}, {"type": "Feature", "properties": {"Name": "Qpk", "SymbolID": "0"}, "geometry": {"type": "Polygon", "coordinates": [[[62.44869000014347, 28.472399999560366, 0.0], [62.427810000431236, 28.47074999991264, 0.0], [62.435960000353816, 28.444299999645295, 0.0], [62.58631000000656, 28.374139999961073, 0.0], [62.6369099996968, 28.386120000237895, 0.0], [62.65566000010898, 28.37483999986614, 0.0], [62.68361999986314, 28.378710000266324, 0.0], [62.69295000024238, 28.36763000012445, 0.0], [62.78332999977971, 28.355170000195415, 0.0], [62.79163000032429, 28.349160000034033, 0.0], [62.766929999819695, 28.35121999970329, 0.0], [62.770259999599375, 28.343700000055037, 0.0], [62.8531999995804, 28.321909999746765, 0.0], [62.81540000020988, 28.31316000003403, 0.0], [62.79352999980972, 28.291690000093467, 0.0], [62.68568999999354, 28.286729999789713, 0.0], [62.69691000029633, 28.292369999975563, 0.0], [62.6046599999591, 28.312990000288323, 0.0], [62.59874999991263, 28.30312999974973, 0.0], [62.608459999829165, 28.29782999995456, 0.0], [62.56100000014993, 28.294310000406256, 0.0], [62.52414000006098, 28.330279999922084, 0.0], [62.5500000001, 28.341090000203394, 0.0], [62.54091999955841, 28.359839999716257, 0.0], [62.46045000016744, 28.387319999818203, 0.0], [62.43009000035329, 28.410779999797228, 0.0], [62.4070000003498, 28.548590000328318, 0.0], [62.44586999960086, 28.50615000012243, 0.0], [62.44869000014347, 28.472399999560366, 0.0]], [[62.50419000006849, 28.38493999978124, 0.0], [62.4731500003723, 28.40773999990114, 0.0], [62.446359999714275, 28.40837000017541, 0.0], [62.47397000041525, 28.394359999814185, 0.0], [62.50419000006849, 28.38493999978124, 0.0]], [[62.69478999965884, 28.3159300000695, 0.0], [62.74141000017141, 28.32192000020791, 0.0], [62.743730000139465, 28.331610000101477, 0.0], [62.69478999965884, 28.3159300000695, 0.0]], [[62.783949999592835, 28.311080000341803, 0.0], [62.712800000119955, 28.304609999651802, 0.0], [62.7116199996633, 28.300080000291814, 0.0], [62.783949999592835, 28.311080000341803, 0.0]]]}}, {"type": "Feature", "properties": {"Name": "Qpk", "SymbolID": "0"}, "geometry": {"type": "Polygon", "coordinates": [[[62.478319999568384, 28.589919999708286, 0.0], [62.48748999976374, 28.535390000448217, 0.0], [62.47449000011346, 28.534760000173947, 0.0], [62.45739000024838, 28.553749999962577, 0.0], [62.44666999962084, 28.597979999977042, 0.0], [62.478319999568384, 28.589919999708286, 0.0]]]}}, {"type": "Feature", "properties": {"Name": "Q", "SymbolID": "0"}, "geometry": {"type": "Polygon", "coordinates": [[[62.45335000010249, 28.712589999928582, 0.0], [62.45004000034578, 28.639199999680272, 0.0], [62.483790000008526, 28.603609999701803, 0.0], [62.505939999831185, 28.537579999817183, 0.0], [62.55400000019989, 28.532099999815216, 0.0], [62.5234099996718, 28.554779999797177, 0.0], [62.52561000040123, 28.564299999945092, 0.0], [62.55576999998556, 28.563689999693793, 0.0], [62.53920999984166, 28.576810000381272, 0.0], [62.546570000205406, 28.5853500003023, 0.0], [62.56299000018839, 28.582039999646327, 0.0], [62.58275999997409, 28.554340000190905, 0.0], [62.568869999750746, 28.500899999935086, 0.0], [62.491249999587865, 28.50537000012548, 0.0], [62.443110000026536, 28.55705000015746, 0.0], [62.42849000031333, 28.62792999976972, 0.0], [62.39241000022139, 28.65602999968479, 0.0], [62.44118999961887, 28.647360000063998, 0.0], [62.42693999988114, 28.682259999699284, 0.0], [62.44118000005699, 28.677229999764734, 0.0], [62.45335000010249, 28.712589999928582, 0.0]], [[62.47449000011346, 28.534760000173947, 0.0], [62.48748999976374, 28.535390000448217, 0.0], [62.478319999568384, 28.589919999708286, 0.0], [62.452289999783716, 28.600799999620335, 0.0], [62.450589999628846, 28.570040000245854, 0.0], [62.47449000011346, 28.534760000173947, 0.0]]]}}, {"type": "Feature", "properties": {"Name": "Qt", "SymbolID": "7"}, "geometry": {"type": "Polygon", "coordinates": [[[62.993240000425715, 27.522300000444716, 0.0], [62.97728000007203, 27.48323000006451, 0.0], [62.950239999576354, 27.476820000342798, 0.0], [62.938460000428734, 27.451009999911605, 0.0], [62.915259999849184, 27.437339999941116, 0.0], [62.91102999993461, 27.407499999825177, 0.0], [62.89805999986913, 27.403439999656314, 0.0], [62.899730000439206, 27.41747000004051, 0.0], [62.89052000019791, 27.41619000036826, 0.0], [62.874809999681815, 27.378800000119952, 0.0], [62.82728999993361, 27.409119999888162, 0.0], [62.843400000010035, 27.498669999820663, 0.0], [62.88295999960434, 27.587639999986038, 0.0], [62.88568000003204, 27.5035999996403, 0.0], [62.897950000192395, 27.502819999643293, 0.0], [62.917880000161915, 27.531609999901605, 0.0], [62.958199999730255, 27.51898000022686, 0.0], [62.995039999796234, 27.59691999985813, 0.0], [62.993240000425715, 27.522300000444716, 0.0]]]}}, {"type": "Feature", "properties": {"Name": "Q", "SymbolID": "8"}, "geometry": {"type": "Polygon", "coordinates": [[[63.51709000030331, 27.506580000366796, 0.0], [63.50502999993461, 27.510249999637836, 0.0], [63.51789000032329, 27.511220000302842, 0.0], [63.51709000030331, 27.506580000366796, 0.0]]]}}, {"type": "Feature", "properties": {"Name": "Qpk", "SymbolID": "0"}, "geometry": {"type": "Polygon", "coordinates": [[[63.20853000005951, 27.458529999559858, 0.0], [63.24325000038726, 27.49546999974075, 0.0], [63.229939999931105, 27.502609999851643, 0.0], [63.231450000317295, 27.53078000029683, 0.0], [63.27316000013394, 27.57126999961082, 0.0], [63.25409000025337, 27.484979999827203, 0.0], [63.20853000005951, 27.458529999559858, 0.0]]]}}, {"type": "Feature", "properties": {"Name": "Qpk", "SymbolID": "0"}, "geometry": {"type": "Polygon", "coordinates": [[[63.18425999959936, 27.609230000064485, 0.0], [63.20301999957337, 27.62485000002755, 0.0], [63.170549999582875, 27.54453000035926, 0.0], [63.17558999997857, 27.52335999986417, 0.0], [63.15566000000905, 27.51161999986317, 0.0], [63.1292899998337, 27.41864000003602, 0.0], [63.10802000012296, 27.395929999569887, 0.0], [63.08164000038579, 27.39563000012447, 0.0], [63.09542999959484, 27.466890000173407, 0.0], [63.090220000352815, 27.54562000026283, 0.0], [63.10441999958334, 27.545799999570363, 0.0], [63.10572000017794, 27.503090000403233, 0.0], [63.12509000040325, 27.52528999983366, 0.0], [63.13043000024436, 27.498480000051984, 0.0], [63.138500000075, 27.503169999595855, 0.0], [63.157300000095006, 27.53612000013794, 0.0], [63.16103999989616, 27.631379999887145, 0.0], [63.17039999986014, 27.639620000362754, 0.0], [63.18425999959936, 27.609230000064485, 0.0]]]}}, {"type": "Feature", "properties": {"Name": "Qpk", "SymbolID": "0"}, "geometry": {"type": "Polygon", "coordinates": [[[63.51356000029381, 27.695399999710276, 0.0], [63.540869999750726, 27.64765000014745, 0.0], [63.52614000036078, 27.62989999998507, 0.0], [63.533220000402764, 27.614489999813713, 0.0], [63.557240000125944, 27.626100000114945, 0.0], [63.57953000010946, 27.616020000222875, 0.0], [63.60381000013143, 27.642720000327813, 0.0], [63.62530000009497, 27.618989999588848, 0.0], [63.60200999986165, 27.58098999998856, 0.0], [63.59570000025485, 27.611630000124478, 0.0], [63.56980000016995, 27.577749999862647, 0.0], [63.54929999999507, 27.571770000185438, 0.0], [63.555769999785696, 27.55514999997257, 0.0], [63.53004999990765, 27.54466999962085, 0.0], [63.4946099996518, 27.549779999647342, 0.0], [63.47541000007152, 27.522169999845687, 0.0], [63.5381799998072, 27.53212000003805, 0.0], [63.58236999977572, 27.564549999982546, 0.0], [63.58702000017291, 27.548330000229384, 0.0], [63.54012999979972, 27.51845999962933, 0.0], [63.59775000036228, 27.534640000235868, 0.0], [63.56405999986913, 27.506230000414234, 0.0], [63.60997000001555, 27.5115599997942, 0.0], [63.65225999959938, 27.473760000423738, 0.0], [63.610150000222404, 27.430529999759756, 0.0], [63.65516000023388, 27.44727000011045, 0.0], [63.67156999975572, 27.470269999560855, 0.0], [63.67579999967029, 27.455279999872175, 0.0], [63.65842999994459, 27.424309999806724, 0.0], [63.6809400001809, 27.43239000009845, 0.0], [63.69192999976974, 27.41853999992111, 0.0], [63.50350999998659, 27.407720000077973, 0.0], [63.410329999929615, 27.364729999689757, 0.0], [63.33596000035379, 27.347319999918113, 0.0], [63.27810999997655, 27.351070000180414, 0.0], [63.2630200001729, 27.34040999962184, 0.0], [63.24797000041525, 27.386129999999525, 0.0], [63.26335999966432, 27.41455000028236, 0.0], [63.27269999960538, 27.385269999910633, 0.0], [63.32008999965382, 27.385459999679313, 0.0], [63.35632000036776, 27.413119999988055, 0.0], [63.33787000030031, 27.37223999977624, 0.0], [63.376990000288345, 27.381670000270333, 0.0], [63.403040000095984, 27.436829999804672, 0.0], [63.420119999938095, 27.44712000038777, 0.0], [63.40661000015143, 27.462720000327806, 0.0], [63.302320000367786, 27.396519999798215, 0.0], [63.282500000075004, 27.401819999593386, 0.0], [63.28681999964334, 27.431659999709268, 0.0], [63.24650999963683, 27.42650000007501, 0.0], [63.223479999702306, 27.39938000038677, 0.0], [63.23642999974476, 27.37190999984665, 0.0], [63.214830000104484, 27.36154000007099, 0.0], [63.23574000030084, 27.35411999963833, 0.0], [63.154920000057984, 27.337210000441246, 0.0], [63.213319999718294, 27.397210000141456, 0.0], [63.162670000420235, 27.39378999980869, 0.0], [63.14597999967731, 27.40443000034429, 0.0], [63.140369999975576, 27.427309999656813, 0.0], [63.154309999806685, 27.468889999773694, 0.0], [63.170569999605846, 27.47569000039323, 0.0], [63.17025000013746, 27.444700000304806, 0.0], [63.18172999983966, 27.449539999571357, 0.0], [63.18470999966678, 27.430050000107485, 0.0], [63.23392999956985, 27.461319999618354, 0.0], [63.24375999962433, 27.441660000408717, 0.0], [63.26080000031982, 27.46200000039977, 0.0], [63.30628999998356, 27.471289999833687, 0.0], [63.28677000003552, 27.489249999787717, 0.0], [63.30041999998309, 27.518610000251385, 0.0], [63.35111000022641, 27.50365999970927, 0.0], [63.38594999979273, 27.530390000298326, 0.0], [63.39169000009349, 27.523640000185935, 0.0], [63.36960999990163, 27.506560000343768, 0.0], [63.384010000261355, 27.503249999687796, 0.0], [63.38444999986763, 27.47535000000255, 0.0], [63.418550000382254, 27.505509999586877, 0.0], [63.42112999974972, 27.577760000323792, 0.0], [63.43130000019488, 27.593269999710742, 0.0], [63.462370000375245, 27.589779999747236, 0.0], [63.47362000026288, 27.643489999863675, 0.0], [63.49140000001006, 27.63355000013246, 0.0], [63.48965999980919, 27.588800000419724, 0.0], [63.51588000026186, 27.602560000044036, 0.0], [63.50067999988215, 27.66056000014396, 0.0], [63.460229999714784, 27.67166999987063, 0.0], [63.46638000003702, 27.69469999980521, 0.0], [63.51356000029381, 27.695399999710276, 0.0]], [[63.54905999971925, 27.611910000446187, 0.0], [63.51030000014492, 27.57031999986816, 0.0], [63.535959999954116, 27.5842399996763, 0.0], [63.5260200002229, 27.56588000016194, 0.0], [63.53431999986816, 27.565280000371786, 0.0], [63.56005999976924, 27.59853000035929, 0.0], [63.54905999971925, 27.611910000446187, 0.0]], [[63.453670000270336, 27.576350000052514, 0.0], [63.430720000427755, 27.570359999914103, 0.0], [63.44039000029835, 27.552800000419722, 0.0], [63.45236000011397, 27.561559999694282, 0.0], [63.453670000270336, 27.576350000052514, 0.0]], [[63.50502999993461, 27.510249999637836, 0.0], [63.51709000030331, 27.506580000366796, 0.0], [63.51789000032329, 27.511220000302842, 0.0], [63.50502999993461, 27.510249999637836, 0.0]], [[63.568949999642825, 27.467440000355793, 0.0], [63.45160999970176, 27.453169999695774, 0.0], [63.4464799996523, 27.43857000000554, 0.0], [63.41913999971126, 27.42787999986217, 0.0], [63.40103000003455, 27.382820000242873, 0.0], [63.42420000012993, 27.415990000138436, 0.0], [63.42666999982072, 27.385610000301313, 0.0], [63.45784000011599, 27.421329999979548, 0.0], [63.47153999967128, 27.41116000043371, 0.0], [63.50517000009546, 27.416690000043502, 0.0], [63.506730000089476, 27.43272000002804, 0.0], [63.531959999854166, 27.436860000288846, 0.0], [63.534979999727284, 27.42332000001801, 0.0], [63.56769999955537, 27.42377999964731, 0.0], [63.565329999979554, 27.447849999877633, 0.0], [63.59580999993159, 27.431590000078472, 0.0], [63.568949999642825, 27.467440000355793, 0.0]]]}}, {"type": "Feature", "properties": {"Name": "Qpk", "SymbolID": "0"}, "geometry": {"type": "Polygon", "coordinates": [[[63.04823999977623, 27.50761999976322, 0.0], [63.05158999957888, 27.545270000310325, 0.0], [63.0706699999206, 27.563540000170917, 0.0], [63.07584000001606, 27.54936999962581, 0.0], [63.04823999977623, 27.50761999976322, 0.0]]]}}, {"type": "Feature", "properties": {"Name": "Q", "SymbolID": "8"}, "geometry": {"type": "Polygon", "coordinates": [[[63.454530000359284, 27.569479999802184, 0.0], [63.44039000029835, 27.552800000419722, 0.0], [63.430720000427755, 27.570359999914103, 0.0], [63.449289999733764, 27.58123999982621, 0.0], [63.454530000359284, 27.569479999802184, 0.0]]]}}, {"type": "Feature", "properties": {"Name": "Qpk", "SymbolID": "0"}, "geometry": {"type": "Polygon", "coordinates": [[[63.20838999989866, 27.482069999630824, 0.0], [63.19512000038776, 27.465620000062984, 0.0], [63.185930000169435, 27.493969999815704, 0.0], [63.19966999977072, 27.554309999906593, 0.0], [63.24145999967931, 27.662730000389274, 0.0], [63.26177999964733, 27.67451999999804, 0.0], [63.279059999719266, 27.655399999610324, 0.0], [63.28436999997558, 27.60473000028935, 0.0], [63.27187000000055, 27.608650000297303, 0.0], [63.26132999957986, 27.58158000021689, 0.0], [63.272250000437225, 27.63322999976475, 0.0], [63.25834999975274, 27.651289999833693, 0.0], [63.22698000012696, 27.590809999581893, 0.0], [63.24297999962732, 27.589699999655295, 0.0], [63.25017000024536, 27.566330000229357, 0.0], [63.20021000039128, 27.506400000159942, 0.0], [63.20838999989866, 27.482069999630824, 0.0]]]}}, {"type": "Feature", "properties": {"Name": "Q", "SymbolID": "8"}, "geometry": {"type": "Polygon", "coordinates": [[[63.554510000136474, 27.60613999966131, 0.0], [63.560799999720246, 27.593960000053983, 0.0], [63.53431999986816, 27.565280000371786, 0.0], [63.5260200002229, 27.56588000016194, 0.0], [63.535959999954116, 27.5842399996763, 0.0], [63.51030000014492, 27.57031999986816, 0.0], [63.554510000136474, 27.60613999966131, 0.0]]]}}, {"type": "Feature", "properties": {"Name": "Qpk", "SymbolID": "0"}, "geometry": {"type": "Polygon", "coordinates": [[[63.34633999969128, 27.624210000191397, 0.0], [63.32092000015791, 27.531139999811217, 0.0], [63.30895000034229, 27.53152999980972, 0.0], [63.32199000003851, 27.555439999856162, 0.0], [63.31447000039026, 27.57881000018142, 0.0], [63.332060000368756, 27.591959999554376, 0.0], [63.326569999905644, 27.64677000003553, 0.0], [63.33512999984964, 27.654520000397724, 0.0], [63.34633999969128, 27.624210000191397, 0.0]]]}}, {"type": "Feature", "properties": {"Name": "Tp", "SymbolID": "15"}, "geometry": {"type": "Polygon", "coordinates": [[[66.45577999984715, 27.373489999863637, 0.0], [66.43750999998656, 27.37490000013497, 0.0], [66.43137000012547, 27.3869999996503, 0.0], [66.45550000042476, 27.38569999995508, 0.0], [66.45577999984715, 27.373489999863637, 0.0]]]}}, {"type": "Feature", "properties": {"Name": "Tp", "SymbolID": "15"}, "geometry": {"type": "Polygon", "coordinates": [[[66.32747000034033, 27.37516000043371, 0.0], [66.3278800003618, 27.38504999965778, 0.0], [66.33501999957338, 27.38578000004702, 0.0], [66.33579999957038, 27.38056000034379, 0.0], [66.32747000034033, 27.37516000043371, 0.0]]]}}, {"type": "Feature", "properties": {"Name": "Tp", "SymbolID": "15"}, "geometry": {"type": "Polygon", "coordinates": [[[66.34968999979372, 27.39883999976621, 0.0], [66.3421399996613, 27.387649999947598, 0.0], [66.33954000027086, 27.387600000339773, 0.0], [66.34968999979372, 27.39883999976621, 0.0]]]}}, {"type": "Feature", "properties": {"Name": "Qt", "SymbolID": "7"}, "geometry": {"type": "Polygon", "coordinates": [[[66.20679000015843, 27.520830000104468, 0.0], [66.27425999989913, 27.539420000332825, 0.0], [66.2489900000885, 27.507429999994542, 0.0], [66.17502999963483, 27.461029999734762, 0.0], [66.17167000027035, 27.43343999995608, 0.0], [66.14897000026536, 27.43261999991313, 0.0], [66.18587000040026, 27.41816000038375, 0.0], [66.23195000029233, 27.44189999978522, 0.0], [66.22265999995909, 27.407299999595352, 0.0], [66.14638999999858, 27.327169999695798, 0.0], [66.1940699999306, 27.334300000244866, 0.0], [66.17834999985268, 27.34666000005899, 0.0], [66.19242000028282, 27.351649999947597, 0.0], [66.22421000039128, 27.31101000001155, 0.0], [66.20628000002205, 27.325860000438695, 0.0], [66.17972999963985, 27.323420000332817, 0.0], [66.16654999978272, 27.297979999877157, 0.0], [66.12787999986216, 27.271049999957597, 0.0], [66.11790999964683, 27.29563000032431, 0.0], [66.12590999984667, 27.326560000343818, 0.0], [66.11045999962931, 27.35700999981168, 0.0], [66.12943999985617, 27.360020000122972, 0.0], [66.13479999972026, 27.40790999984665, 0.0], [66.12202999988466, 27.419429999594854, 0.0], [66.11176000022391, 27.391719999678287, 0.0], [66.0801900003683, 27.393029999834653, 0.0], [66.07613000019938, 27.40800000039974, 0.0], [66.06515999973425, 27.407109999826673, 0.0], [66.07104999975775, 27.377980000077002, 0.0], [66.04116999959587, 27.343970000115462, 0.0], [66.05162999992461, 27.336339999891152, 0.0], [66.04333000027935, 27.31784000021588, 0.0], [66.05495000014247, 27.293859999639324, 0.0], [66.0279499996928, 27.290019999723256, 0.0], [66.04064000033583, 27.30862000041276, 0.0], [66.01880999998156, 27.316340000290836, 0.0], [66.03192999976972, 27.33134000044072, 0.0], [66.03042999984467, 27.359079999942082, 0.0], [66.02309000040327, 27.37847000019042, 0.0], [66.00690999979673, 27.359500000424703, 0.0], [66.00041999998308, 27.374940000180914, 0.0], [66.04969999995507, 27.40345000011746, 0.0], [66.07909999956536, 27.44530000009496, 0.0], [66.11751999964832, 27.463119999888136, 0.0], [66.13337000032533, 27.491390000448234, 0.0], [66.12182999965484, 27.517750000162437, 0.0], [66.13442999974473, 27.533220000402764, 0.0], [66.15382999955489, 27.53985000037727, 0.0], [66.1690000003498, 27.481569999955582, 0.0], [66.20679000015843, 27.520830000104468, 0.0]], [[66.16592000040777, 27.4471000003648, 0.0], [66.1559700002154, 27.46326000004899, 0.0], [66.15648999991362, 27.442980000126965, 0.0], [66.16592000040777, 27.4471000003648, 0.0]], [[66.13370999981669, 27.444469999590865, 0.0], [66.13265000039723, 27.456890000373278, 0.0], [66.12635999991414, 27.444979999727252, 0.0], [66.13370999981669, 27.444469999590865, 0.0]], [[66.10482999990461, 27.3987100000665, 0.0], [66.09713999961133, 27.412299999945105, 0.0], [66.09204000004604, 27.410880000111945, 0.0], [66.10482999990461, 27.3987100000665, 0.0]]]}}, {"type": "Feature", "properties": {"Name": "Tnh", "SymbolID": "0"}, "geometry": {"type": "Polygon", "coordinates": [[[66.10831999986817, 27.405329999579862, 0.0], [66.09216000018392, 27.406309999806695, 0.0], [66.09204000004604, 27.410880000111945, 0.0], [66.10831999986817, 27.405329999579862, 0.0]]]}}, {"type": "Feature", "properties": {"Name": "Tp", "SymbolID": "15"}, "geometry": {"type": "Polygon", "coordinates": [[[66.35247999985216, 27.419469999640796, 0.0], [66.33854999958288, 27.425000000149964, 0.0], [66.35303000003455, 27.430709999966552, 0.0], [66.35247999985216, 27.419469999640796, 0.0]]]}}, {"type": "Feature", "properties": {"Name": "Tp", "SymbolID": "15"}, "geometry": {"type": "Polygon", "coordinates": [[[66.4320900000535, 27.440490000413263, 0.0], [66.46696999966582, 27.422589999628826, 0.0], [66.4658500001774, 27.416699999605328, 0.0], [66.43666999992064, 27.411510000386272, 0.0], [66.4320900000535, 27.440490000413263, 0.0]]]}}, {"type": "Feature", "properties": {"Name": "K", "SymbolID": "58"}, "geometry": {"type": "Polygon", "coordinates": [[[66.12373999960136, 27.47830000024487, 0.0], [66.11751999964832, 27.463119999888136, 0.0], [66.07909999956536, 27.44530000009496, 0.0], [66.06724999988762, 27.42213999956141, 0.0], [66.0075699996558, 27.382880000311843, 0.0], [66.06010999977673, 27.42769000009349, 0.0], [66.06661000005153, 27.45747000014046, 0.0], [66.05359000037828, 27.46701000031129, 0.0], [66.11398999963882, 27.485960000054035, 0.0], [66.12373999960136, 27.47830000024487, 0.0]]]}}, {"type": "Feature", "properties": {"Name": "Tb", "SymbolID": "63"}, "geometry": {"type": "Polygon", "coordinates": [[[66.05536999972577, 27.434369999675823, 0.0], [66.03444999996759, 27.43093999978123, 0.0], [66.05021000009151, 27.466939999781232, 0.0], [66.06661000005153, 27.45747000014046, 0.0], [66.05536999972577, 27.434369999675823, 0.0]]]}}, {"type": "Feature", "properties": {"Name": "Tnh", "SymbolID": "0"}, "geometry": {"type": "Polygon", "coordinates": [[[66.13265000039723, 27.456890000373278, 0.0], [66.13370999981669, 27.444469999590865, 0.0], [66.12635999991414, 27.444979999727252, 0.0], [66.13265000039723, 27.456890000373278, 0.0]]]}}, {"type": "Feature", "properties": {"Name": "K", "SymbolID": "58"}, "geometry": {"type": "Polygon", "coordinates": [[[65.88074000005099, 27.49661999971329, 0.0], [65.88301000041122, 27.47937000012547, 0.0], [65.8616399996863, 27.46028000022187, 0.0], [65.87799999960038, 27.444110000076478, 0.0], [65.87973000023936, 27.39739000034831, 0.0], [65.78164000038578, 27.296419999883142, 0.0], [65.80038000033682, 27.38584000011599, 0.0], [65.83168999989363, 27.40552000024786, 0.0], [65.85069999970528, 27.44456000014395, 0.0], [65.84404000014592, 27.464960000203916, 0.0], [65.88074000005099, 27.49661999971329, 0.0]], [[65.80740000030983, 27.336520000098005, 0.0], [65.86284999972776, 27.40408000039173, 0.0], [65.8624700001904, 27.417400000409714, 0.0], [65.85143000009447, 27.418550000382254, 0.0], [65.83139000044821, 27.390740000350775, 0.0], [65.80740000030983, 27.336520000098005, 0.0]]]}}, {"type": "Feature", "properties": {"Name": "Tnh", "SymbolID": "0"}, "geometry": {"type": "Polygon", "coordinates": [[[66.04969999995507, 27.40345000011746, 0.0], [66.03531999961837, 27.392670000320322, 0.0], [66.02584000041577, 27.39115000037225, 0.0], [66.03568999959384, 27.406420000382752, 0.0], [66.04969999995507, 27.40345000011746, 0.0]]]}}, {"type": "Feature", "properties": {"Name": "Qt", "SymbolID": "7"}, "geometry": {"type": "Polygon", "coordinates": [[[65.80061000015144, 27.391260000048987, 0.0], [65.79433000012943, 27.408999999750222, 0.0], [65.81569000039326, 27.44470999986663, 0.0], [65.82672999958987, 27.443610000401236, 0.0], [65.80061000015144, 27.391260000048987, 0.0]]]}}, {"type": "Feature", "properties": {"Name": "Qt", "SymbolID": "7"}, "geometry": {"type": "Polygon", "coordinates": [[[65.95793999973125, 27.524509999836653, 0.0], [66.00105000025735, 27.609959999554405, 0.0], [66.06741999963333, 27.636590000028548, 0.0], [66.06702999963483, 27.607930000369265, 0.0], [65.98042000038276, 27.53482000044272, 0.0], [65.965300000095, 27.470349999652797, 0.0], [65.97648000035178, 27.464049999607823, 0.0], [65.97433999969127, 27.443929999869624, 0.0], [65.91440000006003, 27.39823000041423, 0.0], [65.91423000031432, 27.363329999879625, 0.0], [65.88345999957937, 27.283739999701254, 0.0], [65.84812000033781, 27.246230000214382, 0.0], [65.88607999989216, 27.37964000018593, 0.0], [65.8744499995679, 27.43721000024135, 0.0], [65.88295999990413, 27.44889999973526, 0.0], [65.89687000015044, 27.425000000149964, 0.0], [65.90980999973175, 27.434449999767708, 0.0], [65.91460000028985, 27.47317000019541, 0.0], [65.95793999973125, 27.524509999836653, 0.0]]]}}, {"type": "Feature", "properties": {"Name": "Ten", "SymbolID": "54"}, "geometry": {"type": "Polygon", "coordinates": [[[65.86068000038176, 27.488449999767738, 0.0], [65.83168999989363, 27.40552000024786, 0.0], [65.80217000014545, 27.387509999786687, 0.0], [65.82871000006651, 27.44093999958136, 0.0], [65.8166499996978, 27.444789999958573, 0.0], [65.8262200003528, 27.48284999962783, 0.0], [65.8379899999386, 27.497299999595384, 0.0], [65.86068000038176, 27.488449999767738, 0.0]]]}}, {"type": "Feature", "properties": {"Name": "Tnh", "SymbolID": "0"}, "geometry": {"type": "Polygon", "coordinates": [[[65.97663999963635, 27.44657999976721, 0.0], [65.97556000019392, 27.448779999597377, 0.0], [65.97615000042225, 27.448999999850173, 0.0], [65.97663999963635, 27.44657999976721, 0.0]]]}}, {"type": "Feature", "properties": {"Name": "K", "SymbolID": "58"}, "geometry": {"type": "Polygon", "coordinates": [[[65.83901000021137, 27.5132799999721, 0.0], [65.81118999971875, 27.429700000154924, 0.0], [65.76471999982817, 27.37789999998506, 0.0], [65.78776999978572, 27.447089999903596, 0.0], [65.83901000021137, 27.5132799999721, 0.0]]]}}, {"type": "Feature", "properties": {"Name": "Ten", "SymbolID": "54"}, "geometry": {"type": "Polygon", "coordinates": [[[65.88287000025036, 27.44823000031431, 0.0], [65.86191000044624, 27.45080999968178, 0.0], [65.87404000044575, 27.478510000036522, 0.0], [65.88301000041122, 27.47937000012547, 0.0], [65.88287000025036, 27.44823000031431, 0.0]]]}}, {"type": "Feature", "properties": {"Name": "Q", "SymbolID": "8"}, "geometry": {"type": "Polygon", "coordinates": [[[65.78288999957385, 27.44493999968131, 0.0], [65.80094000008097, 27.503269999710767, 0.0], [65.83070000010497, 27.51377999964734, 0.0], [65.80541999983319, 27.46679999962032, 0.0], [65.78288999957385, 27.44493999968131, 0.0]]]}}, {"type": "Feature", "properties": {"Name": "Tnh", "SymbolID": "0"}, "geometry": {"type": "Polygon", "coordinates": [[[65.85588000026183, 27.489459999579367, 0.0], [65.8379899999386, 27.497299999595384, 0.0], [65.83720999994159, 27.51958999957884, 0.0], [65.85128999993361, 27.53066999972077, 0.0], [65.8647399996513, 27.51167000037026, 0.0], [65.85588000026183, 27.489459999579367, 0.0]]]}}, {"type": "Feature", "properties": {"Name": "Qpk", "SymbolID": "0"}, "geometry": {"type": "Polygon", "coordinates": [[[64.18592000040775, 27.47469999970525, 0.0], [64.22989000012348, 27.47290000033479, 0.0], [64.23945999987916, 27.447490000363302, 0.0], [64.2179899999386, 27.446759999974063, 0.0], [64.20996000015396, 27.409429999794725, 0.0], [64.19736999962583, 27.408999999750222, 0.0], [64.18919000011846, 27.443780000146944, 0.0], [64.17552000014797, 27.45125000018743, 0.0], [64.15493000031933, 27.413480000401762, 0.0], [64.17230999960685, 27.38904999975773, 0.0], [64.14354999983266, 27.383850000077473, 0.0], [64.13047999965232, 27.429829999854633, 0.0], [64.1467699999356, 27.43040000005999, 0.0], [64.14960000004004, 27.450350000052538, 0.0], [64.13236000001405, 27.471579999717278, 0.0], [64.17843000034429, 27.486419999683278, 0.0], [64.18592000040775, 27.47469999970525, 0.0]]]}}, {"type": "Feature", "properties": {"Name": "Qt", "SymbolID": "7"}, "geometry": {"type": "Polygon", "coordinates": [[[63.797500000124955, 27.467300000194882, 0.0], [63.85967000007048, 27.461660000009033, 0.0], [63.857479999802194, 27.444090000053507, 0.0], [63.79485000022737, 27.437830000054532, 0.0], [63.797500000124955, 27.467300000194882, 0.0]]]}}, {"type": "Feature", "properties": {"Name": "Qt", "SymbolID": "7"}, "geometry": {"type": "Polygon", "coordinates": [[[64.51538999994858, 27.464209999791706, 0.0], [64.47569999975525, 27.445050000257368, 0.0], [64.32319000031833, 27.41344999991759, 0.0], [64.27535999976425, 27.409429999794725, 0.0], [64.24649000031332, 27.439140000210898, 0.0], [64.25261000015144, 27.417519999648334, 0.0], [64.22706999958086, 27.42524000042573, 0.0], [64.22371000021639, 27.39992999966978, 0.0], [64.17230999960685, 27.38904999975773, 0.0], [64.17246999979074, 27.402180000007036, 0.0], [64.15518000015692, 27.407539999871176, 0.0], [64.17552000014797, 27.45125000018743, 0.0], [64.18919000011846, 27.443780000146944, 0.0], [64.19736999962583, 27.408999999750222, 0.0], [64.20996000015396, 27.409429999794725, 0.0], [64.2179899999386, 27.446759999974063, 0.0], [64.24142999989465, 27.453519999648336, 0.0], [64.22989000012348, 27.47290000033479, 0.0], [64.42912999974976, 27.49548999976372, 0.0], [64.49933999994113, 27.52664999959785, 0.0], [64.51538999994858, 27.464209999791706, 0.0]]]}}, {"type": "Feature", "properties": {"Name": "Tk", "SymbolID": "53"}, "geometry": {"type": "Polygon", "coordinates": [[[64.07271999982817, 27.54166000020888, 0.0], [64.06167999973223, 27.492810000281338, 0.0], [64.04073999995109, 27.468470000190393, 0.0], [63.97471000006652, 27.446020000023054, 0.0], [63.90788999972375, 27.40388999972373, 0.0], [63.801420000132964, 27.391280000072015, 0.0], [64.04558999967878, 27.49135999996406, 0.0], [64.03919000041822, 27.535659999609322, 0.0], [64.06411000027634, 27.55882000014293, 0.0], [63.98950999998658, 27.550010000361283, 0.0], [63.98630999990661, 27.56781000013143, 0.0], [64.06298000032683, 27.573190000018542, 0.0], [64.07271999982817, 27.54166000020888, 0.0]]]}}, {"type": "Feature", "properties": {"Name": "Qpk", "SymbolID": "0"}, "geometry": {"type": "Polygon", "coordinates": [[[63.66183999981621, 27.481099999865137, 0.0], [63.64810000021487, 27.483829999854663, 0.0], [63.64783999991613, 27.48916000013395, 0.0], [63.66296999976572, 27.492099999915126, 0.0], [63.66183999981621, 27.481099999865137, 0.0]]]}}, {"type": "Feature", "properties": {"Name": "Qt", "SymbolID": "7"}, "geometry": {"type": "Polygon", "coordinates": [[[63.85981000023139, 27.41876999973573, 0.0], [63.839390000148455, 27.427600000439725, 0.0], [63.92812000003801, 27.456599999590367, 0.0], [63.88569999985515, 27.45104000039578, 0.0], [63.900519999798234, 27.52528999983366, 0.0], [63.94150999968679, 27.514759999874173, 0.0], [63.989380000286815, 27.550759999874174, 0.0], [64.06411000027634, 27.55882000014293, 0.0], [64.03919000041822, 27.535659999609322, 0.0], [64.04664000043573, 27.50055999974427, 0.0], [64.03657999966731, 27.484919999758233, 0.0], [63.85981000023139, 27.41876999973573, 0.0]]]}}, {"type": "Feature", "properties": {"Name": "Qpk", "SymbolID": "0"}, "geometry": {"type": "Polygon", "coordinates": [[[63.68363000012448, 27.4973300000795, 0.0], [63.67142000003304, 27.50277999959735, 0.0], [63.687519999648316, 27.506360000113943, 0.0], [63.68363000012448, 27.4973300000795, 0.0]]]}}, {"type": "Feature", "properties": {"Name": "Tk", "SymbolID": "53"}, "geometry": {"type": "Polygon", "coordinates": [[[64.16762999962486, 27.51970999971678, 0.0], [64.20440999962182, 27.509740000400768, 0.0], [64.15419000036826, 27.497900000284858, 0.0], [64.1245100004362, 27.504720000028044, 0.0], [64.16762999962486, 27.51970999971678, 0.0]]]}}, {"type": "Feature", "properties": {"Name": "Qt", "SymbolID": "7"}, "geometry": {"type": "Polygon", "coordinates": [[[64.4727100003663, 27.619160000233876, 0.0], [64.45338000018694, 27.60966000010899, 0.0], [64.47530000019492, 27.610170000245375, 0.0], [64.48384999967777, 27.580470000290347, 0.0], [64.18572999973975, 27.479000000149938, 0.0], [64.17843000034429, 27.486419999683278, 0.0], [64.13236000001405, 27.471579999717278, 0.0], [64.14960000004004, 27.450350000052538, 0.0], [64.1467699999356, 27.43040000005999, 0.0], [64.13047999965232, 27.429829999854633, 0.0], [64.14354999983266, 27.383850000077473, 0.0], [64.02934000034082, 27.35714999997259, 0.0], [64.0222499998377, 27.405030000134445, 0.0], [64.03899999975022, 27.413489999963588, 0.0], [64.03841999998309, 27.39339000024836, 0.0], [64.04724000022588, 27.39325999964933, 0.0], [64.10668000018194, 27.40977999974723, 0.0], [64.12747000024035, 27.437580000216883, 0.0], [64.11988999962387, 27.465259999649334, 0.0], [64.07809000015345, 27.46945999997905, 0.0], [63.97859000002853, 27.44013999956138, 0.0], [63.92855000008251, 27.40447999995206, 0.0], [63.90788999972375, 27.40388999972373, 0.0], [63.97471000006652, 27.446020000023054, 0.0], [64.04073999995109, 27.468470000190393, 0.0], [64.06167999973223, 27.492810000281338, 0.0], [64.074480000052, 27.54810999997659, 0.0], [64.10812999959984, 27.54145000041723, 0.0], [64.10783000015442, 27.52499999995007, 0.0], [64.1232899999336, 27.522800000119958, 0.0], [64.1406599996593, 27.547149999772728, 0.0], [64.21088999987364, 27.5578100003313, 0.0], [64.22205000010746, 27.607509999886645, 0.0], [64.2397200001779, 27.62548000030182, 0.0], [64.27428999988365, 27.6321300002993, 0.0], [64.28705999971925, 27.621609999901636, 0.0], [64.34425999979919, 27.650950000342277, 0.0], [64.36796999961587, 27.648089999753722, 0.0], [64.38070000030484, 27.662220000252887, 0.0], [64.44170999981668, 27.675199999880135, 0.0], [64.45675000001256, 27.67460000008998, 0.0], [64.4727100003663, 27.619160000233876, 0.0]], [[64.20440999962182, 27.509740000400768, 0.0], [64.13090999969677, 27.514980000126968, 0.0], [64.1245100004362, 27.504720000028044, 0.0], [64.15419000036826, 27.497900000284858, 0.0], [64.20440999962182, 27.509740000400768, 0.0]]]}}, {"type": "Feature", "properties": {"Name": "Qpk", "SymbolID": "0"}, "geometry": {"type": "Polygon", "coordinates": [[[64.1232899999336, 27.522800000119958, 0.0], [64.10783000015442, 27.52499999995007, 0.0], [64.10746999974077, 27.533200000379793, 0.0], [64.11380999983169, 27.533430000194414, 0.0], [64.1232899999336, 27.522800000119958, 0.0]]]}}, {"type": "Feature", "properties": {"Name": "Tb", "SymbolID": "63"}, "geometry": {"type": "Polygon", "coordinates": [[[66.29004999960785, 27.522579999867162, 0.0], [66.2870200001729, 27.53012999999953, 0.0], [66.32466000025886, 27.55295000014246, 0.0], [66.32288999957387, 27.542050000207382, 0.0], [66.29004999960785, 27.522579999867162, 0.0]]]}}, {"type": "Feature", "properties": {"Name": "Tp", "SymbolID": "15"}, "geometry": {"type": "Polygon", "coordinates": [[[66.380820000043, 27.5312599999491, 0.0], [66.37222999961483, 27.535739999701264, 0.0], [66.37451999999803, 27.54915999983416, 0.0], [66.38102999983465, 27.549859999739226, 0.0], [66.380820000043, 27.5312599999491, 0.0]]]}}, {"type": "Feature", "properties": {"Name": "Tnh", "SymbolID": "0"}, "geometry": {"type": "Polygon", "coordinates": [[[66.35288999987364, 27.53827999992211, 0.0], [66.3482499999376, 27.54542999959483, 0.0], [66.35602999988464, 27.54267999958239, 0.0], [66.35288999987364, 27.53827999992211, 0.0]]]}}, {"type": "Feature", "properties": {"Name": "Tnh", "SymbolID": "0"}, "geometry": {"type": "Polygon", "coordinates": [[[66.09214000016095, 27.68864999959783, 0.0], [66.10885000002753, 27.65676999983566, 0.0], [66.12512999984966, 27.65600999986168, 0.0], [66.11145999987917, 27.63355000013246, 0.0], [66.1097199996783, 27.54078000009696, 0.0], [66.13881999984318, 27.56998999993857, 0.0], [66.1428399999661, 27.58511999978822, 0.0], [66.11192000040774, 27.559600000139937, 0.0], [66.13971000041624, 27.611550000032537, 0.0], [66.16601000006153, 27.60050000037478, 0.0], [66.16383999981622, 27.558450000167397, 0.0], [66.12182999965484, 27.517750000162437, 0.0], [66.13327000021042, 27.495320000018012, 0.0], [66.1262100001914, 27.484700000404757, 0.0], [66.05021000009151, 27.466939999781232, 0.0], [66.03444999996759, 27.43093999978123, 0.0], [65.97985000017741, 27.401239999826203, 0.0], [65.98654999978271, 27.45264999999756, 0.0], [65.97663999963635, 27.44657999976721, 0.0], [65.965300000095, 27.470349999652797, 0.0], [65.98042000038276, 27.53482000044272, 0.0], [66.06702999963483, 27.607930000369265, 0.0], [66.06741999963333, 27.636590000028548, 0.0], [66.09325999964932, 27.665539999571365, 0.0], [66.06550999968681, 27.648829999704787, 0.0], [66.06498999998854, 27.68445000016743, 0.0], [66.09214000016095, 27.68864999959783, 0.0]]]}}, {"type": "Feature", "properties": {"Name": "Q", "SymbolID": "8"}, "geometry": {"type": "Polygon", "coordinates": [[[66.34170000005503, 27.608940000180894, 0.0], [66.25876999963583, 27.53002999988462, 0.0], [66.22107000038028, 27.526640000036025, 0.0], [66.29437999963733, 27.584100000414765, 0.0], [66.32433999989115, 27.629329999779713, 0.0], [66.34170000005503, 27.608940000180894, 0.0]]]}}, {"type": "Feature", "properties": {"Name": "Ton", "SymbolID": "39"}, "geometry": {"type": "Polygon", "coordinates": [[[66.12644000000603, 27.59394000003101, 0.0], [66.11192000040774, 27.559600000139937, 0.0], [66.1428399999661, 27.58511999978822, 0.0], [66.13881999984318, 27.56998999993857, 0.0], [66.1097199996783, 27.54078000009696, 0.0], [66.10289999993512, 27.567540000270867, 0.0], [66.11640999972178, 27.640850000427235, 0.0], [66.12607000003055, 27.636469999890608, 0.0], [66.12644000000603, 27.59394000003101, 0.0]]]}}, {"type": "Feature", "properties": {"Name": "Tp", "SymbolID": "15"}, "geometry": {"type": "Polygon", "coordinates": [[[66.3815699995559, 27.581839999616363, 0.0], [66.36555999959438, 27.596649999997567, 0.0], [66.3647599995744, 27.603030000134424, 0.0], [66.37252000039774, 27.60551000028636, 0.0], [66.3815699995559, 27.581839999616363, 0.0]]]}}, {"type": "Feature", "properties": {"Name": "Tb", "SymbolID": "63"}, "geometry": {"type": "Polygon", "coordinates": [[[66.40906000011898, 27.749590000378248, 0.0], [66.3766500001974, 27.684459999729256, 0.0], [66.38168999969378, 27.633559999694285, 0.0], [66.36869999960533, 27.629090000403266, 0.0], [66.41058999962883, 27.629300000194917, 0.0], [66.4380099996618, 27.600739999751227, 0.0], [66.39120000027987, 27.566729999789686, 0.0], [66.39221999965332, 27.551069999780736, 0.0], [66.40941999963331, 27.540339999591367, 0.0], [66.36390000038477, 27.50751999964831, 0.0], [66.36136999972575, 27.4772399999261, 0.0], [66.33891999955841, 27.462279999822158, 0.0], [66.3293699998257, 27.42605999956936, 0.0], [66.31386000043875, 27.421109999726752, 0.0], [66.29394999959288, 27.444410000421215, 0.0], [66.30557999991714, 27.4623999999601, 0.0], [66.2981899999686, 27.498830000004546, 0.0], [66.32560000043975, 27.52399000013844, 0.0], [66.35924000042576, 27.59525999974926, 0.0], [66.35169000029333, 27.604900000035002, 0.0], [66.3407199998282, 27.595629999724736, 0.0], [66.32439999996006, 27.628110000176434, 0.0], [66.32721999960336, 27.642820000442725, 0.0], [66.34102000017293, 27.64459000022839, 0.0], [66.33634999975277, 27.692700000204923, 0.0], [66.38669999960536, 27.730269999760708, 0.0], [66.34869000044324, 27.72221000039127, 0.0], [66.34551000038624, 27.737810000331308, 0.0], [66.3816699996708, 27.752340000390745, 0.0], [66.38090000013494, 27.769150000372292, 0.0], [66.35399000023835, 27.77560999970177, 0.0], [66.40128999973376, 27.773859999939077, 0.0], [66.40906000011898, 27.749590000378248, 0.0]], [[66.3815699995559, 27.581839999616363, 0.0], [66.37252000039774, 27.60551000028636, 0.0], [66.3647599995744, 27.603030000134424, 0.0], [66.3815699995559, 27.581839999616363, 0.0]], [[66.3846399999361, 27.53482000044272, 0.0], [66.38102999983465, 27.549859999739226, 0.0], [66.37451999999803, 27.54915999983416, 0.0], [66.37222999961483, 27.535739999701264, 0.0], [66.3846399999361, 27.53482000044272, 0.0]], [[66.34921999970328, 27.538210000291315, 0.0], [66.35231000010646, 27.54550999968677, 0.0], [66.3458600003388, 27.543209999741748, 0.0], [66.34921999970328, 27.538210000291315, 0.0]]]}}, {"type": "Feature", "properties": {"Name": "Tnh", "SymbolID": "0"}, "geometry": {"type": "Polygon", "coordinates": [[[66.33494999994258, 27.71166999997058, 0.0], [66.34102000017293, 27.64459000022839, 0.0], [66.32394000033082, 27.639429999694755, 0.0], [66.29437999963733, 27.584100000414765, 0.0], [66.22107000038028, 27.526640000036025, 0.0], [66.23983999991611, 27.523000000349782, 0.0], [66.19101000001154, 27.523540000071023, 0.0], [66.21192999976972, 27.602900000434715, 0.0], [66.27534000024087, 27.615510000086488, 0.0], [66.31518000015694, 27.70415000032233, 0.0], [66.33494999994258, 27.71166999997058, 0.0]]]}}, {"type": "Feature", "properties": {"Name": "Tp", "SymbolID": "15"}, "geometry": {"type": "Polygon", "coordinates": [[[66.3906999997053, 27.637060000118936, 0.0], [66.38833000012949, 27.627140000410748, 0.0], [66.36869999960533, 27.629090000403266, 0.0], [66.3906999997053, 27.637060000118936, 0.0]]]}}, {"type": "Feature", "properties": {"Name": "Tnh", "SymbolID": "0"}, "geometry": {"type": "Polygon", "coordinates": [[[65.85229000018342, 27.548640000135947, 0.0], [65.87072000022789, 27.54195000009247, 0.0], [65.87175999962432, 27.518599999790183, 0.0], [65.85229000018342, 27.548640000135947, 0.0]]]}}, {"type": "Feature", "properties": {"Name": "Tnh", "SymbolID": "0"}, "geometry": {"type": "Polygon", "coordinates": [[[65.83681000038126, 27.51787000030032, 0.0], [65.79798000027682, 27.508789999758733, 0.0], [65.82261999981318, 27.57606999973075, 0.0], [65.84102000027286, 27.57074000035078, 0.0], [65.86091999975821, 27.592870000150413, 0.0], [65.83681000038126, 27.51787000030032, 0.0]]]}}, {"type": "Feature", "properties": {"Name": "Q", "SymbolID": "0"}, "geometry": {"type": "Polygon", "coordinates": [[[66.06796999981572, 27.693890000223405, 0.0], [66.0666300000745, 27.6367700002354, 0.0], [65.9939900002384, 27.604129999599877, 0.0], [65.89687000015044, 27.425000000149964, 0.0], [65.88480999978174, 27.436510000336284, 0.0], [65.88000999966181, 27.529280000371784, 0.0], [65.94130999995662, 27.601470000140466, 0.0], [65.91848999981369, 27.559609999701763, 0.0], [65.95311000002653, 27.5444599998292, 0.0], [65.96684000006599, 27.58404999990762, 0.0], [65.95311999958835, 27.585440000155927, 0.0], [65.95300000034979, 27.60418999966879, 0.0], [65.97349000006352, 27.620339999791213, 0.0], [65.97860999965184, 27.665859999939073, 0.0], [66.00877999969731, 27.66614000026084, 0.0], [66.0303400001909, 27.685899999585388, 0.0], [66.06796999981572, 27.693890000223405, 0.0]]]}}, {"type": "Feature", "properties": {"Name": "Tnh", "SymbolID": "0"}, "geometry": {"type": "Polygon", "coordinates": [[[65.94580000016992, 27.60254999958289, 0.0], [65.95682999980471, 27.602459999929124, 0.0], [65.95311999958835, 27.585440000155927, 0.0], [65.96673999995107, 27.587769999685804, 0.0], [65.95311000002653, 27.5444599998292, 0.0], [65.91848999981369, 27.559609999701763, 0.0], [65.94580000016992, 27.60254999958289, 0.0]]]}}, {"type": "Feature", "properties": {"Name": "K", "SymbolID": "58"}, "geometry": {"type": "Polygon", "coordinates": [[[65.87955000003251, 27.52323999972623, 0.0], [65.86142000033283, 27.559049999957608, 0.0], [65.87567999963233, 27.592210000291345, 0.0], [65.86957999981718, 27.60629999984519, 0.0], [65.89360000043973, 27.633539999671314, 0.0], [65.87955000003251, 27.52323999972623, 0.0]]]}}, {"type": "Feature", "properties": {"Name": "Ten", "SymbolID": "54"}, "geometry": {"type": "Polygon", "coordinates": [[[65.90840000035979, 27.659000000149945, 0.0], [65.86957999981718, 27.60629999984519, 0.0], [65.8626900004432, 27.548060000368764, 0.0], [65.85229000018342, 27.548640000135947, 0.0], [65.86676999973577, 27.520520000197905, 0.0], [65.87992000000804, 27.5228800002119, 0.0], [65.88063999993608, 27.49749999982521, 0.0], [65.86068000038176, 27.488449999767738, 0.0], [65.8647399996513, 27.51167000037026, 0.0], [65.85128999993361, 27.53066999972077, 0.0], [65.83720999994159, 27.51958999957884, 0.0], [65.83644000040573, 27.531689999993546, 0.0], [65.86091999975821, 27.592870000150413, 0.0], [65.83638999989864, 27.573000000249863, 0.0], [65.84034000039077, 27.60529999959533, 0.0], [65.85054000042072, 27.594020000122953, 0.0], [65.86998000027683, 27.618839999866168, 0.0], [65.89278000039678, 27.68878999975874, 0.0], [65.9048199998432, 27.677889999823662, 0.0], [65.95360000013994, 27.688450000267324, 0.0], [65.938680000082, 27.664409999621853, 0.0], [65.90840000035979, 27.659000000149945, 0.0]], [[65.89984999997756, 27.66819000036827, 0.0], [65.89420999979171, 27.679580000416763, 0.0], [65.89841999968331, 27.664429999644824, 0.0], [65.89984999997756, 27.66819000036827, 0.0]]]}}, {"type": "Feature", "properties": {"Name": "Ten", "SymbolID": "54"}, "geometry": {"type": "Polygon", "coordinates": [[[65.88624999963781, 27.69947999990211, 0.0], [65.88080000011996, 27.639409999671784, 0.0], [65.8551899999186, 27.601840000115942, 0.0], [65.88624999963781, 27.69947999990211, 0.0]]]}}, {"type": "Feature", "properties": {"Name": "Js", "SymbolID": "55"}, "geometry": {"type": "Polygon", "coordinates": [[[65.88002000012295, 27.656230000114476, 0.0], [65.88371000031634, 27.646489999713765, 0.0], [65.87959999964033, 27.644360000413712, 0.0], [65.88002000012295, 27.656230000114476, 0.0]]]}}, {"type": "Feature", "properties": {"Name": "Qt", "SymbolID": "7"}, "geometry": {"type": "Polygon", "coordinates": [[[66.09811999983816, 27.77531999981818, 0.0], [66.07833999959138, 27.725520000147924, 0.0], [66.0908900000735, 27.68841000022138, 0.0], [66.06330000029482, 27.693409999671815, 0.0], [66.0303400001909, 27.685899999585388, 0.0], [66.00877999969731, 27.66614000026084, 0.0], [65.97860999965184, 27.665859999939073, 0.0], [65.9714700004402, 27.61651000033629, 0.0], [65.9354700004402, 27.597559999694283, 0.0], [65.88000999966181, 27.529280000371784, 0.0], [65.89360000043973, 27.633539999671314, 0.0], [65.90840000035979, 27.659000000149945, 0.0], [65.930080000092, 27.6591400003108, 0.0], [65.95345999997909, 27.679979999977093, 0.0], [65.93880000021989, 27.698380000436714, 0.0], [65.96760000004002, 27.71084000036575, 0.0], [65.99820000012994, 27.773180000056982, 0.0], [66.00969999985517, 27.77268000038174, 0.0], [66.03375999962435, 27.732700000304817, 0.0], [66.06016000028382, 27.746889999973575, 0.0], [66.06734000044071, 27.727320000417762, 0.0], [66.08612999999957, 27.750410000421255, 0.0], [66.06548999966378, 27.746519999998043, 0.0], [66.0773400002409, 27.772600000289856, 0.0], [66.09811999983816, 27.77531999981818, 0.0]], [[66.00323000006449, 27.732720000327788, 0.0], [66.01250000037476, 27.741730000339317, 0.0], [65.99206000026885, 27.737899999985075, 0.0], [65.98488000011196, 27.707930000169426, 0.0], [66.01568000043176, 27.695049999757714, 0.0], [66.02192999996959, 27.731089999803714, 0.0], [66.00323000006449, 27.732720000327788, 0.0]], [[65.94471000026635, 27.641820000192922, 0.0], [65.9596300003243, 27.652310000106468, 0.0], [65.95912999974973, 27.670250000037527, 0.0], [65.94471000026635, 27.641820000192922, 0.0]]]}}, {"type": "Feature", "properties": {"Name": "Q", "SymbolID": "8"}, "geometry": {"type": "Polygon", "coordinates": [[[65.94781000023136, 27.639850000177432, 0.0], [65.94506000021892, 27.656390000298302, 0.0], [65.95912999974973, 27.670250000037527, 0.0], [65.9596300003243, 27.652310000106468, 0.0], [65.94781000023136, 27.639850000177432, 0.0]]]}}, {"type": "Feature", "properties": {"Name": "Tk", "SymbolID": "53"}, "geometry": {"type": "Polygon", "coordinates": [[[65.25123000016441, 27.52146999994062, 0.0], [65.23627999962235, 27.52263000037425, 0.0], [65.25423999957638, 27.52776000042371, 0.0], [65.25123000016441, 27.52146999994062, 0.0]]]}}, {"type": "Feature", "properties": {"Name": "Tk", "SymbolID": "53"}, "geometry": {"type": "Polygon", "coordinates": [[[64.78629000008351, 27.723229999764726, 0.0], [64.72572999973977, 27.635990000238394, 0.0], [64.59147000014048, 27.555669999670783, 0.0], [64.42912999974976, 27.49548999976372, 0.0], [64.30979000020841, 27.47496999956587, 0.0], [64.18592000040775, 27.47469999970525, 0.0], [64.23730999965682, 27.504260000398745, 0.0], [64.34242999994461, 27.527680000331827, 0.0], [64.53113999961136, 27.59675000011248, 0.0], [64.67554000007101, 27.664870000150415, 0.0], [64.76691000029632, 27.724620000013033, 0.0], [64.78629000008351, 27.723229999764726, 0.0]]]}}, {"type": "Feature", "properties": {"Name": "Qt", "SymbolID": "7"}, "geometry": {"type": "Polygon", "coordinates": [[[65.65359000027837, 27.785829999754753, 0.0], [65.63227999962231, 27.781000000050028, 0.0], [65.61468999964382, 27.74547000014047, 0.0], [65.55672000002801, 27.696009999961575, 0.0], [65.51431999986818, 27.637060000118936, 0.0], [65.47702999973478, 27.6139599996543, 0.0], [65.36822999971474, 27.50055999974427, 0.0], [65.3386899999436, 27.454230000014547, 0.0], [65.24961999966331, 27.37428000032179, 0.0], [65.17264999979773, 27.326010000161432, 0.0], [65.11901999977323, 27.31164000028582, 0.0], [65.12578000034682, 27.3381899997687, 0.0], [65.1625800003668, 27.36127999977225, 0.0], [65.19698999988861, 27.406750000312343, 0.0], [65.209280000072, 27.39577999984715, 0.0], [65.28191000034627, 27.484090000153458, 0.0], [65.31717999995709, 27.507699999855163, 0.0], [65.3143600003138, 27.53242999994461, 0.0], [65.35283999956636, 27.556039999646316, 0.0], [65.34734000044074, 27.527099999665325, 0.0], [65.35886999975077, 27.53138999964881, 0.0], [65.37949999962535, 27.561389999948574, 0.0], [65.3695199998482, 27.570210000191423, 0.0], [65.39114000041076, 27.612169999845662, 0.0], [65.4019200002079, 27.612459999729253, 0.0], [65.39586000043874, 27.593530000009537, 0.0], [65.42164000038576, 27.60656000014393, 0.0], [65.42347999980223, 27.645060000318836, 0.0], [65.43398999973874, 27.621990000338315, 0.0], [65.5160099995619, 27.70278999965882, 0.0], [65.55895999990412, 27.71850999973674, 0.0], [65.50949000016345, 27.720929999819703, 0.0], [65.57151000038624, 27.782430000344277, 0.0], [65.63966999957086, 27.899160000034044, 0.0], [65.65400999986167, 27.861259999649292, 0.0], [65.63871000026637, 27.80624999983769, 0.0], [65.65359000027837, 27.785829999754753, 0.0]]]}}, {"type": "Feature", "properties": {"Name": "Tk", "SymbolID": "53"}, "geometry": {"type": "Polygon", "coordinates": [[[64.52357000035528, 27.626579999767216, 0.0], [64.45338000018694, 27.60966000010899, 0.0], [64.55225000003753, 27.654050000307336, 0.0], [64.52357000035528, 27.626579999767216, 0.0]]]}}, {"type": "Feature", "properties": {"Name": "Qt", "SymbolID": "7"}, "geometry": {"type": "Polygon", "coordinates": [[[64.7574999998252, 27.71909000040324, 0.0], [64.67554000007101, 27.664870000150415, 0.0], [64.48384999967777, 27.580470000290347, 0.0], [64.47530000019492, 27.610170000245375, 0.0], [64.52357000035528, 27.626579999767216, 0.0], [64.55225000003753, 27.654050000307336, 0.0], [64.4727100003663, 27.619160000233876, 0.0], [64.45640999962183, 27.675779999647318, 0.0], [64.6796499998477, 27.72661999961332, 0.0], [64.7574999998252, 27.71909000040324, 0.0]]]}}, {"type": "Feature", "properties": {"Name": "Qt", "SymbolID": "7"}, "geometry": {"type": "Polygon", "coordinates": [[[64.49933999994113, 27.52664999959785, 0.0], [64.67375000026237, 27.597309999856634, 0.0], [64.72572999973977, 27.635990000238394, 0.0], [64.7871500001724, 27.71918000005701, 0.0], [64.80256999990564, 27.702209999891636, 0.0], [64.86436000031381, 27.716229999814686, 0.0], [64.77984999987763, 27.660720000327785, 0.0], [64.77611999963835, 27.650999999950102, 0.0], [64.79431000030633, 27.64560000004002, 0.0], [64.97593000036926, 27.737960000053988, 0.0], [65.11497000006551, 27.832279999622358, 0.0], [65.20924000002606, 27.878829999604875, 0.0], [65.22553999987116, 27.87169999995507, 0.0], [65.21660999995157, 27.859070000280326, 0.0], [65.12568999979374, 27.808939999781217, 0.0], [65.07798999983868, 27.746709999766722, 0.0], [65.15583999981618, 27.771319999718287, 0.0], [65.32350000002504, 27.88165000014743, 0.0], [65.37056000014394, 27.891589999878647, 0.0], [65.248380000037, 27.804079999592375, 0.0], [65.22834999995257, 27.77287000015042, 0.0], [65.11542999969481, 27.703509999586856, 0.0], [65.05588000006202, 27.686250000437212, 0.0], [65.0340499997078, 27.70715000017242, 0.0], [65.000340000091, 27.714870000050496, 0.0], [64.9795999996403, 27.691379999587355, 0.0], [64.95563000042421, 27.686110000276358, 0.0], [64.96261000035128, 27.678210000191427, 0.0], [64.88359000037826, 27.646589999828677, 0.0], [64.88665999985915, 27.633409999971548, 0.0], [64.86765999960937, 27.632839999766247, 0.0], [64.86356999985566, 27.618529999959605, 0.0], [64.82764000038577, 27.61791999970825, 0.0], [64.8388799998122, 27.60588999982366, 0.0], [64.77280999988164, 27.589890000323294, 0.0], [64.72166000000902, 27.558120000237864, 0.0], [64.68018999956888, 27.555009999811716, 0.0], [64.65694000028083, 27.51949999992513, 0.0], [64.58662999997455, 27.469600000139963, 0.0], [64.51731999991813, 27.46420000022988, 0.0], [64.49933999994113, 27.52664999959785, 0.0]], [[65.06177000008552, 27.742720000127974, 0.0], [65.0132799996723, 27.732640000235847, 0.0], [65.01458999982867, 27.7249000003348, 0.0], [65.06337000012547, 27.713020000172946, 0.0], [65.07100000034978, 27.729250000387253, 0.0], [65.06177000008552, 27.742720000127974, 0.0]], [[65.11261999961334, 27.716240000275832, 0.0], [65.14144000035577, 27.730320000267852, 0.0], [65.11039999976026, 27.720760000073994, 0.0], [65.11261999961334, 27.716240000275832, 0.0]], [[65.06296999966582, 27.695149999872626, 0.0], [65.08356000039373, 27.70900999961185, 0.0], [65.05815000042224, 27.700509999736767, 0.0], [65.06296999966582, 27.695149999872626, 0.0]]]}}, {"type": "Feature", "properties": {"Name": "Tk", "SymbolID": "53"}, "geometry": {"type": "Polygon", "coordinates": [[[65.08422000025286, 27.70491000029631, 0.0], [65.0732000001799, 27.6968200004427, 0.0], [65.05815000042224, 27.700509999736767, 0.0], [65.07687999991214, 27.708819999843172, 0.0], [65.08422000025286, 27.70491000029631, 0.0]]]}}, {"type": "Feature", "properties": {"Name": "Tk", "SymbolID": "53"}, "geometry": {"type": "Polygon", "coordinates": [[[64.79996999961583, 27.70709000010345, 0.0], [64.78801000026135, 27.710390000298332, 0.0], [64.78871999972824, 27.73237999993711, 0.0], [64.80020999989165, 27.727699999955064, 0.0], [64.79996999961583, 27.70709000010345, 0.0]]]}}, {"type": "Feature", "properties": {"Name": "Tk", "SymbolID": "53"}, "geometry": {"type": "Polygon", "coordinates": [[[65.11261999961334, 27.716240000275832, 0.0], [65.12747999960237, 27.732219999753227, 0.0], [65.14144000035577, 27.730320000267852, 0.0], [65.12182000029281, 27.717869999900643, 0.0], [65.11261999961334, 27.716240000275832, 0.0]]]}}, {"type": "Feature", "properties": {"Name": "Tk", "SymbolID": "53"}, "geometry": {"type": "Polygon", "coordinates": [[[65.07100000034978, 27.729250000387253, 0.0], [65.05719000021838, 27.712839999966093, 0.0], [65.0132799996723, 27.732640000235847, 0.0], [65.04779999977023, 27.745069999680766, 0.0], [65.07100000034978, 27.729250000387253, 0.0]]]}}, {"type": "Feature", "properties": {"Name": "K", "SymbolID": "58"}, "geometry": {"type": "Polygon", "coordinates": [[[65.89153999987116, 27.711449999717786, 0.0], [65.85873999995107, 27.63722000030282, 0.0], [65.85054000042072, 27.594020000122953, 0.0], [65.84197000001552, 27.675449999717785, 0.0], [65.86368999979373, 27.713880000261838, 0.0], [65.89153999987116, 27.711449999717786, 0.0]]]}}, {"type": "Feature", "properties": {"Name": "Js", "SymbolID": "55"}, "geometry": {"type": "Polygon", "coordinates": [[[65.84123999962634, 27.734060000069007, 0.0], [65.82791000004653, 27.66333000017943, 0.0], [65.83386999970077, 27.634080000291817, 0.0], [65.77807999989216, 27.57704999995758, 0.0], [65.77292999981967, 27.59771000031634, 0.0], [65.81812000003805, 27.704349999652834, 0.0], [65.82214000016091, 27.741470000040522, 0.0], [65.83086999985068, 27.718620000312796, 0.0], [65.84123999962634, 27.734060000069007, 0.0]]]}}, {"type": "Feature", "properties": {"Name": "Js", "SymbolID": "55"}, "geometry": {"type": "Polygon", "coordinates": [[[65.89841999968331, 27.664429999644824, 0.0], [65.89328999963385, 27.671429999594864, 0.0], [65.89870000000508, 27.68170999971676, 0.0], [65.90044999976772, 27.67361999986315, 0.0], [65.89841999968331, 27.664429999644824, 0.0]]]}}, {"type": "Feature", "properties": {"Name": "Ten", "SymbolID": "54"}, "geometry": {"type": "Polygon", "coordinates": [[[65.94083000030435, 27.692869999950574, 0.0], [65.9154499999176, 27.678800000419756, 0.0], [65.91105000025738, 27.678419999983078, 0.0], [65.92168000033183, 27.69783999981621, 0.0], [65.94083000030435, 27.692869999950574, 0.0]]]}}, {"type": "Feature", "properties": {"Name": "Js", "SymbolID": "55"}, "geometry": {"type": "Polygon", "coordinates": [[[65.92039000019838, 27.695399999710276, 0.0], [65.91002999998454, 27.69822000025289, 0.0], [65.90863000017441, 27.707330000379272, 0.0], [65.91661000035128, 27.707850000077485, 0.0], [65.92039000019838, 27.695399999710276, 0.0]]]}}, {"type": "Feature", "properties": {"Name": "Tnh", "SymbolID": "0"}, "geometry": {"type": "Polygon", "coordinates": [[[66.00185000027733, 27.727610000301297, 0.0], [66.02192999996959, 27.731089999803714, 0.0], [66.01568000043176, 27.695049999757714, 0.0], [65.98488000011196, 27.707930000169426, 0.0], [65.99206000026885, 27.737899999985075, 0.0], [66.01250000037476, 27.741730000339317, 0.0], [66.00185000027733, 27.727610000301297, 0.0]]]}}, {"type": "Feature", "properties": {"Name": "Q", "SymbolID": "8"}, "geometry": {"type": "Polygon", "coordinates": [[[65.83593000026934, 27.72408000029185, 0.0], [65.83587000020043, 27.722790000158454, 0.0], [65.83568000043175, 27.722629999974572, 0.0], [65.83593000026934, 27.72408000029185, 0.0]]]}}, {"type": "Feature", "properties": {"Name": "Js", "SymbolID": "55"}, "geometry": {"type": "Polygon", "coordinates": [[[65.94397999987717, 27.72267999958234, 0.0], [65.93521000014147, 27.723169999695756, 0.0], [65.9426299996748, 27.730109999576882, 0.0], [65.94397999987717, 27.72267999958234, 0.0]]]}}, {"type": "Feature", "properties": {"Name": "Qt", "SymbolID": "7"}, "geometry": {"type": "Polygon", "coordinates": [[[65.9165199997982, 27.797609999801693, 0.0], [65.89397000041527, 27.688109999876644, 0.0], [65.89163000042424, 27.736030000084497, 0.0], [65.8687799997972, 27.738679999982082, 0.0], [65.84016999974574, 27.692170000045508, 0.0], [65.84190000038478, 27.75033999989114, 0.0], [65.81836999987564, 27.771239999626346, 0.0], [65.84258000026688, 27.781869999700803, 0.0], [65.86056000024388, 27.756310000006522, 0.0], [65.90342000003301, 27.77075000041225, 0.0], [65.9165199997982, 27.797609999801693, 0.0]]]}}, {"type": "Feature", "properties": {"Name": "Qpkc", "SymbolID": "0"}, "geometry": {"type": "Polygon", "coordinates": [[[65.84190000038478, 27.75033999989114, 0.0], [65.83086999985068, 27.718620000312796, 0.0], [65.81801999992314, 27.768040000445694, 0.0], [65.84190000038478, 27.75033999989114, 0.0]]]}}, {"type": "Feature", "properties": {"Name": "Tnh", "SymbolID": "0"}, "geometry": {"type": "Polygon", "coordinates": [[[66.22259999989012, 27.691710000416265, 0.0], [66.21724999958786, 27.701440000355774, 0.0], [66.23099000008847, 27.713069999780714, 0.0], [66.2682600001989, 27.719110000426213, 0.0], [66.26099999995012, 27.703450000417263, 0.0], [66.22259999989012, 27.691710000416265, 0.0]]]}}, {"type": "Feature", "properties": {"Name": "Ton", "SymbolID": "39"}, "geometry": {"type": "Polygon", "coordinates": [[[66.20408000019194, 27.771140000410753, 0.0], [66.21761000000157, 27.774450000167406, 0.0], [66.22807000033032, 27.74740999967179, 0.0], [66.2154500002174, 27.742239999576384, 0.0], [66.20628000002205, 27.701599999640337, 0.0], [66.19269000014344, 27.697890000323298, 0.0], [66.1855200004477, 27.712149999622852, 0.0], [66.15523999982616, 27.61994999979271, 0.0], [66.15921999990314, 27.680209999791714, 0.0], [66.18368000013197, 27.73742999989463, 0.0], [66.15476999973578, 27.78565000044722, 0.0], [66.19696999966578, 27.816030000284343, 0.0], [66.20408000019194, 27.771140000410753, 0.0]]]}}, {"type": "Feature", "properties": {"Name": "Q", "SymbolID": "0"}, "geometry": {"type": "Polygon", "coordinates": [[[66.16086999955087, 27.76382999965483, 0.0], [66.18368000013197, 27.73742999989463, 0.0], [66.15576000042375, 27.64929000023335, 0.0], [66.0937699997857, 27.689259999849185, 0.0], [66.10905000025735, 27.744460000328786, 0.0], [66.1079099998467, 27.758999999950106, 0.0], [66.09475000001254, 27.758979999927078, 0.0], [66.12902000027287, 27.77931999991813, 0.0], [66.14799000003853, 27.769959999954096, 0.0], [66.15115999963433, 27.788719999928105, 0.0], [66.16085000042722, 27.791189999618837, 0.0], [66.16086999955087, 27.76382999965483, 0.0]], [[66.14247999955239, 27.764239999676306, 0.0], [66.13343000039424, 27.73605000010747, 0.0], [66.13567999983218, 27.731559999894102, 0.0], [66.15182000039277, 27.748909999596833, 0.0], [66.14247999955239, 27.764239999676306, 0.0]], [[66.14232999982966, 27.68894000038074, 0.0], [66.15523000026434, 27.699419999833196, 0.0], [66.16672999998957, 27.715170000395233, 0.0], [66.14692000015793, 27.708329999729756, 0.0], [66.13729000033328, 27.718729999989534, 0.0], [66.14232999982966, 27.68894000038074, 0.0]]]}}, {"type": "Feature", "properties": {"Name": "Tpgd", "SymbolID": "3"}, "geometry": {"type": "Polygon", "coordinates": [[[66.0911100003263, 27.690079999892134, 0.0], [66.08003000018442, 27.733349999702796, 0.0], [66.09267999988214, 27.75867999958234, 0.0], [66.1079099998467, 27.758999999950106, 0.0], [66.10082999980472, 27.695849999777693, 0.0], [66.0911100003263, 27.690079999892134, 0.0]]]}}, {"type": "Feature", "properties": {"Name": "Tp", "SymbolID": "15"}, "geometry": {"type": "Polygon", "coordinates": [[[66.33792000020787, 27.694690000243384, 0.0], [66.33494999994258, 27.71166999997058, 0.0], [66.31087999971226, 27.70475999967431, 0.0], [66.32950999998656, 27.742969999965567, 0.0], [66.35754999983266, 27.774659999959056, 0.0], [66.37710000026487, 27.77125000008749, 0.0], [66.3816699996708, 27.752340000390745, 0.0], [66.34363000002452, 27.730289999783736, 0.0], [66.35358000021688, 27.721139999611353, 0.0], [66.38669999960536, 27.730269999760708, 0.0], [66.33792000020787, 27.694690000243384, 0.0]]]}}, {"type": "Feature", "properties": {"Name": "Tnh", "SymbolID": "0"}, "geometry": {"type": "Polygon", "coordinates": [[[66.26220999999157, 27.73980000036977, 0.0], [66.264260000099, 27.725839999616312, 0.0], [66.25870000000504, 27.72724000032582, 0.0], [66.26220999999157, 27.73980000036977, 0.0]]]}}, {"type": "Feature", "properties": {"Name": "Tnh", "SymbolID": "0"}, "geometry": {"type": "Polygon", "coordinates": [[[66.06548999966378, 27.746519999998043, 0.0], [66.08177999994712, 27.756419999683317, 0.0], [66.08676999983567, 27.754830000104448, 0.0], [66.07151000028637, 27.727410000071472, 0.0], [66.06548999966378, 27.746519999998043, 0.0]]]}}, {"type": "Feature", "properties": {"Name": "Tnh", "SymbolID": "0"}, "geometry": {"type": "Polygon", "coordinates": [[[66.29804000024586, 27.73558999957885, 0.0], [66.28115999973426, 27.74736000006402, 0.0], [66.30132999997954, 27.757600000139973, 0.0], [66.29804000024586, 27.73558999957885, 0.0]]]}}, {"type": "Feature", "properties": {"Name": "Tb", "SymbolID": "63"}, "geometry": {"type": "Polygon", "coordinates": [[[66.13567999983218, 27.731559999894102, 0.0], [66.13409999981519, 27.759530000109464, 0.0], [66.14247999955239, 27.764239999676306, 0.0], [66.15205999976922, 27.739470000440235, 0.0], [66.13567999983218, 27.731559999894102, 0.0]]]}}, {"type": "Feature", "properties": {"Name": "Ton", "SymbolID": "39"}, "geometry": {"type": "Polygon", "coordinates": [[[66.25709000040325, 27.75748999956386, 0.0], [66.23778999980868, 27.763530000209414, 0.0], [66.23499999975024, 27.77295000024236, 0.0], [66.2615100000865, 27.767789999708782, 0.0], [66.25709000040325, 27.75748999956386, 0.0]]]}}, {"type": "Feature", "properties": {"Name": "Js", "SymbolID": "55"}, "geometry": {"type": "Polygon", "coordinates": [[[65.91475000001253, 27.720000000099958, 0.0], [65.9215099996868, 27.763849999677802, 0.0], [65.92462999967478, 27.801170000295315, 0.0], [65.93872000012794, 27.747290000433225, 0.0], [65.91475000001253, 27.720000000099958, 0.0]]]}}, {"type": "Feature", "properties": {"Name": "Ten", "SymbolID": "54"}, "geometry": {"type": "Polygon", "coordinates": [[[65.95107999994212, 27.8446400003358, 0.0], [65.96398999993858, 27.709439999656297, 0.0], [65.92072000012797, 27.69707000028035, 0.0], [65.90863000017441, 27.707330000379272, 0.0], [65.91879000015842, 27.69553999987113, 0.0], [65.9048199998432, 27.677889999823662, 0.0], [65.89397000041527, 27.688109999876644, 0.0], [65.90188000006202, 27.72550999968678, 0.0], [65.91033999989116, 27.738260000398725, 0.0], [65.91475000001253, 27.720000000099958, 0.0], [65.93872000012794, 27.747290000433225, 0.0], [65.93170999971676, 27.793540000071005, 0.0], [65.91971000031634, 27.800379999837162, 0.0], [65.92074999971277, 27.785370000125454, 0.0], [65.91620000032981, 27.79813999996111, 0.0], [65.92683999996609, 27.839700000055018, 0.0], [65.93966000030883, 27.830839999766226, 0.0], [65.95107999994212, 27.8446400003358, 0.0]], [[65.94397999987717, 27.72267999958234, 0.0], [65.94112999974976, 27.72940000010999, 0.0], [65.9352799997722, 27.720800000119937, 0.0], [65.94397999987717, 27.72267999958234, 0.0]]]}}, {"type": "Feature", "properties": {"Name": "K", "SymbolID": "58"}, "geometry": {"type": "Polygon", "coordinates": [[[65.86056000024388, 27.756310000006522, 0.0], [65.84227000036026, 27.78366000040876, 0.0], [65.85235999981421, 27.829959999654307, 0.0], [65.8597899998087, 27.82334999970277, 0.0], [65.86056000024388, 27.756310000006522, 0.0]]]}}, {"type": "Feature", "properties": {"Name": "Q", "SymbolID": "8"}, "geometry": {"type": "Polygon", "coordinates": [[[65.87031000020642, 27.80191000024638, 0.0], [65.869820000093, 27.818840000365753, 0.0], [65.88919999988013, 27.833839999616316, 0.0], [65.88289000027333, 27.814740000150948, 0.0], [65.87031000020642, 27.80191000024638, 0.0]]]}}, {"type": "Feature", "properties": {"Name": "Tnh", "SymbolID": "0"}, "geometry": {"type": "Polygon", "coordinates": [[[65.95155999959434, 27.85447000039028, 0.0], [65.93966000030883, 27.830839999766226, 0.0], [65.92751999984819, 27.838269999760712, 0.0], [65.95155999959434, 27.85447000039028, 0.0]]]}}, {"type": "Feature", "properties": {"Name": "Tk", "SymbolID": "53"}, "geometry": {"type": "Polygon", "coordinates": [[[65.99756999985567, 27.879290000133437, 0.0], [65.95335999986418, 27.825519999948085, 0.0], [65.99514000021088, 27.900769999635827, 0.0], [65.99756999985567, 27.879290000133437, 0.0]]]}}, {"type": "Feature", "properties": {"Name": "Tnh", "SymbolID": "0"}, "geometry": {"type": "Polygon", "coordinates": [[[66.02628000002204, 28.032570000005535, 0.0], [66.04850999993658, 28.022889999673794, 0.0], [66.0413000001949, 27.98544999981766, 0.0], [66.09704999995756, 27.93708000044171, 0.0], [66.08649999997505, 27.92101000041123, 0.0], [66.05852000019792, 27.957790000408238, 0.0], [66.04758999977872, 27.90556000019393, 0.0], [66.06078999965882, 27.840440000006026, 0.0], [66.04984000011598, 27.83939999971028, 0.0], [66.05185000017741, 27.81587000010046, 0.0], [66.08122999976473, 27.775119999588355, 0.0], [66.06548999966378, 27.746519999998043, 0.0], [66.03843999960634, 27.73241999998305, 0.0], [65.99820000012994, 27.773180000056982, 0.0], [65.9638400002159, 27.710939999581342, 0.0], [65.95114999957286, 27.843640000085998, 0.0], [65.9604399999061, 27.866369999675783, 0.0], [65.95005999966929, 27.86168000013197, 0.0], [65.971540000071, 27.91129999959537, 0.0], [65.95072000042774, 27.90336000036376, 0.0], [65.97864000013595, 27.951510000386236, 0.0], [65.95358000011697, 27.933889999923622, 0.0], [65.96111000022637, 27.95679999972026, 0.0], [65.99623999967628, 27.97666999962081, 0.0], [66.02628000002204, 28.032570000005535, 0.0]], [[65.97418999996859, 27.83206999983065, 0.0], [65.99756999985567, 27.879290000133437, 0.0], [65.99514000021088, 27.900769999635827, 0.0], [65.95345999997909, 27.82186000023887, 0.0], [65.97418999996859, 27.83206999983065, 0.0]]]}}, {"type": "Feature", "properties": {"Name": "Q", "SymbolID": "0"}, "geometry": {"type": "Polygon", "coordinates": [[[65.96008000039177, 27.976800000219896, 0.0], [65.9508399996663, 27.898910000196395, 0.0], [65.971540000071, 27.91129999959537, 0.0], [65.95066999992059, 27.872649999697785, 0.0], [65.96015000002257, 27.860269999860634, 0.0], [65.9286200002129, 27.839390000148455, 0.0], [65.92614999962285, 27.89624000027584, 0.0], [65.96008000039177, 27.976800000219896, 0.0]]]}}, {"type": "Feature", "properties": {"Name": "Ten", "SymbolID": "54"}, "geometry": {"type": "Polygon", "coordinates": [[[65.95304999995761, 27.91385999983919, 0.0], [65.96772999973973, 27.94882000044271, 0.0], [65.97864000013595, 27.951510000386236, 0.0], [65.95304999995761, 27.91385999983919, 0.0]]]}}, {"type": "Feature", "properties": {"Name": "Qt", "SymbolID": "7"}, "geometry": {"type": "Polygon", "coordinates": [[[65.66055999974424, 27.93840000015996, 0.0], [65.65550000022489, 27.960329999729765, 0.0], [65.66823000001455, 27.974039999746253, 0.0], [65.67609999961536, 27.955640000185895, 0.0], [65.66055999974424, 27.93840000015996, 0.0]]]}}, {"type": "Feature", "properties": {"Name": "Js", "SymbolID": "55"}, "geometry": {"type": "Polygon", "coordinates": [[[66.03104000009597, 28.172179999907144, 0.0], [66.00633000002955, 28.15403999974626, 0.0], [66.01566999997056, 28.13392000000806, 0.0], [66.00083000000456, 28.06323999972625, 0.0], [65.96043000034427, 28.00613000019939, 0.0], [65.92614999962285, 27.89624000027584, 0.0], [65.93260999985165, 27.869970000215403, 0.0], [65.9165199997982, 27.797609999801693, 0.0], [65.90342000003301, 27.77075000041225, 0.0], [65.86267000042022, 27.757640000185916, 0.0], [65.8597899998087, 27.82334999970277, 0.0], [65.85235999981421, 27.829959999654307, 0.0], [65.83878999995858, 27.780469999890613, 0.0], [65.82864999999754, 27.814450000267357, 0.0], [65.85030000014495, 27.843379999787203, 0.0], [65.88338999994858, 27.858359999914114, 0.0], [65.90216000038379, 27.97542999999456, 0.0], [65.89555000043225, 27.980029999884664, 0.0], [65.88804999990765, 27.948700000304825, 0.0], [65.86321999970329, 27.923740000400755, 0.0], [65.85054999998255, 27.940049999807684, 0.0], [65.83649999957538, 27.937700000254836, 0.0], [65.83891000009646, 27.9861800002069, 0.0], [65.89923999972626, 28.104030000284354, 0.0], [65.91185000027735, 28.10364000028585, 0.0], [65.89995000009247, 28.079329999779702, 0.0], [65.91187000030033, 28.076200000229903, 0.0], [65.96554000037077, 28.136540000320792, 0.0], [65.96920000007998, 28.196909999996535, 0.0], [65.96090000043472, 28.179449999717747, 0.0], [65.90695000004251, 28.154529999859676, 0.0], [65.92144999961783, 28.18229000028333, 0.0], [65.97905999971925, 28.212710000166453, 0.0], [65.98381000023136, 28.193509999686796, 0.0], [66.03104000009597, 28.172179999907144, 0.0]], [[65.8718500001774, 28.007969999615852, 0.0], [65.8907700003353, 28.02669000044324, 0.0], [65.89051999959838, 28.035150000272324, 0.0], [65.8718500001774, 28.007969999615852, 0.0]], [[65.87031000020642, 27.80191000024638, 0.0], [65.88722000030282, 27.823300000095003, 0.0], [65.88919999988013, 27.833839999616316, 0.0], [65.869820000093, 27.818840000365753, 0.0], [65.87031000020642, 27.80191000024638, 0.0]]]}}, {"type": "Feature", "properties": {"Name": "Ten", "SymbolID": "54"}, "geometry": {"type": "Polygon", "coordinates": [[[66.02162999962485, 28.03529999999506, 0.0], [65.99623999967628, 27.97666999962081, 0.0], [65.96064999969781, 27.955780000346806, 0.0], [65.97640000025984, 28.015809999631813, 0.0], [66.02162999962485, 28.03529999999506, 0.0]]]}}, {"type": "Feature", "properties": {"Name": "Q", "SymbolID": "8"}, "geometry": {"type": "Polygon", "coordinates": [[[65.97043999970629, 28.00728000017193, 0.0], [65.98032000026785, 28.022380000436726, 0.0], [65.98689999973527, 28.025710000216407, 0.0], [65.97043999970629, 28.00728000017193, 0.0]]]}}, {"type": "Feature", "properties": {"Name": "Tnh", "SymbolID": "0"}, "geometry": {"type": "Polygon", "coordinates": [[[65.8907700003353, 28.02669000044324, 0.0], [65.8718500001774, 28.007969999615852, 0.0], [65.89051999959838, 28.035150000272324, 0.0], [65.8907700003353, 28.02669000044324, 0.0]]]}}, {"type": "Feature", "properties": {"Name": "Ten", "SymbolID": "54"}, "geometry": {"type": "Polygon", "coordinates": [[[65.85251000043621, 28.0391599999341, 0.0], [65.85297000006551, 28.02339999981018, 0.0], [65.84324999968777, 28.013070000080518, 0.0], [65.83991999990815, 28.033610000301337, 0.0], [65.85251000043621, 28.0391599999341, 0.0]]]}}, {"type": "Feature", "properties": {"Name": "Q", "SymbolID": "0"}, "geometry": {"type": "Polygon", "coordinates": [[[65.76028000012195, 28.177539999771227, 0.0], [65.7663100003063, 28.102250000037543, 0.0], [65.8075900000785, 28.063600000139957, 0.0], [65.79624000007601, 28.046750000112468, 0.0], [65.83158000021689, 28.037869999800705, 0.0], [65.83749000026336, 28.06495000034232, 0.0], [65.85424000017593, 28.055789999708793, 0.0], [65.83991999990815, 28.033610000301337, 0.0], [65.84324999968777, 28.013070000080518, 0.0], [65.85722999956488, 28.01200000019992, 0.0], [65.83891000009646, 27.9861800002069, 0.0], [65.83649999957538, 27.937700000254836, 0.0], [65.85054999998255, 27.940049999807684, 0.0], [65.86321999970329, 27.923740000400755, 0.0], [65.88804999990765, 27.948700000304825, 0.0], [65.89555000043225, 27.980029999884664, 0.0], [65.90216000038379, 27.97542999999456, 0.0], [65.88338999994858, 27.858359999914114, 0.0], [65.83295000044222, 27.82402000002304, 0.0], [65.82885999978919, 27.790170000245382, 0.0], [65.81613999956136, 27.791169999595866, 0.0], [65.81937000012545, 27.821450000217396, 0.0], [65.80972000027782, 27.823170000395237, 0.0], [65.7944199997832, 27.78432999982965, 0.0], [65.76284000036577, 27.952879999712252, 0.0], [65.76604000044574, 28.00190000028482, 0.0], [65.75371999977824, 28.019390000148462, 0.0], [65.76375000006249, 28.133500000424704, 0.0], [65.73832999962985, 28.192089999853636, 0.0], [65.76574999966283, 28.2311200001879, 0.0], [65.77313999961137, 28.270300000244845, 0.0], [65.77347000044023, 28.209550000132424, 0.0], [65.75155000043225, 28.195160000233898, 0.0], [65.76028000012195, 28.177539999771227, 0.0]]]}}, {"type": "Feature", "properties": {"Name": "Tnh", "SymbolID": "0"}, "geometry": {"type": "Polygon", "coordinates": [[[66.02720999974173, 28.156279999622313, 0.0], [66.01451999999807, 28.153170000095486, 0.0], [66.04452999985966, 28.123900000184904, 0.0], [66.03871000036628, 28.076579999767205, 0.0], [66.02923000026436, 28.071910000246362, 0.0], [66.01809999961534, 28.093190000418247, 0.0], [66.01437999983716, 28.062240000375766, 0.0], [65.97193999963133, 28.012080000291803, 0.0], [65.94163000032432, 27.939840000016034, 0.0], [65.96043000034427, 28.00613000019939, 0.0], [66.00083000000456, 28.06323999972625, 0.0], [66.01166000030884, 28.16803999964634, 0.0], [66.02502000037276, 28.16967999973224, 0.0], [66.02720999974173, 28.156279999622313, 0.0]], [[66.03738999974877, 28.1180799997922, 0.0], [66.02894000038077, 28.126799999920138, 0.0], [66.01712999984966, 28.124919999558358, 0.0], [66.02190999994662, 28.117339999841192, 0.0], [66.03738999974877, 28.1180799997922, 0.0]]]}}, {"type": "Feature", "properties": {"Name": "Q", "SymbolID": "8"}, "geometry": {"type": "Polygon", "coordinates": [[[65.49522000040275, 28.105539999771224, 0.0], [65.47883000000456, 28.080829999704747, 0.0], [65.47634999985269, 28.08324999978771, 0.0], [65.4806199998132, 28.1055300002094, 0.0], [65.48730000029485, 28.09683000010449, 0.0], [65.49522000040275, 28.105539999771224, 0.0]]]}}, {"type": "Feature", "properties": {"Name": "Q", "SymbolID": "8"}, "geometry": {"type": "Polygon", "coordinates": [[[65.96920000007998, 28.196909999996535, 0.0], [65.95150000042474, 28.132779999597346, 0.0], [65.96807000013047, 28.153740000300843, 0.0], [65.96554000037077, 28.136540000320792, 0.0], [65.94949999992514, 28.10922000040273, 0.0], [65.90465999965932, 28.074689999843656, 0.0], [65.91185000027735, 28.10364000028585, 0.0], [65.89923999972626, 28.104030000284354, 0.0], [65.86696000040376, 28.05795000039228, 0.0], [65.86530000029484, 28.023029999834648, 0.0], [65.85137999958738, 28.015280000371774, 0.0], [65.85806999963086, 28.06717999975723, 0.0], [65.90278000019691, 28.129659999609373, 0.0], [65.93024000027583, 28.110469999590862, 0.0], [65.96920000007998, 28.196909999996535, 0.0]]]}}, {"type": "Feature", "properties": {"Name": "Ton", "SymbolID": "39"}, "geometry": {"type": "Polygon", "coordinates": [[[65.87682999960487, 28.112100000114992, 0.0], [65.83158000021689, 28.037869999800705, 0.0], [65.79624000007601, 28.046750000112468, 0.0], [65.8075900000785, 28.063600000139957, 0.0], [65.79150000002505, 28.068070000330295, 0.0], [65.78967999973224, 28.083400000409767, 0.0], [65.85061000005152, 28.135339999841165, 0.0], [65.8656399997862, 28.183010000211368, 0.0], [65.89235000035228, 28.198980000126937, 0.0], [65.87682999960487, 28.112100000114992, 0.0]]]}}, {"type": "Feature", "properties": {"Name": "Js", "SymbolID": "55"}, "geometry": {"type": "Polygon", "coordinates": [[[66.93793999993113, 27.573600000040017, 0.0], [66.92467999998206, 27.58355000023238, 0.0], [66.93332999957988, 27.60697999972723, 0.0], [66.9483099997068, 27.596569999905626, 0.0], [66.93793999993113, 27.573600000040017, 0.0]]]}}, {"type": "Feature", "properties": {"Name": "K", "SymbolID": "58"}, "geometry": {"type": "Polygon", "coordinates": [[[66.95121999990312, 27.623960000353804, 0.0], [66.95513999991113, 27.565760000024056, 0.0], [66.92841999978322, 27.565370000025553, 0.0], [66.91889999963536, 27.588029999984542, 0.0], [66.92137000022541, 27.60832000036777, 0.0], [66.93578000014696, 27.628299999945114, 0.0], [66.95121999990312, 27.623960000353804, 0.0]], [[66.93793999993113, 27.573600000040017, 0.0], [66.9483099997068, 27.596569999905626, 0.0], [66.93332999957988, 27.60697999972723, 0.0], [66.92467999998206, 27.58355000023238, 0.0], [66.93793999993113, 27.573600000040017, 0.0]]]}}, {"type": "Feature", "properties": {"Name": "Js", "SymbolID": "55"}, "geometry": {"type": "Polygon", "coordinates": [[[67.02713999991113, 27.640770000335294, 0.0], [67.03144999991764, 27.58396999981568, 0.0], [67.01275000001255, 27.57087000005049, 0.0], [67.00248999991362, 27.637479999702293, 0.0], [67.02713999991113, 27.640770000335294, 0.0]]]}}, {"type": "Feature", "properties": {"Name": "Qt", "SymbolID": "7"}, "geometry": {"type": "Polygon", "coordinates": [[[66.9590799999421, 27.62914999957286, 0.0], [66.97512999994962, 27.560480000251857, 0.0], [66.96620000003003, 27.551729999639804, 0.0], [66.9188700000505, 27.559649999747762, 0.0], [66.89064000043572, 27.60888000011198, 0.0], [66.90362000006303, 27.64402999958486, 0.0], [66.88738000028684, 27.659989999938603, 0.0], [66.9005299996598, 27.664750000012532, 0.0], [66.91922000000307, 27.63160000013994, 0.0], [66.94516000013397, 27.64363000002453, 0.0], [66.9590799999421, 27.62914999957286, 0.0]], [[66.95121999990312, 27.623960000353804, 0.0], [66.93578000014696, 27.628299999945114, 0.0], [66.92137000022541, 27.60832000036777, 0.0], [66.92841999978322, 27.565370000025553, 0.0], [66.95513999991113, 27.565760000024056, 0.0], [66.95121999990312, 27.623960000353804, 0.0]]]}}, {"type": "Feature", "properties": {"Name": "Kp", "SymbolID": "45"}, "geometry": {"type": "Polygon", "coordinates": [[[67.0652999996953, 27.73730000019492, 0.0], [67.11434999985266, 27.66641000012146, 0.0], [67.12723000026438, 27.659980000376777, 0.0], [67.14404000024587, 27.68923000026433, 0.0], [67.13967000017044, 27.626189999768712, 0.0], [67.15239000039827, 27.62856000024385, 0.0], [67.1711599999341, 27.663649999647816, 0.0], [67.16276000017393, 27.60007999989216, 0.0], [67.17064999979772, 27.52130999975674, 0.0], [67.14958999987863, 27.481119999888108, 0.0], [67.15379999977023, 27.524839999766243, 0.0], [67.13380999973174, 27.56344999961783, 0.0], [67.12567000027036, 27.557839999916098, 0.0], [67.14392000010798, 27.500860000089006, 0.0], [67.12091999975826, 27.498350000352275, 0.0], [67.11290999999653, 27.50999000023836, 0.0], [67.11139000004852, 27.599099999665327, 0.0], [67.1223900000985, 27.629320000217888, 0.0], [67.11001999982318, 27.654469999890637, 0.0], [67.09513000024936, 27.515240000425706, 0.0], [67.06365999960934, 27.4799600003538, 0.0], [67.07034999965282, 27.567939999831196, 0.0], [67.05492999991964, 27.671529999709776, 0.0], [67.01301000031134, 27.711290000433223, 0.0], [66.9647600001739, 27.713149999872655, 0.0], [66.98128000027185, 27.73356999995559, 0.0], [67.03428999958385, 27.719590000078483, 0.0], [67.06172000007797, 27.682739999551416, 0.0], [67.0632299995649, 27.692230000114478, 0.0], [67.09281000028136, 27.62548000030182, 0.0], [67.0652999996953, 27.73730000019492, 0.0]], [[67.16569000039328, 27.528229999614837, 0.0], [67.14960999990166, 27.59767000027034, 0.0], [67.13489999963531, 27.610360000014055, 0.0], [67.16569000039328, 27.528229999614837, 0.0]]]}}, {"type": "Feature", "properties": {"Name": "Ton", "SymbolID": "39"}, "geometry": {"type": "Polygon", "coordinates": [[[66.8041700004452, 27.67692999961986, 0.0], [66.79492999971978, 27.679509999886648, 0.0], [66.798740000051, 27.6861900003683, 0.0], [66.8041700004452, 27.67692999961986, 0.0]]]}}, {"type": "Feature", "properties": {"Name": "Ton", "SymbolID": "39"}, "geometry": {"type": "Polygon", "coordinates": [[[66.78308999960387, 27.681270000110487, 0.0], [66.7681700004452, 27.683750000262364, 0.0], [66.78831999976825, 27.682509999736737, 0.0], [66.78308999960387, 27.681270000110487, 0.0]]]}}, {"type": "Feature", "properties": {"Name": "Ton", "SymbolID": "39"}, "geometry": {"type": "Polygon", "coordinates": [[[66.94859999959039, 27.704289999583864, 0.0], [66.95909000040325, 27.67181000003154, 0.0], [66.95708999990364, 27.668950000342306, 0.0], [66.93808999965381, 27.693979999877172, 0.0], [66.93701000021139, 27.706800000219857, 0.0], [66.94859999959039, 27.704289999583864, 0.0]]]}}, {"type": "Feature", "properties": {"Name": "Ton", "SymbolID": "39"}, "geometry": {"type": "Polygon", "coordinates": [[[66.82932000011795, 27.687840000016024, 0.0], [66.81518999961884, 27.694619999713268, 0.0], [66.83184999987765, 27.692549999582866, 0.0], [66.82932000011795, 27.687840000016024, 0.0]]]}}, {"type": "Feature", "properties": {"Name": "Tpd", "SymbolID": "5"}, "geometry": {"type": "Polygon", "coordinates": [[[67.07438000023689, 27.737019999873155, 0.0], [67.12723000026438, 27.659980000376777, 0.0], [67.10681999974327, 27.672540000420724, 0.0], [67.07438000023689, 27.737019999873155, 0.0]]]}}, {"type": "Feature", "properties": {"Name": "Q", "SymbolID": "0"}, "geometry": {"type": "Polygon", "coordinates": [[[66.24796000025384, 27.793170000095472, 0.0], [66.30639000039827, 27.766300000244883, 0.0], [66.31805000030732, 27.77820999999153, 0.0], [66.33070000000504, 27.767169999895657, 0.0], [66.35545000011746, 27.79294000028085, 0.0], [66.3406500001974, 27.7720300000845, 0.0], [66.35754999983266, 27.774659999959056, 0.0], [66.32950999998656, 27.742969999965567, 0.0], [66.28115999973426, 27.620549999582863, 0.0], [66.21192999976972, 27.602900000434715, 0.0], [66.19101000001154, 27.523540000071023, 0.0], [66.20695000034232, 27.53105000015745, 0.0], [66.20677999969729, 27.521320000217884, 0.0], [66.1690000003498, 27.481569999955582, 0.0], [66.15382999955489, 27.53985000037727, 0.0], [66.16492999971979, 27.56391000014645, 0.0], [66.1652799996723, 27.642859999589348, 0.0], [66.19269000014344, 27.697890000323298, 0.0], [66.21042000028285, 27.705840000016053, 0.0], [66.2154500002174, 27.742239999576384, 0.0], [66.22807000033032, 27.74740999967179, 0.0], [66.22333000027936, 27.780610000051524, 0.0], [66.24796000025384, 27.793170000095472, 0.0]], [[66.25709000040325, 27.75748999956386, 0.0], [66.2615100000865, 27.767789999708782, 0.0], [66.23499999975024, 27.77295000024236, 0.0], [66.23778999980868, 27.763530000209414, 0.0], [66.25709000040325, 27.75748999956386, 0.0]], [[66.30132999997954, 27.757600000139973, 0.0], [66.28127999987214, 27.742829999804712, 0.0], [66.29804000024586, 27.73558999957885, 0.0], [66.30132999997954, 27.757600000139973, 0.0]], [[66.27007000003056, 27.731630000424218, 0.0], [66.25886999975074, 27.737460000378746, 0.0], [66.25870000000504, 27.72724000032582, 0.0], [66.27007000003056, 27.731630000424218, 0.0]], [[66.22259999989012, 27.691710000416265, 0.0], [66.26099999995012, 27.703450000417263, 0.0], [66.2682600001989, 27.719110000426213, 0.0], [66.23099000008847, 27.713069999780714, 0.0], [66.21724999958786, 27.701440000355774, 0.0], [66.22259999989012, 27.691710000416265, 0.0]]]}}, {"type": "Feature", "properties": {"Name": "Tp", "SymbolID": "15"}, "geometry": {"type": "Polygon", "coordinates": [[[66.38983999961636, 27.638529999559864, 0.0], [66.37437999983717, 27.642569999705756, 0.0], [66.37423999967632, 27.64859999989011, 0.0], [66.38983999961636, 27.638529999559864, 0.0]]]}}, {"type": "Feature", "properties": {"Name": "Qt", "SymbolID": "7"}, "geometry": {"type": "Polygon", "coordinates": [[[66.1541499999226, 27.64603999964629, 0.0], [66.15794999979272, 27.609020000272835, 0.0], [66.12678999995859, 27.59958000021686, 0.0], [66.12512999984966, 27.65600999986168, 0.0], [66.10885000002753, 27.65676999983566, 0.0], [66.099920000108, 27.686239999976067, 0.0], [66.1541499999226, 27.64603999964629, 0.0]], [[66.13900000005003, 27.64012999959988, 0.0], [66.12945000031732, 27.647879999962072, 0.0], [66.13101999987316, 27.636560000443694, 0.0], [66.13900000005003, 27.64012999959988, 0.0]]]}}, {"type": "Feature", "properties": {"Name": "Q", "SymbolID": "8"}, "geometry": {"type": "Polygon", "coordinates": [[[66.13900000005003, 27.64012999959988, 0.0], [66.12945000031732, 27.647879999962072, 0.0], [66.14082000034279, 27.651900000084993, 0.0], [66.13900000005003, 27.64012999959988, 0.0]]]}}, {"type": "Feature", "properties": {"Name": "Tpgd", "SymbolID": "3"}, "geometry": {"type": "Polygon", "coordinates": [[[66.06667000012044, 27.635170000195387, 0.0], [66.06657999956741, 27.652780000196913, 0.0], [66.09310999992658, 27.67096000040374, 0.0], [66.0918900003233, 27.659419999733245, 0.0], [66.06667000012044, 27.635170000195387, 0.0]]]}}, {"type": "Feature", "properties": {"Name": "Q", "SymbolID": "8"}, "geometry": {"type": "Polygon", "coordinates": [[[66.0937699997857, 27.689259999849185, 0.0], [66.0908900000735, 27.68841000022138, 0.0], [66.0911100003263, 27.690079999892134, 0.0], [66.0937699997857, 27.689259999849185, 0.0]]]}}, {"type": "Feature", "properties": {"Name": "Tb", "SymbolID": "63"}, "geometry": {"type": "Polygon", "coordinates": [[[66.1905100003363, 27.716029999584862, 0.0], [66.1884400002059, 27.6811799995574, 0.0], [66.17438000023685, 27.665750000262335, 0.0], [66.1905100003363, 27.716029999584862, 0.0]]]}}, {"type": "Feature", "properties": {"Name": "K", "SymbolID": "58"}, "geometry": {"type": "Polygon", "coordinates": [[[66.44541999963332, 27.704139999861184, 0.0], [66.41093999958139, 27.66378999980867, 0.0], [66.3741900000685, 27.65064999999754, 0.0], [66.37626999976072, 27.674829999904603, 0.0], [66.42264999999753, 27.725740000400776, 0.0], [66.52705999991912, 27.749220000402772, 0.0], [66.5054499998177, 27.718079999692293, 0.0], [66.44541999963332, 27.704139999861184, 0.0]]]}}, {"type": "Feature", "properties": {"Name": "Tb", "SymbolID": "63"}, "geometry": {"type": "Polygon", "coordinates": [[[66.14692000015793, 27.708329999729756, 0.0], [66.15439999976024, 27.71491999965832, 0.0], [66.16672999998957, 27.715170000395233, 0.0], [66.13760999980173, 27.690349999752755, 0.0], [66.13729000033328, 27.718729999989534, 0.0], [66.14692000015793, 27.708329999729756, 0.0]]]}}, {"type": "Feature", "properties": {"Name": "Tp", "SymbolID": "15"}, "geometry": {"type": "Polygon", "coordinates": [[[66.4227100000665, 27.722790000158454, 0.0], [66.39804000004602, 27.705300000294812, 0.0], [66.37626999976072, 27.674829999904603, 0.0], [66.38745999957939, 27.723610000201404, 0.0], [66.40374000030084, 27.73673999955139, 0.0], [66.4227100000665, 27.722790000158454, 0.0]]]}}, {"type": "Feature", "properties": {"Name": "Ton", "SymbolID": "39"}, "geometry": {"type": "Polygon", "coordinates": [[[66.66087999991214, 27.748160000084, 0.0], [66.71434999975276, 27.744380000236845, 0.0], [66.72316000043372, 27.720780000096966, 0.0], [66.69221000039124, 27.715210000441232, 0.0], [66.68762999962485, 27.72525000028736, 0.0], [66.70771000021637, 27.72714000021091, 0.0], [66.6925600003438, 27.740130000299303, 0.0], [66.65465999995911, 27.73248000005202, 0.0], [66.68249000001356, 27.719710000216367, 0.0], [66.6853099996568, 27.71041999988313, 0.0], [66.6718300003543, 27.706700000104945, 0.0], [66.64334000044073, 27.729560000293816, 0.0], [66.66087999991214, 27.748160000084, 0.0]]]}}, {"type": "Feature", "properties": {"Name": "Tnh", "SymbolID": "0"}, "geometry": {"type": "Polygon", "coordinates": [[[66.70553999997105, 27.758059999769216, 0.0], [66.69525000028733, 27.759920000107968, 0.0], [66.70658999982868, 27.762130000399225, 0.0], [66.70553999997105, 27.758059999769216, 0.0]]]}}, {"type": "Feature", "properties": {"Name": "Tnh", "SymbolID": "0"}, "geometry": {"type": "Polygon", "coordinates": [[[66.7321199999381, 27.767109999826687, 0.0], [66.72007000003055, 27.771479999902112, 0.0], [66.73488000041175, 27.771210000041492, 0.0], [66.7321199999381, 27.767109999826687, 0.0]]]}}, {"type": "Feature", "properties": {"Name": "Qt", "SymbolID": "7"}, "geometry": {"type": "Polygon", "coordinates": [[[66.67278999965879, 27.875270000010516, 0.0], [66.63218999976874, 27.85813999966132, 0.0], [66.6613400004407, 27.80088999997355, 0.0], [66.79831999956838, 27.78124999988762, 0.0], [66.78790999974677, 27.797819999593344, 0.0], [66.80892999961986, 27.797769999985576, 0.0], [66.77725999964935, 27.865000000349767, 0.0], [66.78780999963186, 27.872959999604348, 0.0], [66.81230999990663, 27.821180000356776, 0.0], [66.8465499996828, 27.81704000009597, 0.0], [66.85095000024239, 27.793370000325297, 0.0], [66.86207000043021, 27.809910000446223, 0.0], [66.87092000025785, 27.77500000034979, 0.0], [66.85116000003404, 27.766590000128474, 0.0], [66.83377000028531, 27.781510000186415, 0.0], [66.83110000036476, 27.772859999689274, 0.0], [66.86413999966129, 27.743480000101954, 0.0], [66.86273999985116, 27.72774999956289, 0.0], [66.88640000006001, 27.71140000010996, 0.0], [66.89038000013693, 27.69381999969329, 0.0], [66.86456000014397, 27.675299999995048, 0.0], [66.8372699998107, 27.673860000138973, 0.0], [66.83410999977673, 27.661150000372288, 0.0], [66.80937000012545, 27.67493999958134, 0.0], [66.79927000021041, 27.652399999760235, 0.0], [66.79186999980072, 27.667569999655825, 0.0], [66.76210999977673, 27.676209999691764, 0.0], [66.63764999974774, 27.66877999969728, 0.0], [66.6363199995684, 27.649680000231854, 0.0], [66.61691999975824, 27.656660000158922, 0.0], [66.62381000003154, 27.770809999581843, 0.0], [66.59427999982216, 27.77272000042774, 0.0], [66.5870799996423, 27.794950000342283, 0.0], [66.58719999978024, 27.885389999948586, 0.0], [66.64322999986467, 27.88001000006153, 0.0], [66.65601999972324, 27.902130000299337, 0.0], [66.67278999965879, 27.875270000010516, 0.0]], [[66.6594699996408, 27.711939999831202, 0.0], [66.6853099996568, 27.71041999988313, 0.0], [66.65465999995911, 27.73248000005202, 0.0], [66.70268000028182, 27.73718000005698, 0.0], [66.70771000021637, 27.72714000021091, 0.0], [66.6877400002009, 27.71940999987163, 0.0], [66.70714999957289, 27.711950000292347, 0.0], [66.72316000043372, 27.720780000096966, 0.0], [66.72103999979623, 27.73787000040022, 0.0], [66.66087999991214, 27.748160000084, 0.0], [66.64334000044073, 27.729560000293816, 0.0], [66.6594699996408, 27.711939999831202, 0.0]], [[66.78172000027786, 27.72330000029484, 0.0], [66.7967099999666, 27.71768999969379, 0.0], [66.81489000017342, 27.72771000041621, 0.0], [66.78172000027786, 27.72330000029484, 0.0]], [[66.80444000030582, 27.707299999895156, 0.0], [66.7998499999776, 27.69594000033078, 0.0], [66.80424999963782, 27.694839999966064, 0.0], [66.80444000030582, 27.707299999895156, 0.0]], [[66.82786999980073, 27.694819999943093, 0.0], [66.81883999976623, 27.68687999981222, 0.0], [66.83192999996959, 27.689050000057534, 0.0], [66.82786999980073, 27.694819999943093, 0.0]], [[66.78831999976825, 27.682509999736737, 0.0], [66.76988000016195, 27.686110000276358, 0.0], [66.7681700004452, 27.683750000262364, 0.0], [66.78831999976825, 27.682509999736737, 0.0]], [[66.71069000004354, 27.689039999596332, 0.0], [66.67161999966333, 27.69578999970878, 0.0], [66.63741999993312, 27.67963000002453, 0.0], [66.68132000001805, 27.671420000033038, 0.0], [66.71069000004354, 27.689039999596332, 0.0]], [[66.79482999960487, 27.684570000305314, 0.0], [66.80424999963782, 27.67226000009896, 0.0], [66.798740000051, 27.6861900003683, 0.0], [66.79482999960487, 27.684570000305314, 0.0]], [[66.74352000044775, 27.687630000224374, 0.0], [66.74022000025286, 27.69886999965081, 0.0], [66.73148000010195, 27.698730000389276, 0.0], [66.73298000002706, 27.689409999571865, 0.0], [66.74352000044775, 27.687630000224374, 0.0]], [[66.6434300000945, 27.70542999999458, 0.0], [66.6507100003663, 27.712559999644327, 0.0], [66.64025999959938, 27.7104399999061, 0.0], [66.6434300000945, 27.70542999999458, 0.0]]]}}, {"type": "Feature", "properties": {"Name": "Tnh", "SymbolID": "0"}, "geometry": {"type": "Polygon", "coordinates": [[[66.71933000007948, 27.779569999755722, 0.0], [66.69769000039327, 27.77921000024139, 0.0], [66.72037000037528, 27.78414000006103, 0.0], [66.71933000007948, 27.779569999755722, 0.0]]]}}, {"type": "Feature", "properties": {"Name": "Tnh", "SymbolID": "0"}, "geometry": {"type": "Polygon", "coordinates": [[[66.75081000028132, 27.771979999577354, 0.0], [66.74155999999408, 27.778410000221356, 0.0], [66.72949999962532, 27.783290000433226, 0.0], [66.74313000044924, 27.785530000309336, 0.0], [66.75081000028132, 27.771979999577354, 0.0]]]}}, {"type": "Feature", "properties": {"Name": "Q", "SymbolID": "0"}, "geometry": {"type": "Polygon", "coordinates": [[[66.42418000040675, 27.850669999620834, 0.0], [66.49356999965579, 27.797859999639343, 0.0], [66.5110499999576, 27.798950000442233, 0.0], [66.51158999967879, 27.81375000036229, 0.0], [66.56558999967882, 27.80653999972128, 0.0], [66.58493000031933, 27.82683000010445, 0.0], [66.59427999982216, 27.77272000042774, 0.0], [66.54263999983618, 27.75300000024987, 0.0], [66.5378500001774, 27.7326699998207, 0.0], [66.51074999961287, 27.712329999829706, 0.0], [66.45339999981019, 27.711540000270872, 0.0], [66.5054499998177, 27.718079999692293, 0.0], [66.52705999991912, 27.749220000402772, 0.0], [66.42264999999753, 27.725740000400776, 0.0], [66.40374000030084, 27.73673999955139, 0.0], [66.40128999973376, 27.773859999939077, 0.0], [66.36497000026537, 27.77779000040823, 0.0], [66.42390000008498, 27.78217000004554, 0.0], [66.40066999992064, 27.802369999875623, 0.0], [66.42195999965429, 27.80899000028836, 0.0], [66.42418000040675, 27.850669999620834, 0.0]]]}}, {"type": "Feature", "properties": {"Name": "Te", "SymbolID": "64"}, "geometry": {"type": "Polygon", "coordinates": [[[66.7655300001095, 27.81771000041624, 0.0], [66.75496999966583, 27.82024999973777, 0.0], [66.75290000043475, 27.83539999961033, 0.0], [66.76651999989815, 27.833290000333307, 0.0], [66.7655300001095, 27.81771000041624, 0.0]]]}}, {"type": "Feature", "properties": {"Name": "Tnh", "SymbolID": "0"}, "geometry": {"type": "Polygon", "coordinates": [[[66.74242000008297, 27.876500000074998, 0.0], [66.76846999989061, 27.844999999850188, 0.0], [66.75459000012847, 27.838550000082478, 0.0], [66.75496999966583, 27.82024999973777, 0.0], [66.793280000072, 27.81769000039327, 0.0], [66.80892999961986, 27.797769999985576, 0.0], [66.78790999974677, 27.797819999593344, 0.0], [66.79831999956838, 27.78124999988762, 0.0], [66.73135000040224, 27.801970000315293, 0.0], [66.71344000005604, 27.82112999984969, 0.0], [66.71075999967428, 27.844059999669298, 0.0], [66.73659999969027, 27.82346000027883, 0.0], [66.71457999956738, 27.87137999958736, 0.0], [66.74242000008297, 27.876500000074998, 0.0]]]}}, {"type": "Feature", "properties": {"Name": "Js", "SymbolID": "55"}, "geometry": {"type": "Polygon", "coordinates": [[[66.53916000033382, 27.930629999774737, 0.0], [66.59080999988163, 27.874329999829683, 0.0], [66.58701999957339, 27.827929999569903, 0.0], [66.56558999967882, 27.80653999972128, 0.0], [66.51158999967879, 27.81375000036229, 0.0], [66.5110499999576, 27.798950000442233, 0.0], [66.49356999965579, 27.797859999639343, 0.0], [66.41546000027887, 27.85472000022787, 0.0], [66.47316000003406, 27.836020000322833, 0.0], [66.52042999994461, 27.836880000411725,ï]½÷fòµë(š+myÓsC“srÂãÒÂ³crãs3Sƒ3c“sRÂ#’ãc#SC3#“C32ÂãÒÂ³crãs“c“““““““cSbÂ#’ãcc#3ƒssrÂãÒÂ³c‚ã###“c3sC‚Â#’ãcSƒs#S“##c“C"ÂãÒÂ³crã““c#3ƒRÂ#’ãC3Sƒ“#3C3bÂãÕÒÂµ³crã““#““““ƒ3"Â#’ãC#ƒSC““““sƒ#srÂãÒÂ³crã“3#“C““““ƒC#cbÂ#’ãCCcS###3bÂãÒÂ³crãƒ“CCcBÂ#’ãC3“3C““““c#ƒ#RÂãÒÂ³crã““#““““ƒ3"Â#’ãC#ƒSC““““sƒ#srÂãÕÕ××ÒÂ²'G—R#¢$fVGW&R"Â'&÷W'F–W2#¢²$æÖR#¢%FR"Â%7–Ö&öÄ”B#¢#cB'ÒÂ&vVöÖWG'’#¢²'G—R#¢%öÇ–vöâ"Â&6ö÷&F–æFW2#¢µµ³crã3““C3#bÂ#’ãCSƒsS3#3rÂãÒÂ³crã#“CcS“sCÂ#’ã3Cƒ3“#“ƒ3ÂãÒÂ³crã#3“ƒ3CbÂ#’ã##3CC“bÂãÒÂ³crãƒ“s“““““SsÂ#‚ã“cc’ÂãÒÂ³crãƒssC“rÂ#‚ãsƒs“#ƒC"ÂãÒÂ³crãSSsc““““sƒSs"Â#‚ãs#C#““““c““sSRÂãÒÂ³crãCƒsC#Sƒ‚Â#‚ãsƒsCƒ““““cc3ƒ"ÂãÒÂ³crã#cƒ#“ƒrÂ#‚ãƒ33#“Cƒ#bÂãÒÂ³crãC3s3c32Â#‚ãƒ#s#sC#3‚ÂãÒÂ³crãCS“3c“CÂ#‚ãƒ“sC““““ƒc#cc‚ÂãÒÂ³crã3s#3cCRÂ#‚ãƒ3“c“bÂãÒÂ³crã##c3“““““3cÂ#‚ãƒ#c#“““““sCSƒRÂãÒÂ³crã#ss“ƒS2Â#‚ãƒƒ#3C““““ƒS#c3bÂãÒÂ³crãCƒƒ““““ss3s"Â#‚ã“##s33ƒ“#cRÂãÒÂ³crã3ƒ“S#C#3RÂ#‚ã“CSSƒ#CBÂãÒÂ³crãS“ƒs““““Sc#BÂ#’ã#3S““““sC#bÂãÒÂ³crãSsC““““Ss#ƒ‚Â#’ã“s3c3ÂãÒÂ³crãCssƒCs"Â#’ãCs3““““sS##2ÂãÒÂ³crãCsCS““““cs“3Â#’ã3“c#3“ƒƒbÂãÒÂ³crãSƒƒƒ#“"Â#’ãC##““““ƒƒCc"ÂãÒÂ³crãss3s““““ƒƒsBÂ#’ãƒscS““““s“#sBÂãÒÂ³crã“S3“3Cƒ3Â#’ã#SS#“““““ƒ“SS‚ÂãÒÂ³crã#ƒ““““““ƒSbÂ#’ã#c##““BÂãÒÂ³crã#SC““““ƒs#crÂ#’ã#SS##C’ÂãÒÂ³crã#3#C“““““3sbÂ#’ã##scssCsRÂãÒÂ³crã#3#c3“ƒsBÂ#’ã#c#3““s#2ÂãÒÂ³crã#SSC““““ss#sRÂ#’ã#“scƒ““““S“3ƒC"ÂãÒÂ³crã333s3#S#’Â#’ãC3“““““cƒ3"ÂãÒÂ³crã#s#ss#3S3rÂ#’ãCCS““““ƒƒC3BÂãÒÂ³crã#“sc#CbÂ#’ãCS3#““““ƒs“cCrÂãÒÂ³crã#3C3“““““sc#2Â#’ãC3C“ƒC#cs"ÂãÒÂ³crã##s“3ƒCsRÂ#’ã3“ƒC“333"ÂãÒÂ³crã#3ƒ“SC#SÂ#’ã3ssƒ#“““““SCbÂãÒÂ³crã###S3S“S"Â#’ã#“sS““““ƒCƒ’ÂãÒÂ³crã“SC“““““33Â#’ã3“s3#““““ƒs“cbÂãÒÂ³crã#sS33S“#bÂ#’ãS3ƒ““““cCƒƒ#rÂãÒÂ³crã#““C““““ƒSsc’Â#’ãS#s“3Sƒ#‚ÂãÒÂ³crã3““C3#bÂ#’ãCSƒsS3#3rÂãÕÕ××ÒÂ²'G—R#¢$fVGW&R"Â'&÷W'F–W2#¢²$æÖR#¢%"Â%7–Ö&öÄ”B#¢#'ÒÂ&vVöÖWG'’#¢²'G—R#¢%öÇ–vöâ"Â&6ö÷&F–æFW2#¢µµ³crã3C“sƒ““““sƒs‚Â#’ã#3#ƒcƒƒ“rÂãÒÂ³crã3s3s“““““ƒs2Â#’ã#3S3““““Ss3“bÂãÒÂ³crã3S#ƒƒ““““cs3s‚Â#’ã“#C3““““cc33bÂãÒÂ³crã33C3S“sbÂ#’ã#S3S““““ƒcCsrÂãÒÂ³crã33Css““““““srÂ#’ãcc“““““3rÂãÒÂ³crã3SSƒ“““““sƒSbÂ#’ãcSƒS#ss3RÂãÒÂ³crã33#cƒ#ƒƒrÂ#’ãs#SƒsC32ÂãÒÂ³crã3ƒ““““““SƒÂ#’ãCs3ƒƒc“3BÂãÒÂ³crã3csSC##BÂ#’ã#ƒCcsSBÂãÒÂ³crã#s3““““ccƒ#’Â#’ãSCS#s3ƒ2ÂãÒÂ³crã3SCs““““c#3rÂ#’ãƒSC““““ƒSsc2ÂãÒÂ³crã3#S3s“““““ƒs’Â#’ã#SƒƒƒCsRÂãÒÂ³crã3c#“ƒ3CrÂ#’ã#cƒSs““““ƒcsC2ÂãÒÂ³crã3C“sƒ““““sƒs‚Â#’ã#3#ƒcƒƒ“rÂãÕÕ××ÒÂ²'G—R#¢$fVGW&R"Â'&÷W'F–W2#¢²$æÖR#¢%"Â%7–Ö&öÄ”B#¢#'ÒÂ&vVöÖWG'’#¢²'G—R#¢%öÇ–vöâ"Â&6ö÷&F–æFW2#¢µµ³crã33#s““““ss#"Â#’ã##ƒ3C3“sCRÂãÒÂ³crã#SCs3““““sS#"Â#’ã#sS“3sƒ#c‚ÂãÒÂ³crã#3ƒ““““““cS32Â#’ã#ƒCc#“C"ÂãÒÂ³crã#ƒcc“C3RÂ#’ã#SC33“C#3rÂãÒÂ³crã#“CS“““““c“‚Â#’ã#CCcsƒ“BÂãÒÂ³crã3S3““““““cBÂ#’ã#sss““““Ssƒ3‚ÂãÒÂ³crã33#s““““ss#"Â#’ã##ƒ3C3“sCRÂãÕÕ××ÒÂ²'G—R#¢$fVGW&R"Â'&÷W'F–W2#¢²$æÖR#¢%FR"Â%7–Ö&öÄ”B#¢#cB'ÒÂ&vVöÖWG'’#¢²'G—R#¢%öÇ–vöâ"Â&6ö÷&F–æFW2#¢µµ³crã33Cƒ“"Â#’ã3“3S##BÂãÒÂ³crã33sc3““““cƒc2Â#’ãc#s3ƒ“Cƒ"ÂãÒÂ³crã3cCsC#Sƒ’Â#’ãƒ“s“““““#sBÂãÒÂ³crã3CcC3“““““c"Â#’ãC“ƒ#ScƒsrÂãÒÂ³crã33Cƒ“"Â#’ã3“3S##BÂãÕÕ××ÒÂ²'G—R#¢$fVGW&R"Â'&÷W'F–W2#¢²$æÖR#¢%"Â%7–Ö&öÄ”B#¢#'ÒÂ&vVöÖWG'’#¢²'G—R#¢%öÇ–vöâ"Â&6ö÷&F–æFW2#¢µµ³crã“sc##3ƒ’Â#’ãS33##“3bÂãÒÂ³crãscS##SRÂ#’ãSssc““““sƒSs#‚ÂãÒÂ³crã#sƒSssRÂ#’ãƒ3S#Cs“RÂãÒÂ³crã“sc##3ƒ’Â#’ãS33##“3bÂãÕÕ××ÒÂ²'G—R#¢$fVGW&R"Â'&÷W'F–W2#¢²$æÖR#¢%Fâ"Â%7–Ö&öÄ”B#¢#'ÒÂ&vVöÖWG'’#¢²'G—R#¢%öÇ–vöâ"Â&6ö÷&F–æFW2#¢µµ³crã33sƒ“C#3#"Â#’ã#ƒ3s#““““s3“sc"ÂãÒÂ³crã3#3“““““s3Â#’ã#S#ƒƒ3“‚ÂãÒÂ³crã3SCs““““c#3rÂ#’ãƒSC““““ƒSsc2ÂãÒÂ³crã#ƒ“33Sc2Â#’ãcSc““““cSƒ3"ÂãÒÂ³crã#sSc“““““SSSBÂ#’ãS“ƒc3ƒ“BÂãÒÂ³crã#“S““““s‚Â#’ãƒ##ƒsƒSBÂãÒÂ³crã33Cc#2Â#’ãc##3“#rÂãÒÂ³crã3SS3s##‚Â#’ã#ƒc““““ƒSc‚ÂãÒÂ³crã3“cs“““““3#’Â#’ã3sc##3“‚ÂãÒÂ³crã3#3ssSSÂ#’ã3#3ƒ““““S“ƒƒbÂãÒÂ³crã3#3c33“RÂ#’ã#ƒ“3“““““3#bÂãÒÂ³crã33sƒ“C#3#"Â#’ã#ƒ3s#““““s3“sc"ÂãÕÕ××ÒÂ²'G—R#¢$fVGW&R"Â'&÷W'F–W2#¢²$æÖR#¢%B"Â%7–Ö&öÄ”B#¢#r'ÒÂ&vVöÖWG'’#¢²'G—R#¢%öÇ–vöâ"Â&6ö÷&F–æFW2#¢µµ³crã3cScƒ““““““3SRÂ#’ã#ƒ“Cs““““c#3RÂãÒÂ³crãCcC3ƒSs‚Â#’ã#S“#s“““““s#‚ÂãÒÂ³crãC“3c““““c#SƒÂ#’ã#S“ƒs#C‚ÂãÒÂ³crãC#““ƒCrÂ#’ã#Cƒ#““““sCsbÂãÒÂ³crãCƒcC““““ƒ“scRÂ#’ã##3SC““““ƒ3#rÂãÒÂ³crã3““ƒƒc“BÂ#’ã““ƒc““““cƒs‚ÂãÒÂ³crãC3##““““scCsRÂ#’ãƒcSƒcsÂãÒÂ³crãC3ƒ3“““““CcÂ#’ãc3cSRÂãÒÂ³crã3“3c““““SsSƒRÂ#’ã#S3C“##2ÂãÒÂ³crã3ƒSS#3#3‚Â#’ã3c#“““““ƒCSCBÂãÒÂ³crã3s#C““““ƒ3scRÂ#’ã3#“““““““cSrÂãÒÂ³crã3sƒcC3bÂ#’ãƒCCC3Sƒ2ÂãÒÂ³crã3c#““““““S2Â#’ãCC“3cƒ#rÂãÒÂ³crã33Sc““““cƒBÂ#’ã##s““““ƒs"ÂãÒÂ³crã33C#““““c““srÂ#’ã3c3S“““““C3BÂãÒÂ³crã3cSƒs““““sc##2Â#’ãscs3““““SS3ƒrÂãÒÂ³crã3SSs3ƒ2Â#’ãƒ3ƒ3c“RÂãÒÂ³crã333#cC’Â#’ãSCCƒS“’ÂãÒÂ³crã33C3S“sbÂ#’ã#S3S““““ƒcCsrÂãÒÂ³crã3S#ƒƒ““““cs3s‚Â#’ã“#C3““““cc33bÂãÒÂ³crã3ƒs“3Cc#rÂ#’ã#C3“C33s‚ÂãÒÂ³crã3s#33C#“#bÂ#’ã#sƒC““““c##ƒ#bÂãÒÂ³crã3CSS““““c“C3Â#’ã#ssSƒ““““ƒsƒcBÂãÒÂ³crã3cScƒ““““““3SRÂ#’ã#ƒ“Cs““““c#3RÂãÕÕ××ÒÂ²'G—R#¢$fVGW&R"Â'&÷W'F–W2#¢²$æÖR#¢%FR"Â%7–Ö&öÄ”B#¢#cB'ÒÂ&vVöÖWG'’#¢²'G—R#¢%öÇ–vöâ"Â&6ö÷&F–æFW2#¢µµ³crã3s3s“““““ƒs2Â#’ã#3S3““““Ss3“bÂãÒÂ³crã3CCƒ33C3BÂ#’ã#3SC“c3S"ÂãÒÂ³crã3c#“ƒ3CrÂ#’ã#cƒSs““““ƒcsC2ÂãÒÂ³crã3#S3s“““““ƒs’Â#’ã#SƒƒƒCsRÂãÒÂ³crã33CS3““““s##BÂ#’ã#s#C3““““ƒc‚ÂãÒÂ³crã3cS#“““““““SRÂ#’ã#ƒƒ“““““c3S3#BÂãÒÂ³crã3sƒƒc““““ƒSc‚Â#’ã#s#Ss“““““cs“2ÂãÒÂ³crã3ƒs“3Cc#rÂ#’ã#C3“C33s‚ÂãÒÂ³crã3s3s“““““ƒs2Â#’ã#3S3““““Ss3“bÂãÕÕ××ÒÂ²'G—R#¢$fVGW&R"Â'&÷W'F–W2#¢²$æÖR#¢%Fâ"Â%7–Ö&öÄ”B#¢#'ÒÂ&vVöÖWG'’#¢²'G—R#¢%öÇ–vöâ"Â&6ö÷&F–æFW2#¢µµ³crã#ƒcc“C3RÂ#’ã#SC33“C#3rÂãÒÂ³crã3#“C““““ƒC#crÂ#’ã#sscƒ““““““3SƒBÂãÒÂ³crã#“CS“““““c“‚Â#’ã#CCcsƒ“BÂãÒÂ³crã#ƒcc“C3RÂ#’ã#SC33“C#3rÂãÕÕ××ÒÂ²'G—R#¢$fVGW&R"Â'&÷W'F–W2#¢²$æÖR#¢%Fâ"Â%7–Ö&öÄ”B#¢#'ÒÂ&vVöÖWG'’#¢²'G—R#¢%öÇ–vöâ"Â&6ö÷&F–æFW2#¢µµ³crã##“333C3"Â#’ã#cC3ƒC3csCRÂãÒÂ³crã#C#sSbÂ#’ã3ƒc““““sssRÂãÒÂ³crã#S“CsCBÂ#’ã3#c3““““ccƒ32ÂãÒÂ³crã#SSC““““ss#sRÂ#’ã#“scƒ““““S“3ƒC"ÂãÒÂ³crã##“333C3"Â#’ã#cC3ƒC3csCRÂãÕÕ××ÒÂ²'G—R#¢$fVGW&R"Â'&÷W'F–W2#¢²$æÖR#¢%"Â%7–Ö&öÄ”B#¢##2'ÒÂ&vVöÖWG'’#¢²'G—R#¢%öÇ–vöâ"Â&6ö÷&F–æFW2#¢µµ³crã#“sc#CbÂ#’ãCS3#““““ƒs“cCrÂãÒÂ³crã#ScC“““““scRÂ#’ã3S“““““#3"ÂãÒÂ³crã#s33“““““C"Â#’ã3SsSsSSC’ÂãÒÂ³crã#cƒ3#““3"Â#’ã33s#“““““C“Sƒ"ÂãÒÂ³crã#C#sSbÂ#’ã3ƒc““““sssRÂãÒÂ³crã#3#C“““““3sbÂ#’ã##scssCsRÂãÒÂ³crã#SC““““ƒs#crÂ#’ã#SS##C’ÂãÒÂ³crã#ƒ““““““ƒSbÂ#’ã#c##““BÂãÒÂ³crã“S3“3Cƒ3Â#’ã#SS#“““““ƒ“SS‚ÂãÒÂ³crãs“####“"Â#’ãC““““c#33C‚ÂãÒÂ³crãc3##C3RÂ#’ãS“#Cc3CbÂãÒÂ³crãs“c“BÂ#’ã#cc#C#s‚ÂãÒÂ³crãƒƒc3ƒ“sbÂ#’ã#CssƒSCcrÂãÒÂ³crãƒ33s““““sƒs#Â#’ã#c#Cc““““S“ƒRÂãÒÂ³crã“s“ƒSbÂ#’ã#ƒs“““““Ss’ÂãÒÂ³crãSC““““s33#bÂ#’ã#C3C“““““ƒ#S’ÂãÒÂ³crãs#““““sS3#Â#’ã#Ccs33ƒ“#srÂãÒÂ³crãcc#3##ƒ"Â#’ã#cC“““““c“csƒ2ÂãÒÂ³crãssC“““““33‚Â#’ã#C“3c““““ƒ#ScbÂãÒÂ³crã#“S3“““““srÂ#’ã#“#c3sCC“bÂãÒÂ³crã#ƒ3““““ccc#’Â#’ã3Ss““““““cSÂãÒÂ³crã###S3S“S"Â#’ã#“sS““““ƒCƒ’ÂãÒÂ³crã#Ss3#C“3’Â#’ãC#S“sCS#C‚ÂãÒÂ³crã#cS#c““““ssrÂ#’ãCC#3S3S##’ÂãÒÂ³crã#“sc#CbÂ#’ãCS3#““““ƒs“cCrÂãÕÕ××ÒÂ²'G—R#¢$fVGW&R"Â'&÷W'F–W2#¢²$æÖR#¢%FR"Â%7–Ö&öÄ”B#¢#cB'ÒÂ&vVöÖWG'’#¢²'G—R#¢%öÇ–vöâ"Â&6ö÷&F–æFW2#¢µµ³crãC3cc““““cSƒÂ#’ã#“#S“#ƒSSBÂãÒÂ³crãC“s#“S3Â#’ã#S““#Cc3RÂãÒÂ³crãC#ƒc“rÂ#’ã#S“CCSS“c"ÂãÒÂ³crãCs3“CƒRÂ#’ã3S3c““““Sc33cBÂãÒÂ³crãCCc3S““““cC3BÂ#’ã3Sƒ#““““ƒ“cC"ÂãÒÂ³crãC3cc““““cSƒÂ#’ã#“#S“#ƒSSBÂãÕÕ××ÒÂ²'G—R#¢$fVGW&R"Â'&÷W'F–W2#¢²$æÖR#¢%GB"Â%7–Ö&öÄ”B#¢#R'ÒÂ&vVöÖWG'’#¢²'G—R#¢%öÇ–vöâ"Â&6ö÷&F–æFW2#¢µµ³crãCC#s““““c##3Â#’ã3scC3“sÂãÒÂ³crã#c“ƒ“““““ƒƒSRÂ#’ã3Ss““““Scs3‚ÂãÒÂ³crã“3#c3Cƒs‚Â#’ã33#S3““““c#3bÂãÒÂ³crã3ccSƒ“Â#’ã3Cƒ#3““““csc3ÂãÒÂ³crãCC#s““““c##3Â#’ã3scC3“sÂãÕÕ××ÒÂ²'G—R#¢$fVGW&R"Â'&÷W'F–W2#¢²$æÖR#¢%Fâ"Â%7–Ö&öÄ”B#¢#'ÒÂ&vVöÖWG'’#¢²'G—R#¢%öÇ–vöâ"Â&6ö÷&F–æFW2#¢µµ³crã#Sc3““““sƒc#"Â#’ã#cCcC#ƒs3bÂãÒÂ³crã3ƒƒ““““ƒC3"Â#’ã3“Sc#““““s#CsCrÂãÒÂ³crã3#SCs"Â#’ãCSS““““““C‚ÂãÒÂ³crã#ƒsC#““““““CSrÂ#’ã3#Sss“““““Csƒ‚ÂãÒÂ³crã3ccc““““c#ƒRÂ#’ã33sSc““““SSS“ÂãÒÂ³crã3Cs3ƒ“C‚Â#’ã3cs3SRÂãÒÂ³crã#ƒcCƒ#SƒbÂ#’ã3#ƒc3ƒƒsS2ÂãÒÂ³crã#ƒc“““““ƒSƒ‚Â#’ã#ƒcC#cƒC2ÂãÒÂ³crã#Sc3““““sƒc#"Â#’ã#cCcC#ƒs3bÂãÕÕ××ÒÂ²'G—R#¢$fVGW&R"Â'&÷W'F–W2#¢²$æÖR#¢%"Â%7–Ö&öÄ”B#¢#'ÒÂ&vVöÖWG'’#¢²'G—R#¢%öÇ–vöâ"Â&6ö÷&F–æFW2#¢µµ³crã3cS“s““““ƒssBÂ#’ãC3CCS“3rÂãÒÂ³crã3C3SC““““s3#srÂ#’ã#“SSc#“3ƒCrÂãÒÂ³crã3#3c33“RÂ#’ã#ƒ“3“““““3#bÂãÒÂ³crã3“c“3“3#2Â#’ã3cc#C#sRÂãÒÂ³crã3cS“s““““ƒssBÂ#’ãC3CCS“3rÂãÕÕ××ÒÂ²'G—R#¢$fVGW&R"Â'&÷W'F–W2#¢²$æÖR#¢%Fâ"Â%7–Ö&öÄ”B#¢#'ÒÂ&vVöÖWG'’#¢²'G—R#¢%öÇ–vöâ"Â&6ö÷&F–æFW2#¢µµ³crã33C““““SS#’Â#’ãC3Cƒ#“ƒcbÂãÒÂ³crã#ScC“““““scRÂ#’ã3S“““““#3"ÂãÒÂ³crã#csSc““““cSSs’Â#’ãCSƒ#“#“3"ÂãÒÂ³crã33C““““SS#’Â#’ãC3Cƒ#“ƒcbÂãÕÕ××ÒÂ²'G—R#¢$fVGW&R"Â'&÷W'F–W2#¢²$æÖR#¢%Fâ"Â%7–Ö&öÄ”B#¢#'ÒÂ&vVöÖWG'’#¢²'G—R#¢%öÇ–vöâ"Â&6ö÷&F–æFW2#¢µµ³crã#cC““““c#33"Â#’ãC3“Sƒ3cƒ#2ÂãÒÂ³crã#Csƒ““““sƒsrÂ#’ã3ƒS“““““ƒƒRÂãÒÂ³crã#3ƒƒc“““““SSrÂ#’ã3ƒ#3#““““s#“s3BÂãÒÂ³crã##s“3ƒCsRÂ#’ã3“ƒC“333"ÂãÒÂ³crã#3C3“““““sc#2Â#’ãC3C“ƒC#cs"ÂãÒÂ³crã#cC““““c#33"Â#’ãC3“Sƒ3cƒ#2ÂãÕÕ××ÒÂ²'G—R#¢$fVGW&R"Â'&÷W'F–W2#¢²$æÖR#¢%GB"Â%7–Ö&öÄ”B#¢#R'ÒÂ&vVöÖWG'’#¢²'G—R#¢%öÇ–vöâ"Â&6ö÷&F–æFW2#¢µµ³crãCCCƒ““““ƒc3c‚Â#’ãSss#““““s3“ss2ÂãÒÂ³crãC3sƒs““““sc##2Â#’ãS“3ƒ#ƒcƒCBÂãÒÂ³crãCCƒCcsbÂ#’ãCƒ3sS#c#3sbÂãÒÂ³crãC#s332Â#’ã3ƒSC#3#“crÂãÒÂ³crã3“ƒƒ#ƒ3BÂ#’ã3cS#ƒ3ss“rÂãÒÂ³crãCs“““““cs#’Â#’ã3CSS#““““s“sSBÂãÒÂ³crãCc““““““SƒÂ#’ã3S#3ƒ3"ÂãÒÂ³crãCcC3ƒSs‚Â#’ã#S“#s“““““s#‚ÂãÒÂ³crã3sc““““ƒƒcbÂ#’ã#ƒ“S3““““cs3"ÂãÒÂ³crã3CSs3C3“#2Â#’ã#ƒƒS#ss3bÂãÒÂ³crã3“CƒS##sBÂ#’ãC“C#“bÂãÒÂ³crãCcCƒS“Â#’ãSS“S“““““SCsrÂãÒÂ³crãCCCƒ““““ƒc3c‚Â#’ãSss#““““s3“ss2ÂãÕÕ××ÒÂ²'G—R#¢$fVGW&R"Â'&÷W'F–W2#¢²$æÖR#¢%FæÒ"Â%7–Ö&öÄ”B#¢#C’'ÒÂ&vVöÖWG'’#¢²'G—R#¢%öÇ–vöâ"Â&6ö÷&F–æFW2#¢µµ³crãC3sc“““““cÂ#’ãSsƒsC““““s#sƒBÂãÒÂ³crã33CS3““““s##BÂ#’ã#s#C3““““ƒc‚ÂãÒÂ³crã3ƒƒ“Cƒ“"Â#’ãCC#3““C“bÂãÒÂ³crã3“SC““““cs#ƒÂ#’ãSs“ƒSbÂãÒÂ³crãC#Cƒ#““““cCƒrÂ#’ãSSS#3CsƒrÂãÒÂ³crãC#sCƒ“““““c3bÂ#’ãSsƒ“C3ƒsƒ2ÂãÒÂ³crãC3sc“““““cÂ#’ãSsƒsC““““s#sƒBÂãÕÕ××ÒÂ²'G—R#¢$fVGW&R"Â'&÷W'F–W2#¢²$æÖR#¢%FV²"Â%7–Ö&öÄ”B#¢#c'ÒÂ&vVöÖWG'’#¢²'G—R#¢%öÇ–vöâ"Â&6ö÷&F–æFW2#¢µµ³crãC3SƒcS"Â#’ãCC#s#3#sƒ#BÂãÒÂ³crãC#c“““““sSƒ#BÂ#’ã3“S3“““““sƒrÂãÒÂ³crãC3ss“““““CsÂ#’ãCsSs3““““c32ÂãÒÂ³crãC3#s“’Â#’ãCc#“ƒ##cƒs‚ÂãÒÂ³crãC#c3““““s3c#BÂ#’ãCC“cc““““sss"ÂãÒÂ³crãC3SƒcS"Â#’ãCC#s#3#sƒ#BÂãÕÕ××ÒÂ²'G—R#¢$fVGW&R"Â'&÷W'F–W2#¢²$æÖR#¢%Fâ"Â%7–Ö&öÄ”B#¢#'ÒÂ&vVöÖWG'’#¢²'G—R#¢$×VÇF•öÇ–vöâ"Â&6ö÷&F–æFW2#¢µµµ³c‚ã###“c3sC‚Â#’ãC#“CS3‚ÂãÒÂ³crã“ccsS#SRÂ#’ãC#C““cCsRÂãÒÂ³crã“Cssƒ““““ƒƒs"Â#’ãC3scS““““““ÂãÒÂ³c‚ã###“c3sC‚Â#’ãC3S“#33ss33#s2ÂãÒÂ³c‚ã###“c3sC‚Â#’ãC#“CS3‚ÂãÕÕÒÂµµ³c‚ã###“c3sC‚Â#’ãcSƒs#S“##c“C"ÂãÒÂ³crãs“c“““““““cSbÂ#’ãcc#3ƒssrÂãÒÂ³crãs3Sƒ3c“sRÂ#’ãc#SC3#“C32ÂãÒÂ³crãs#C“““““csS#’Â#’ãSƒcSsC“srÂãÒÂ³crãcsƒ#““““““CS"Â#’ãScsS““““ƒCƒs2ÂãÒÂ³crãc#3ƒC3S‚Â#’ãS3#“““““s“S#rÂãÒÂ³crãSsSSs““““ss#bÂ#’ãS““##s’ÂãÒÂ³crãSc3c#3c#s’Â#’ãC“sƒCsRÂãÒÂ³crãS3“sS“““““#C"Â#’ãC“33““““c“c#“2ÂãÒÂ³crãccSC3c#"Â#’ãSS“c33“C2ÂãÒÂ³crãS“s“C““““s“#s"Â#’ãS#ƒcƒƒ“rÂãÒÂ³crãc#3#c32Â#’ãS#cScCC3s3rÂãÒÂ³crãcCCC“#3CÂ#’ãScS“““““ƒƒ#bÂãÒÂ³crãc#“ƒ““““““3bÂ#’ãSs#c#“ƒƒCRÂãÒÂ³crãc3Cc““““cSƒBÂ#’ãSƒC“Cƒ“c"ÂãÒÂ³crãcsC#s#c3‚Â#’ãc##s#“RÂãÒÂ³crãcSs3#s“‚Â#’ãcCc#C“““““3sS“RÂãÒÂ³crãcƒC#3CSrÂ#’ãcs“s““““scsRÂãÒÂ³crãss33“C2Â#’ãcsSS““““s“C##bÂãÒÂ³crãs#“c3#CSBÂ#’ãs##3cCbÂãÒÂ³crãc“cC““““c#ƒBÂ#’ãs#“C“““““ƒ#S‚ÂãÒÂ³crãcSsSSCBÂ#’ãsC“““““33‚ÂãÒÂ³crãc3Ccsƒ“’Â#’ãccCSS#ƒ#3bÂãÒÂ³crãSƒC3S“““““CÂ#’ãccSCSCs#S"ÂãÒÂ³crãSƒ“ƒ33SC3Â#’ãc#3S““““ccC3"ÂãÒÂ³crãS#sƒ“##3CÂ#’ãS“3““““sƒ##BÂãÒÂ³crãC“CSC““““cƒ#ƒ"Â#’ãCcCƒ“s33“‚ÂãÒÂ³crãC“s““““Ssƒ3‚Â#’ãCƒcs#33rÂãÒÂ³crãCc“CrÂ#’ãCcc###“crÂãÒÂ³crãC“S#CC"Â#’ãSCCƒ““““ƒ3rÂãÒÂ³crãC““##““““ccC‚Â#’ãScC“““““##bÂãÒÂ³crãS3Cs3““““SS3’Â#’ãcscsC“““““#bÂãÒÂ³crãS#ƒ“““““c3S3RÂ#’ãs3s““““ƒccc32ÂãÒÂ³crãS““““““cƒ3"Â#’ãsƒ#““““ƒƒCc"ÂãÒÂ³crãC““CBÂ#’ãsƒC““ƒƒC2ÂãÒÂ³crãS“S““““s“#‚Â#’ãƒƒƒ““““ƒcƒcbÂãÒÂ³crãCƒ“3s““““Sƒs3bÂ#’ãƒ#3C#“SƒRÂãÒÂ³crãCƒ“ƒC““““css‚Â#’ãƒcCS#s3ƒRÂãÒÂ³crãCƒ3C““““ƒ#s"Â#’ãƒƒ“ƒs#C2ÂãÒÂ³crãCcc#sc32Â#’ãƒ“Sƒ##“#ƒRÂãÒÂ³crãCƒ#S33s3"Â#’ã““s#“““““““SRÂãÒÂ³crãCCSCC“““““sc2Â#’ã“ssSs#SS3SRÂãÒÂ³crãCC“3“““““3Â#’ã“ƒƒsSS2ÂãÒÂ³crãCCCCƒS“BÂ3ã#ssS3c##’ÂãÒÂ³crãCsC“ƒ#c“RÂ3ãƒsCƒ#ƒ‚ÂãÒÂ³crãC3“Cs#C3bÂ3ãƒS3c#c3ƒrÂãÒÂ³crãC#“#Sƒ2Â3ã#3s“ƒCCrÂãÒÂ³crã3““ƒ““““ƒƒrÂ3ã#CcƒS““““ƒƒ“#RÂãÒÂ³crãCSS#C“RÂ3ã#S3“s“““““ssC‚ÂãÒÂ³crãCCc3ƒ3s’Â3ã3c#““““sS3#BÂãÒÂ³crã3““S"Â3ã3“ƒc3ƒ“2ÂãÒÂ³crã3sƒ3SS#CrÂ3ã#C3Ss““““ss#rÂãÒÂ³crãCc3S3Â3ãƒccS“““““S“’ÂãÒÂ³crãC“SSsC2Â3ã#SC3“CBÂãÒÂ³crã3“ss#ƒS3bÂ3ã“S#““““““S“bÂãÒÂ³crã3cs#3sssrÂ3ãscCƒS“CbÂãÒÂ³crã3C3c3“RÂ3ãCƒs3““““SS3crÂãÒÂ³crã##“CC3SS‚Â3ã“sC““““s33#SbÂãÒÂ³crãc3CRÂ3ã3ƒs33#“RÂãÒÂ³crã#ƒ3“““““ccRÂ3ã3sCsƒ#“cƒ#2ÂãÒÂ³crã3S####’Â3ã3ƒƒS“““““““RÂãÒÂ³crãCCS“C3#BÂ3ã33C#C#“sCbÂãÒÂ³crãCss3#““““cs“‚Â3ã3““C““““““#SrÂãÒÂ³crãCc#cc“““““#S’Â3ã#“#s3C‚ÂãÒÂ³crãC#3S““““ƒƒcc"Â3ã#ƒcc““““ƒscCBÂãÒÂ³crãC“SscCRÂ3ã#s““#““““cc“ssRÂãÒÂ³crãS3#3#3cs‚Â3ã#3Csc“““““3Sc#"ÂãÒÂ³crãc#ƒ#ƒ““““Sƒ3ƒBÂ3ã#cƒ3“CBÂãÒÂ³crãcƒC#3““““Ssc3’Â3ã“SS#““““ƒ“s‚ÂãÒÂ³crãccs“““““ccS3Â3ãƒS“#““““Sc“ƒRÂãÒÂ³crãƒ“C“““““ƒ3rÂ3ãƒS3s““““Sƒs3bÂãÒÂ³crã“##33##“CÂ3ãS3C““RÂãÒÂ³crã“s#“““““S“S3RÂ3ã#ƒC“33#“‚ÂãÒÂ³crã“C###S#“2Â3ãSScSCsS3RÂãÒÂ³c‚ã###“c3sC‚Â3ãS3ƒ33SCc“"ÂãÒÂ³c‚ã###“c3sC‚Â#’ã“s“cƒSS“S3s3ƒrÂãÒÂ³crãƒ“ƒsS#CBÂ#’ã““ƒS3S“S2ÂãÒÂ³crãƒS3““““ƒ#Â#’ã““Sƒ#“#“sbÂãÒÂ³crãƒss#SCƒBÂ#’ã“scsccCbÂãÒÂ³crãscc3#3css‚Â#’ã“s“s“ƒC“BÂãÒÂ³crãcƒ#““““s#3#RÂ#’ã“C#c“ÂãÒÂ³crãc#ƒƒ3““““scc#2Â#’ã“C“c““““ScSƒ‚ÂãÒÂ³crãc““c3S3s’Â#’ã“ƒsSS#"ÂãÒÂ³crãS“CS33S“#rÂ#’ã“#ƒCcsbÂãÒÂ³crãc#33C“2Â#’ãƒƒSC““““c3#ƒS2ÂãÒÂ³crãS“cCƒ3Ss’Â#’ãƒCc#3CC#cbÂãÒÂ³crãccc#C#“sBÂ#’ãƒcss““““sSs#BÂãÒÂ³crãsƒs““““““#2Â#’ãƒcC#3CC#BÂãÒÂ³crãs#3SS““““s“C’Â#’ãƒCƒc““““ƒ3crÂãÒÂ³crãsSCc3sƒsbÂ#’ãƒ33C““““cSsƒrÂãÒÂ³crãS“#3#cƒÂ#’ãƒCSsSCBÂãÒÂ³crãS“ƒ“S““““cC3RÂ#’ãss“C““““ss#rÂãÒÂ³crãcƒSCs#rÂ#’ãs“cSC“““““ƒ#SsBÂãÒÂ³crãc33SS#3#3’Â#’ãs“33C3CssrÂãÒÂ³crãc33sC#S#"Â#’ãssƒs““““s##“"ÂãÒÂ³crãcCƒC3Sƒ"Â#’ãsƒc““““cS‚ÂãÒÂ³crãcS#c3cƒ‚Â#’ãs“cƒ“3s3#S2ÂãÒÂ³crãcC#Sc#C3ƒbÂ#’ãƒ#CC##"ÂãÒÂ³crãccsS““““ƒ#C"Â#’ãƒ##33sƒBÂãÒÂ³crãƒsƒS"Â#’ãƒ3SC““““s3#sC2ÂãÒÂ³c‚ã###“c3sC‚Â#’ãsƒ“#CSsCss#"ÂãÒÂ³c‚ã###“c3sC‚Â#’ãcSƒs#S“##c“C"ÂãÕÒÂµ³crã“s“S“““““CRÂ#’ãs33S3ƒc#sRÂãÒÂ³crã“3S“sƒCrÂ#’ãs3S““““cƒC3BÂãÒÂ³crã“3S#““““sCsBÂ#’ãscsCCs#‚ÂãÒÂ³crã“#cS“sSÂ#’ãsS““““cƒƒ#“2ÂãÒÂ³crã“s“S“““““CRÂ#’ãs33S3ƒc#sRÂãÕÒÂµ³crãS3s#ƒ3"Â#’ãƒ#ƒ“s3cS3"ÂãÒÂ³crãC“S“““““ƒcSRÂ#’ãƒ#s“““““cƒ3rÂãÒÂ³crãS#Cƒ““““ƒ3c’Â#’ãƒCs3ƒ“BÂãÒÂ³crãS3ƒSƒ“““““#ƒbÂ#’ãƒcSsC“3RÂãÒÂ³crãS3s#ƒ3"Â#’ãƒ#ƒ“s3cS3"ÂãÕÒÂµ³crãcƒ#cS““““SS“BÂ3ãcƒc“sBÂãÒÂ³crãS“#Cƒ““““ƒ3s"Â3ã“cCScsCÂãÒÂ³crãSsCc3ƒ“sRÂ3ãƒC3““““scsbÂãÒÂ³crãSc3s33“S2Â3ãC#3CCCc“‚ÂãÒÂ³crãSc“#“33CBÂ#’ã““S#C3#Ss“BÂãÒÂ³crãS#CC##ƒ#ƒ"Â#’ã“c#sC#S"ÂãÒÂ³crãSCC#CSƒ‚Â#’ã“#“s33“CC2ÂãÒÂ³crãSsƒ““““ƒ“3BÂ#’ã“#S““33ƒ#ƒ‚ÂãÒÂ³crãSƒ“c““3BÂ#’ã“3sƒSc“SrÂãÒÂ³crãS“ƒc“““““3bÂ#’ã“ScC““““sƒ3#3bÂãÒÂ³crãc33ƒƒc“"Â#’ã“sS333s“#CRÂãÒÂ³crãcc“3““““sƒ#RÂ3ã#C“““’ÂãÒÂ³crãscƒƒ#“"Â3ãS3##ƒsƒ3BÂãÒÂ³crãcƒ#cS““““SS“BÂ3ãcƒc“sBÂãÕÒÂµ³crãS3ƒ3C“Â3ãCSS“sƒC3bÂãÒÂ³crãSSƒS“““““““rÂ3ãcC#cƒCBÂãÒÂ³crãSSƒ3““ƒCÂ3ãsCsS“““““sCRÂãÒÂ³crãS3ƒ3C“Â3ãCSS“sƒC3bÂãÕÕÒÂµµ³crã““ƒƒC“sRÂ3ãsƒƒc““““sSs3bÂãÒÂ³crã“ƒcS‚Â3ã#SC“““““ƒ#SSrÂãÒÂ³crã“ssS““““ƒ3CbÂ3ãSS““#3ƒ3sbÂãÒÂ³c‚ã###“c3sC‚Â3ã3ƒsc“##S3SsBÂãÒÂ³crã““ƒƒC“sRÂ3ãsƒƒc““““sSs3bÂãÕÕÒÂµµ³crã“““Cƒ3ƒBÂ#’ãƒC#““““sCCsrÂãÒÂ³crãƒCc““““ƒScrÂ#’ãƒs3SS33##s2ÂãÒÂ³crãss3cs““““ƒ3#RÂ#’ãƒs3#s““““Ss#3’ÂãÒÂ³crãs3s#““““cC“ƒ"Â#’ãƒSs“333CBÂãÒÂ³crãss33“C2Â#’ãƒscs3“““““SÂãÒÂ³crãs““““ss3#Â#’ã“3#c““““ƒScRÂãÒÂ³crãsSss“ƒS2Â#’ã“#3““ƒ3‚ÂãÒÂ³crãsc“scSS2Â#’ã“SsSc“3ƒ“BÂãÒÂ³crãsƒscS““““s“#bÂ#’ã“3ƒ#3CS#‚ÂãÒÂ³crãs“sS3c#2Â#’ã“SSSS3#CbÂãÒÂ³crãƒssc#3“BÂ#’ã“3sc“rÂãÒÂ³crãƒ##s“SƒC’Â#’ã“S“ƒc3ƒ“sBÂãÒÂ³crãƒ#s“C““““c“#‚Â#’ã“C#c##“‚ÂãÒÂ³crãƒCsSc“3“BÂ#’ã“3CCScsC2ÂãÒÂ³c‚ã###“c3sC‚Â#’ã“SC3c3##ƒ3C"ÂãÒÂ³crã“““Cƒ3ƒBÂ#’ãƒC#““““sCCsrÂãÕÕÕ××ÒÂ²'G—R#¢$fVGW&R"Â'&÷W'F–W2#¢²$æÖR#¢%"Â%7–Ö&öÄ”B#¢##2'ÒÂ&vVöÖWG'’#¢²'G—R#¢%öÇ–vöâ"Â&6ö÷&F–æFW2#¢µµ³crã“3S“sƒCrÂ#’ãs3S““““cƒC3BÂãÒÂ³crã“s“S“““““CRÂ#’ãs33S3ƒc#sRÂãÒÂ³crã“#cS“sSÂ#’ãsS““““cƒƒ#“2ÂãÒÂ³crã“3S#““““sCsBÂ#’ãscsCCs#‚ÂãÒÂ³crã“3S“sƒCrÂ#’ãs3S““““cƒC3BÂãÕÕ××ÒÂ²'G—R#¢$fVGW&R"Â'&÷W'F–W2#¢²$æÖR#¢%Fâ"Â%7–Ö&öÄ”B#¢#'ÒÂ&vVöÖWG'’#¢²'G—R#¢%öÇ–vöâ"Â&6ö÷&F–æFW2#¢µµ³crã“3Cc“““““Cc"Â#’ãC#“SC#CsS2ÂãÒÂ³crãƒ“CCcBÂ#’ãC3“3C““““c#ƒ#RÂãÒÂ³crãƒ“#““““Scƒ‚Â#’ãCCSƒ““““ƒ3c‚ÂãÒÂ³crã“3#“C““““ƒC#cbÂ#’ãCCcS###3bÂãÒÂ³crã“3Cc“““““Cc"Â#’ãC#“SC#CsS2ÂãÕÕ××ÒÂ²'G—R#¢$fVGW&R"Â'&÷W'F–W2#¢²$æÖR#¢$§B"Â%7–Ö&öÄ”B#¢#R'ÒÂ&vVöÖWG'’#¢²'G—R#¢%öÇ–vöâ"Â&6ö÷&F–æFW2#¢µµ³crãCc#ƒ3#‚Â#’ãS3Cs“““““#ƒƒbÂãÒÂ³crãCCƒSC““““ƒƒ#c2Â#’ãC#c“““““3cBÂãÒÂ³crãC3C#c“ƒ“bÂ#’ãC3ƒs#C2ÂãÒÂ³crãC3SƒcS"Â#’ãCC#s#3#sƒ#BÂãÒÂ³crãC#c3““““s3c#BÂ#’ãCC“cc““““sss"ÂãÒÂ³crãC3#s“’Â#’ãCc#“ƒ##cƒs‚ÂãÒÂ³crãCCƒCcsbÂ#’ãCƒ3sS#c#3sbÂãÒÂ³crãC3sƒs““““sc##2Â#’ãS“3ƒ#ƒcƒCBÂãÒÂ³crãCC““ƒ““““s3ƒsbÂ#’ãSs#ss3SS"ÂãÒÂ³crãCc#ƒ3#‚Â#’ãS3Cs“““““#ƒƒbÂãÕÕ××ÒÂ²'G—R#¢$fVGW&R"Â'&÷W'F–W2#¢²$æÖR#¢%F2"Â%7–Ö&öÄ”B#¢#'ÒÂ&vVöÖWG'’#¢²'G—R#¢%öÇ–vöâ"Â&6ö÷&F–æFW2#¢µµ³crãcƒ“3SÂ#’ãcc3ƒSs#RÂãÒÂ³crãcƒC““““c##ƒbÂ#’ãc3c““““sƒrÂãÒÂ³crãSs“ƒCS“RÂ#’ãSSSCc3sƒsƒrÂãÒÂ³crãccSC3c#"Â#’ãSS“c33“C2ÂãÒÂ³crãSC3cƒ“BÂ#’ãS3“S““““cSC#ƒRÂãÒÂ³crãS3“sS“““““#C"Â#’ãC“33““““c“c#“2ÂãÒÂ³crãSc3cC3ƒSsbÂ#’ãC“c3““““c3c2ÂãÒÂ³crãCƒƒ“cCbÂ#’ãC##C“3Sc‚ÂãÒÂ³crãCccS##“s‚Â#’ã3s##C#sSƒ3‚ÂãÒÂ³crãCc#““““SƒCƒ’Â#’ãC““CC3sÂãÒÂ³crãS#sƒ“##3CÂ#’ãS“3““““sƒ##BÂãÒÂ³crãScƒCCcBÂ#’ãS“Ss333“2ÂãÒÂ³crãSƒsC“““““s#SRÂ#’ãcCc““““ƒ3c’ÂãÒÂ³crãSƒC3S“““““CÂ#’ãccSCSCs#S"ÂãÒÂ³crãcƒ“3SÂ#’ãcc3ƒSs#RÂãÕÕ××ÒÂ²'G—R#¢$fVGW&R"Â'&÷W'F–W2#¢²$æÖR#¢%FR"Â%7–Ö&öÄ”B#¢#cB'ÒÂ&vVöÖWG'’#¢²'G—R#¢%öÇ–vöâ"Â&6ö÷&F–æFW2#¢µµ³crãC“#““‚Â#’ãCSc3S““““ƒC“rÂãÒÂ³crãCSSss““““cCs3RÂ#’ãCCS“““““c“#sbÂãÒÂ³crãC33Sƒ#cƒbÂ#’ã3“ƒ#““““““S3bÂãÒÂ³crãCCƒSC““““ƒƒ#c2Â#’ãC#c“““““3cBÂãÒÂ³crãCsss““““s“s#2Â#’ãSƒƒ3c“““““sSSSRÂãÒÂ³crãCƒC““““s#3#rÂ#’ãcCScC3“"ÂãÒÂ³crãCƒƒ“SCC##2Â#’ãSc3c33ÂãÒÂ³crãS#s““““S“#3BÂ#’ãc3“#““““ƒc“cRÂãÒÂ³crãC“3cc“rÂ#’ãcƒƒ“““““s3S#2ÂãÒÂ³crãS##s#c3BÂ#’ãccC#c3“ƒsrÂãÒÂ³crãCƒc33““““c“#rÂ#’ãs3s“S“#C“bÂãÒÂ³crãS#“““““cS3rÂ#’ãsCƒc““““sSsRÂãÒÂ³crãS3CCc““““c“srÂ#’ãcSƒScC3“RÂãÒÂ³crãC““##““““ccC‚Â#’ãScC“““““##bÂãÒÂ³crãC“S#CC"Â#’ãSCCƒ““““ƒ3rÂãÒÂ³crãCcƒ#S3sS2Â#’ãCss##s“ƒ2ÂãÒÂ³crãC“s““““Ssƒ3‚Â#’ãCƒcs#33rÂãÒÂ³crãC“#““‚Â#’ãCSc3S““““ƒC“rÂãÕÕ××ÒÂ²'G—R#¢$fVGW&R"Â'&÷W'F–W2#¢²$æÖR#¢%"Â%7–Ö&öÄ”B#¢##2'ÒÂ&vVöÖWG'’#¢²'G—R#¢%öÇ–vöâ"Â&6ö÷&F–æFW2#¢µµ³crãc#cs#““““Sƒ“ƒ‚Â#’ãcS3c““““cƒs‚ÂãÒÂ³crãcSS33s“S"Â#’ãc#3##csƒBÂãÒÂ³crãc#3cƒ3“rÂ#’ãS“33S3#33rÂãÒÂ³crãc##3“““““ScBÂ#’ãSs3ss““““ƒCsCrÂãÒÂ³crãcCCC“#3CÂ#’ãScS“““““ƒƒ#bÂãÒÂ³crãcS3“RÂ#’ãS##sS#CcrÂãÒÂ³crãS“ƒ#“““““sCS#"Â#’ãS33s““““cƒs#bÂãÒÂ³crãcƒsS3#32Â#’ãSSƒSc“““““ScRÂãÒÂ³crãSƒ#ƒc“rÂ#’ãSS3ƒ#c“ƒbÂãÒÂ³crãSƒƒc“““““ScÂ#’ãScC“““““SSƒ3SbÂãÒÂ³crãcƒC““““c##ƒbÂ#’ãc3c““““sƒrÂãÒÂ³crãcc33““““s“"Â#’ãcS#S““““S““3rÂãÒÂ³crãc#cs#““““Sƒ“ƒ‚Â#’ãcS3c““““cƒs‚ÂãÕÕ××ÒÂ²'G—R#¢$fVGW&R"Â'&÷W'F–W2#¢²$æÖR#¢%F2"Â%7–Ö&öÄ”B#¢#'ÒÂ&vVöÖWG'’#¢²'G—R#¢%öÇ–vöâ"Â&6ö÷&F–æFW2#¢µµ³crãcSs“332Â#’ãcsc““““ƒƒScÂãÒÂ³crãc#“ƒ““““““3bÂ#’ãSs#c#“ƒƒCRÂãÒÂ³crãc#S“#““““Sc“’Â#’ãSsCScsS#BÂãÒÂ³crãc33C““““ss#sBÂ#’ãcc#c#“ƒƒCbÂãÒÂ³crãcSs“332Â#’ãcsc““““ƒƒScÂãÕÕ××ÒÂ²'G—R#¢$fVGW&R"Â'&÷W'F–W2#¢²$æÖR#¢%F2"Â%7–Ö&öÄ”B#¢#'ÒÂ&vVöÖWG'’#¢²'G—R#¢%öÇ–vöâ"Â&6ö÷&F–æFW2#¢µµ³crãc33S“““““ƒCbÂ#’ãcC#CS““““c#“3S"ÂãÒÂ³crãcsC#s#c3‚Â#’ãc##s#“RÂãÒÂ³crãcC3SC#CsRÂ#’ãcCS“C#ƒ##2ÂãÒÂ³crãcSScc““““Ssƒ‚Â#’ãc#Cc““““““SCrÂãÒÂ³crãc33S“““““ƒCbÂ#’ãcC#CS““““c#“3S"ÂãÕÕ××ÒÂ²'G—R#¢$fVGW&R"Â'&÷W'F–W2#¢²$æÖR#¢%"Â%7–Ö&öÄ”B#¢##2'ÒÂ&vVöÖWG'’#¢²'G—R#¢%öÇ–vöâ"Â&6ö÷&F–æFW2#¢µµ³crãc#ƒs3CS#‚Â#’ãcc33CCƒ"ÂãÒÂ³crãccCS3cs#RÂ#’ãcs#ƒ““““cƒ3ƒ2ÂãÒÂ³crãc33S3#“C"Â#’ãccCccƒ“CRÂãÒÂ³crãc#ƒs3CS#‚Â#’ãcc33CCƒ"ÂãÕÕ××ÒÂ²'G—R#¢$fVGW&R"Â'&÷W'F–W2#¢²$æÖR#¢%F2"Â%7–Ö&öÄ”B#¢#'ÒÂ&vVöÖWG'’#¢²'G—R#¢%öÇ–vöâ"Â&6ö÷&F–æFW2#¢µµ³crãs##ƒ““““ScƒƒRÂ#’ãs#“cSCCs#3bÂãÒÂ³crãsSc““““s“SsÂ#’ãsS#S"ÂãÒÂ³crãsssS““““c#C32Â#’ãcƒ“S““““ƒC"ÂãÒÂ³crãcsƒ““cC"Â#’ãs“““““s“cc“2ÂãÒÂ³crãcƒC#3CSrÂ#’ãcs“s““““scsRÂãÒÂ³crãcSS“C““““ƒ“#cBÂ#’ãcC#“““““ƒCSƒ2ÂãÒÂ³crãc33S“““““ƒCbÂ#’ãcC#CS““““c#“3S"ÂãÒÂ³crãc#S#““““““c2Â#’ãccS3“““““srÂãÒÂ³crãc33ssSCRÂ#’ãcc“C#““““S“CƒSBÂãÒÂ³crãc3Ccsƒ“’Â#’ãccCSS#ƒ#3bÂãÒÂ³crãcSsSSCBÂ#’ãsC“““““33‚ÂãÒÂ³crãs##ƒ““““ScƒƒRÂ#’ãs#“cSCCs#3bÂãÕÕ××ÒÂ²'G—R#¢$fVGW&R"Â'&÷W'F–W2#¢²$æÖR#¢%"Â%7–Ö&öÄ”B#¢##2'ÒÂ&vVöÖWG'’#¢²'G—R#¢%öÇ–vöâ"Â&6ö÷&F–æFW2#¢µµ³crãcs““CCc#2Â#’ãcƒ33s““““ƒƒsÂãÒÂ³crãcƒ#3ƒ3c“bÂ#’ãs#s““““ss###RÂãÒÂ³crãsssS““““c#C32Â#’ãcƒ“S““““ƒC"ÂãÒÂ³crãsSc““““s“SsÂ#’ãsS#S"ÂãÒÂ³crãs#s#“““““CS‚Â#’ãs#“sSSBÂãÒÂ³crãss33“C2Â#’ãcsSS““““s“C##bÂãÒÂ³crãcs““CCc#2Â#’ãcƒ33s““““ƒƒsÂãÕÕ××ÒÂ²'G—R#¢$fVGW&R"Â'&÷W'F–W2#¢²$æÖR#¢%B"Â%7–Ö&öÄ”B#¢#r'ÒÂ&vVöÖWG'’#¢²'G—R#¢%öÇ–vöâ"Â&6ö÷&F–æFW2#¢µµ³crã#ccscs3“’Â#’ãc#cS#“s’ÂãÒÂ³crã#csƒs““““Sc#CÂ#’ãcCs3“3Cƒ3ÂãÒÂ³crã#sc3#““““ƒ#“crÂ#’ãcCSƒ3“““““c"ÂãÒÂ³crã#scS“““““c“Â#’ãc#sC#c##‚ÂãÒÂ³crã#ccscs3“’Â#’ãc#cS#“s’ÂãÕÕ××ÒÂ²'G—R#¢$fVGW&R"Â'&÷W'F–W2#¢²$æÖR#¢%"Â%7–Ö&öÄ”B#¢#'ÒÂ&vVöÖWG'’#¢²'G—R#¢%öÇ–vöâ"Â&6ö÷&F–æFW2#¢µµ³crã3“Ss““““cs3bÂ#’ãƒ3sSs3SS2ÂãÒÂ³crã33C“““““ƒ#S‚Â#’ãss3#““““s3#S‚ÂãÒÂ³crã3#“Cƒ#’Â#’ãsCC#“ƒ3C"ÂãÒÂ³crã3S“C“c3C’Â#’ãs3S3s##‚ÂãÒÂ³crã3#c#ƒ““““cƒ3ƒÂ#’ãsƒƒ“““““S3SƒbÂãÒÂ³crã3cƒ#“C2Â#’ãss#s#“ƒrÂãÒÂ³crã3ƒ##s“ƒ"Â#’ãcS“Cc#sƒƒBÂãÒÂ³crã3cCc““““cS‚Â#’ãcC#S2ÂãÒÂ³crã3C3ƒSssSÂ#’ãcCS#s““crÂãÒÂ³crã3ccs“3Sƒ#bÂ#’ãcssƒ3““““ƒcrÂãÒÂ³crã33cs““““ƒs"Â#’ãcc#s““““cs##sBÂãÒÂ³crã33S“ƒSBÂ#’ãcƒ3“3c“C“RÂãÒÂ³crã3#C““““cƒ3#‚Â#’ãcs““S““““SSCBÂãÒÂ³crã3c#ƒ“ƒ"Â#’ãc#Sƒc“““““bÂãÒÂ³crã3cc3Sƒs’Â#’ãSSS3#Cs‚ÂãÒÂ³crã#c“SsSSCRÂ#’ãScCs#“3ÂãÒÂ³crã#SsSƒ““““ƒsƒc2Â#’ãS3cS““““sS“##2ÂãÒÂ³crã#C3#““““c#“ƒRÂ#’ãCƒ“C#““““S“CƒCrÂãÒÂ³crã#“CCsBÂ#’ãS“c““““cƒssbÂãÒÂ³crã#3SSc“3“Â#’ãSS“s““““s#s#CrÂãÒÂ³crã#ƒc3sCC‚Â#’ãSsSsc““““ƒƒSccRÂãÒÂ³crã#3Cƒ#“ƒ‚Â#’ãS“C#“““““S3ÂãÒÂ³crã##ccƒ3“BÂ#’ãccSsSS3‚ÂãÒÂ³crã#C33cc3“2Â#’ãccC““““csƒRÂãÒÂ³crã#S“Cs#C3bÂ#’ãccsC““““SSsƒ’ÂãÒÂ³crã#Cc#““““ƒS3rÂ#’ãc3ScS““““““3rÂãÒÂ³crã#CcS““““sƒC"Â#’ãSSC#S““““ƒ““"ÂãÒÂ³crã#csC33“C#bÂ#’ãSƒCcs##BÂãÒÂ³crã#SCƒs“““““#2Â#’ãc#cSC"ÂãÒÂ³crã#scS“““““c“Â#’ãc#sC#c##‚ÂãÒÂ³crã#s“3cc3“2Â#’ãcC##C#sSƒ"ÂãÒÂ³crã#cssƒ“““““ƒcBÂ#’ãcS““““cƒƒ#c"ÂãÒÂ³crã#“3sSc#S"Â#’ãccSƒs““““Sc#3s‚ÂãÒÂ³crã3sC#SƒbÂ#’ãc“S3C““““s#sƒRÂãÒÂ³crã3“S““““ƒC"Â#’ãƒCcs#CƒbÂãÒÂ³crã3sSc““““sSSsBÂ#’ãƒ3“Cc#sƒƒC‚ÂãÒÂ³crã3“Ss““““cs3bÂ#’ãƒ3sSs3SS2ÂãÕÕ××ÒÂ²'G—R#¢$fVGW&R"Â'&÷W'F–W2#¢²$æÖR#¢$·"Â%7–Ö&öÄ”B#¢#CR'ÒÂ&vVöÖWG'’#¢²'G—R#¢%öÇ–vöâ"Â&6ö÷&F–æFW2#¢µµ³crã“SC“““““33Â#’ãƒsSC““““Sƒ#ƒc2ÂãÒÂ³crã3CƒS#sSRÂ#’ãƒSSsc#3“RÂãÒÂ³crã#SsS““““s“#rÂ#’ãƒ##3C“““““S#ScBÂãÒÂ³crã#ƒCcS3“s#‚Â#’ãƒ33SS#CcBÂãÒÂ³crã#ƒ“C““““Ssƒ’Â#’ãc“#ƒc““““SS“‚ÂãÒÂ³crã#cSs“““““C#’Â#’ãccs#ƒƒRÂãÒÂ³crã#CƒS“3#ƒ2Â#’ãcccCƒ#SƒS"ÂãÒÂ³crã#3cƒ#3’Â#’ãc3C3#ƒC3#bÂãÒÂ³crã##ccƒ3“BÂ#’ãccSsSS3‚ÂãÒÂ³crã#3cc3sCSÂ#’ãc““““cs3#rÂãÒÂ³crã#ƒc“““““sS#‚Â#’ãSs“S““““SSC3“BÂãÒÂ³crã#3SSc“3“Â#’ãSS“s““““s#s#CrÂãÒÂ³crã#“CCsBÂ#’ãS“c““““cƒssbÂãÒÂ³crã#ƒ33““#BÂ#’ãSC“#cCCƒs#bÂãÒÂ³crã#3#S3ƒs#BÂ#’ãScƒS““““Sc“3SrÂãÒÂ³crã##S3“““““Â#’ãS“#ƒ““““sS3sBÂãÒÂ³crã#c#“““““cCS3BÂ#’ãc#SCs3C#s"ÂãÒÂ³crã#3CCs#“3BÂ#’ãccƒsƒ““““sSƒsS‚ÂãÒÂ³crã#ƒ##““““ƒCsÂ#’ãcƒ“sC““““Sc#ƒs‚ÂãÒÂ³crã#ƒ3“ƒ““““c3ƒƒ2Â#’ãsSC#C3sSss2ÂãÒÂ³crã#cS“C3BÂ#’ãs3cƒ““““ƒC3cc"ÂãÒÂ³crã#ƒCs““““cS#2Â#’ãsc“ƒ#s"ÂãÒÂ³crã#cc###’Â#’ãsSs3#““““ƒs“c2ÂãÒÂ³crã#33CS““““Ss“BÂ#’ãs#c3#cCÂãÒÂ³crã#3C#S3sSRÂ#’ãs“3ccCÂãÒÂ³crã““SC““““s3#srÂ#’ãc“CSsScBÂãÒÂ³crãscC#CRÂ#’ãcSsƒ#“#ƒƒRÂãÒÂ³crã“C#““““s““sÂ#’ãc“ƒ3C““““SS#ƒsRÂãÒÂ³crãƒ#sccC"Â#’ãs#““““““3ƒrÂãÒÂ³crã“ƒ““““scƒs2Â#’ãs#3#3sƒ2ÂãÒÂ³crã##sc#s3ƒ2Â#’ãsCsC““"ÂãÒÂ³crã#Sƒc#3ƒƒ’Â#’ãsCƒ““““ƒS3c3rÂãÒÂ³crã#CC3C“““““S#S’Â#’ãsS“ƒSBÂãÒÂ³crã#S3SSsRÂ#’ãsƒC3CSscBÂãÒÂ³crã#3scS““““““Â#’ãss3“““““cƒ3#BÂãÒÂ³crã#3CC3cƒÂ#’ãƒƒ“#““““ƒ“cc‚ÂãÒÂ³crã#C““““ss#s"Â#’ãsƒs““““cs3SbÂãÒÂ³crã#c3““““ƒƒcBÂ#’ãs“SS2ÂãÒÂ³crã#3S#S#ƒs3RÂ#’ãƒ#s“S““““cSC#“rÂãÒÂ³crã#33“#““““cc“s‚Â#’ãƒCƒ#3CSS2ÂãÒÂ³crã““33Sc#bÂ#’ãƒCSCƒ““““Sc3ƒ‚ÂãÒÂ³crã“SC“““““33Â#’ãƒsSC““““Sƒ#ƒc2ÂãÕÕ××ÒÂ²'G—R#¢$fVGW&R"Â'&÷W'F–W2#¢²$æÖR#¢%FR"Â%7–Ö&öÄ”B#¢#cB'ÒÂ&vVöÖWG'’#¢²'G—R#¢%öÇ–vöâ"Â&6ö÷&F–æFW2#¢µµ³crã3ƒcsC“““““#cBÂ#’ãc“cS3S“CBÂãÒÂ³crãCsSS““““““C‚Â#’ãS“s3ƒ#ƒBÂãÒÂ³crã3“C3c3“‚Â#’ãSc“#CC#rÂãÒÂ³crã3“3s“SRÂ#’ãcS#““““SS33rÂãÒÂ³crã3Scsƒ““““cSƒƒ"Â#’ãs3#3“““““Sc3SrÂãÒÂ³crã3cscc““““SsƒbÂ#’ãs3ss##ssƒ‚ÂãÒÂ³crã3csc“““““ƒSSBÂ#’ãs“Sƒ“““““cƒS#sRÂãÒÂ³crã3s““““““sƒ#RÂ#’ãƒ3Cƒ““““cc3ƒ2ÂãÒÂ³crã3“S“#““““cc“ƒ"Â#’ãsS#S"ÂãÒÂ³crã3ƒcsC“““““#cBÂ#’ãc“cS3S“CBÂãÕÕ××ÒÂ²'G—R#¢$fVGW&R"Â'&÷W'F–W2#¢²$æÖR#¢%FÒ"Â%7–Ö&öÄ”B#¢#sB'ÒÂ&vVöÖWG'’#¢²'G—R#¢%öÇ–vöâ"Â&6ö÷&F–æFW2#¢µµ³crã#s#“3332Â#’ãcCCƒƒCc2ÂãÒÂ³crã#c“ss“““““CsÂ#’ãc###““SRÂãÒÂ³crã#SCƒs“““““#2Â#’ãc#cSC"ÂãÒÂ³crã#csC33“C#bÂ#’ãSƒCcs##BÂãÒÂ³crã#CcS““““sƒC"Â#’ãSSC#S““““ƒ““"ÂãÒÂ³crã#Cc#““““ƒS3rÂ#’ãc3ScS““““““3rÂãÒÂ³crã#S“Cs#C3bÂ#’ãccsC““““SSsƒ’ÂãÒÂ³crã#ƒ“C““““Ssƒ’Â#’ãc“#ƒc““““SS“‚ÂãÒÂ³crã#ƒCcS3“s#‚Â#’ãƒ33SS#CcBÂãÒÂ³crã3“#ƒ3ssbÂ#’ãƒ3“ss““““sCs#3bÂãÒÂ³crã3#3““““ƒscrÂ#’ãs““3ƒ““““cCƒƒ3‚ÂãÒÂ³crã3sC#SƒbÂ#’ãc“S3C““““s#sƒRÂãÒÂ³crã#s#“3332Â#’ãcCCƒƒCc2ÂãÕÕ××ÒÂ²'G—R#¢$fVGW&R"Â'&÷W'F–W2#¢²$æÖR#¢%B"Â%7–Ö&öÄ”B#¢#r'ÒÂ&vVöÖWG'’#¢²'G—R#¢%öÇ–vöâ"Â&6ö÷&F–æFW2#¢µµ³crãS“#3sƒ"Â#’ãs3C#““““““CS‚ÂãÒÂ³crã#3C3s#‚Â#’ãs#“33“3#rÂãÒÂ³crã33c““““ƒ#SrÂ#’ãccƒS““““ƒ“ƒ3rÂãÒÂ³crã“sC“““““c#S’Â#’ãsƒƒc““““sSs#2ÂãÒÂ³crãS“#3sƒ"Â#’ãs3C#““““““CS‚ÂãÕÕ××ÒÂ²'G—R#¢$fVGW&R"Â'&÷W'F–W2#¢²$æÖR#¢%Fâ"Â%7–Ö&öÄ”B#¢#'ÒÂ&vVöÖWG'’#¢²'G—R#¢%öÇ–vöâ"Â&6ö÷&F–æFW2#¢µµ³crã3s3333C3"Â#’ãs“#ƒCƒSrÂãÒÂ³crã33Cc““““sCSsrÂ#’ãsƒs““““cs3S2ÂãÒÂ³crã3#c#ƒ““““cƒ3ƒÂ#’ãsƒƒ“““““S3SƒbÂãÒÂ³crã3SƒcCÂ#’ãs333c3BÂãÒÂ³crã3s3333C3"Â#’ãs“#ƒCƒSrÂãÕÕ××ÒÂ²'G—R#¢$fVGW&R"Â'&÷W'F–W2#¢²$æÖR#¢$§B"Â%7–Ö&öÄ”B#¢#R'ÒÂ&vVöÖWG'’#¢²'G—R#¢%öÇ–vöâ"Â&6ö÷&F–æFW2#¢µµ³crã#ƒ““““““ƒSbÂ3ãƒ#ƒ#“ƒ’ÂãÒÂ³crã“3“#ƒbÂ3ãC3“““““cƒ3c2ÂãÒÂ³crã#33C“ƒÂ3ã#ƒs#““““cƒ“‚ÂãÒÂ³crã#c#“ƒ##cƒ’Â#’ã“sSS3rÂãÒÂ³crã#ƒcss““““c“s#rÂ#’ã“sS3“““““ƒÂãÒÂ³crã33sS3#3"Â#’ã“3CC““““cƒ33BÂãÒÂ³crã3Sƒ“#“c2Â#’ã“33#““““cCƒBÂãÒÂ³crã3scc“2Â#’ã“““C3ƒ#ÂãÒÂ³crã3ƒccC#3S’Â#’ã“#ƒ#C3BÂãÒÂ³crã3““sCc#2Â#’ã“#“c““““Sc33ƒbÂãÒÂ³crã3“3sC3ƒRÂ#’ã“C#C33CC3"ÂãÒÂ³crã#s3ƒ#“2Â3ã#C““““sscs#bÂãÒÂ³crã#“ƒCs““““cS#32Â3ãSS““““ƒ3CrÂãÒÂ³crã33#“33RÂ3ãS3sƒCc“S‚ÂãÒÂ³crã3S“cS#Cs3rÂ#’ã““s“#Cc3RÂãÒÂ³crãC#SSƒ#CrÂ#’ã“3C#c“““““cSsrÂãÒÂ³crãC#“3S““““ƒcC‚Â#’ã“s3c3BÂãÒÂ³crãCsƒ““““c3ƒbÂ#’ãƒs“Ss““““cs3c2ÂãÒÂ³crã3sSSƒc“BÂ#’ãƒƒ3c33“SRÂãÒÂ³crã3“S““““cc“#’Â#’ã“#ƒCcsbÂãÒÂ³crã3csƒƒ““““ƒ#3cbÂ#’ãƒ“S“““““c“#cbÂãÒÂ³crã3Cc“rÂ#’ã“cCCBÂãÒÂ³crã#3cƒs3S#‚Â#’ã“ƒ#ƒ#CC#rÂãÒÂ³crã#cs““““cƒ##‚Â#’ã“ƒƒ“#““““ƒ“csRÂãÒÂ³crãc3S““““cƒcsrÂ#’ã“c“ƒ“C#3#"ÂãÒÂ³crãS#S#““““cS“‚Â#’ã““scƒC3s2ÂãÒÂ³crãC3#ƒ#sƒ2Â#’ã““cCC3SsCrÂãÒÂ³crã“#ƒ“““““s3S#2Â#’ãƒƒCS““““s#“#ƒ2ÂãÒÂ³crã“#sS#SRÂ#’ãƒc“c#33ƒsbÂãÒÂ³crãƒ3CƒBÂ#’ãƒsƒc3ƒƒsCRÂãÒÂ³crãssSs#S"Â#’ãƒ3Cs““““sccsCBÂãÒÂ³crã““33Sc#bÂ#’ãƒCSCƒ““““Sc3ƒ‚ÂãÒÂ³crã#Ss#SS3BÂ#’ãsSƒC##3sRÂãÒÂ³crãcs#3C2Â#’ãs#ƒSCrÂãÒÂ³crã“33s“CRÂ#’ãs#sƒ3CSbÂãÒÂ³crãƒ#sccC"Â#’ãs#““““““3ƒrÂãÒÂ³crã“C#““““s““sÂ#’ãc“ƒ3C““““SS#ƒsRÂãÒÂ³crãscC#CRÂ#’ãcSsƒ#“#ƒƒRÂãÒÂ³crã“S3s““““ƒƒsrÂ#’ãcƒ3“““““ScSBÂãÒÂ³crã#C3#CCƒrÂ#’ãc“cC““““Sƒ33ƒBÂãÒÂ³crã#3s#ƒ3ssRÂ#’ãs3#“““““ƒCSbÂãÒÂ³crã#sCƒ“““““S3c"Â#’ãscS#““““ƒC“cRÂãÒÂ³crã#ƒS““““c“ƒ2Â#’ãsSƒC3#CC3CbÂãÒÂ³crã#c3“s““““Sss3rÂ#’ãs3“33c“#’ÂãÒÂ³crã#ƒ3“ƒ““““c3ƒƒ2Â#’ãsSC#C3sSss2ÂãÒÂ³crã#ƒC3CCCs"Â#’ãssS“““““ƒCrÂãÒÂ³crã#s#S“#ƒS"Â#’ãcƒ#C3CCCRÂãÒÂ³crã#3CCs#“3BÂ#’ãccƒsƒ““““sSƒsS‚ÂãÒÂ³crã#c#“““““cCS3BÂ#’ãc#SCs3C#s"ÂãÒÂ³crã##S3“““““Â#’ãS“#ƒ““““sS3sBÂãÒÂ³crã#3#S3ƒs#BÂ#’ãScƒS““““Sc“3SrÂãÒÂ³crã#ƒ33““#BÂ#’ãSC“#cCCƒs#bÂãÒÂ³crã#Cc"Â#’ãC“#sc““““ƒ3Scs2ÂãÒÂ³crã#3C“ƒ“““““ƒƒSbÂ#’ãC““ƒƒ3csrÂãÒÂ³crã#C33““““s“c#"Â#’ãCƒ3333C#‚ÂãÒÂ³crã##“sS#c#3bÂ#’ãC3“s““““ƒSssBÂãÒÂ³crã#3#“““““s“S"Â#’ãC3ƒ“““““scSsRÂãÒÂ³crã“cSc“““““ScRÂ#’ã3“sS“““““sC#3rÂãÒÂ³crãCC####’Â#’ãC#C““““ƒ##s"ÂãÒÂ³crãss““““ƒsƒbÂ#’ã3Sƒc3“““““3cƒ‚ÂãÒÂ³crã“Cƒ“rÂ#’ã3“ƒcƒ““““cC3ƒrÂãÒÂ³crã#Sƒ#ccƒBÂ#’ã3“cSc3C3ƒÂãÒÂ³crã#3SC““““c3#ƒÂ#’ãC“c““““cƒ‚ÂãÒÂ³crãscs#s32Â#’ãC3“c#3c#scRÂãÒÂ³crãS33““““cC3"Â#’ãCs#S3sS3‚ÂãÒÂ³crã“ƒSc““““sSsrÂ#’ãCƒc3#““3BÂãÒÂ³crãsƒcSCbÂ#’ãCcSSC#CsSBÂãÒÂ³crãc#“““““cSbÂ#’ãC“sƒ“““““ƒƒS3RÂãÒÂ³crã3cs““““s3##bÂ#’ãSC“sƒ““““sƒscBÂãÒÂ³crã3c#c““““ƒccBÂ#’ãSCC3#cs“C2ÂãÒÂ³crã3s###sƒ‚Â#’ãc“C#c#SbÂãÒÂ³crãc“sƒCc“BÂ#’ãcCsS#““““c“ƒCBÂãÒÂ³crãSSSƒsBÂ#’ãcSsc#ƒ“RÂãÒÂ³cbã“sscs““““s3##2Â#’ã3“ƒ3“““““sc#RÂãÒÂ³cbã“scC#““““cCCƒBÂ#’ãC#S3ƒ““““sCƒsCRÂãÒÂ³crãc#SsSbÂ#’ãSCCƒ“3s3#C2ÂãÒÂ³crã3ƒ3“““““cRÂ#’ãcs#cƒƒ“2ÂãÒÂ³crã3ƒ“s““““ƒ#s"Â#’ãs3csC““““c#ƒrÂãÒÂ³crã3#cS““““sS“#bÂ#’ãscsCC#SSƒsBÂãÒÂ³crãS#“cƒCRÂ#’ãsƒƒSssC2ÂãÒÂ³crã3ƒƒS#sC2Â#’ãsƒ#“#““““c“ƒS2ÂãÒÂ³crãC#c3ƒ“s2Â#’ãs“C#scS"ÂãÒÂ³crã“Cƒ“Â#’ãsc“C““““““#S2ÂãÒÂ³crãscCCs2Â#’ãsc“C“““““s#SrÂãÒÂ³crãCƒSƒ#ccƒBÂ#’ãsCCs““““ƒS#BÂãÒÂ³crãCCSsRÂ#’ãs#sƒSss3“‚ÂãÒÂ³crãSƒ#S““““c““#bÂ#’ãs#3“s““““sss#BÂãÒÂ³crãc3““““ccƒRÂ#’ãccC“3c32ÂãÒÂ³cbã““S3c““““ƒ#SrÂ#’ãcCs33““““ƒCcRÂãÒÂ³cbã“sS#C“ƒRÂ#’ãcSƒ“scSC#RÂãÒÂ³crãcƒƒ#rÂ#’ãc“Cc#““““ssCsCrÂãÒÂ³crãCSs#ƒ3bÂ#’ãƒSƒ3#3cssrÂãÒÂ³crãccc#3#ƒÂ#’ã“s3s3#S3"ÂãÒÂ³crãs““#3sƒ"Â#’ã““sS“““““#CÂãÒÂ³crãs“S#ƒc3RÂ#’ã“Sc#““““SS3CÂãÒÂ³crãƒ3““ƒC2Â3ãCc““““cCƒ3‚ÂãÒÂ³crãcS#ƒs“2Â3ãCS3c“““““#SSƒ2ÂãÒÂ³crã“sƒƒ““““c#3ƒBÂ3ãƒ#3s““““s3s#rÂãÒÂ³crã#ƒ““““““ƒSbÂ3ãƒ#ƒ#“ƒ’ÂãÕÒÂµ³crã3Sƒ3c‚Â#’ã“3“scC#3sCbÂãÒÂ³crã“cc“““““ƒS"Â#’ã“3cS#s3ƒ‚ÂãÒÂ³crãs#C“““““ƒsSbÂ#’ãƒSc#““““sS3#RÂãÒÂ³crãs#S33S“#‚Â#’ãƒc“SC#SBÂãÒÂ³crãƒƒ3ƒCBÂ#’ãs“css#3S3rÂãÒÂ³crã#Cc“““““CS’Â#’ãƒsc3ƒ““““““ƒS3rÂãÒÂ³crã3Sƒ3c‚Â#’ã“3“scC#3sCbÂãÕÒÂµ³crã#ƒSs““““Scs3bÂ#’ãƒc#C3CCCSrÂãÒÂ³crã3ƒƒ“““““s3S#bÂ#’ãƒc“Cs““““s##cBÂãÒÂ³crã#“#““““sC“sRÂ#’ãƒsƒSssC2ÂãÒÂ³crã#ƒSs““““Scs3bÂ#’ãƒc#C3CCCSrÂãÕÒÂµ³crã“Csc#s3ƒ"Â#’ãsƒCSsSBÂãÒÂ³crã#scc3ƒƒ"Â#’ãs“Sƒ3SCS3bÂãÒÂ³crã#cS33c#‚Â#’ãs““Sƒ3cƒ3rÂãÒÂ³crã“Csc#s3ƒ"Â#’ãsƒCSsSBÂãÕÒÂµ³crãC“S““““cSC3"Â#’ãcC“““““cS3SrÂãÒÂ³crãSƒ#C“"Â#’ãc#3ƒ3#SC3s"ÂãÒÂ³crã3““ƒsrÂ#’ãccc““““ƒ3sbÂãÒÂ³crãC“S““““cSC3"Â#’ãcC“““““cS3SrÂãÕÒÂµ³crãC#S““““ƒƒCBÂ#’ãCƒsSƒcS"ÂãÒÂ³crãcCc““““s“s2Â#’ãS““ƒsrÂãÒÂ³crã#s#s33"Â#’ãS33“3333"ÂãÒÂ³crã#C#S“““““““‚Â#’ãCƒS“s““““css#ƒBÂãÒÂ³crãC#S““““ƒƒCBÂ#’ãCƒsSƒcS"ÂãÕÒÂµ³crãcSsSSCRÂ#’ãCSƒS““““S“ƒ3cbÂãÒÂ³crãs#ƒ#C32Â#’ãCƒ33CCƒ"ÂãÒÂ³crãc“SS33#3"Â#’ãSc““““ƒSc’ÂãÒÂ³crãS#sc“““““3Sc2Â#’ãC“#32ÂãÒÂ³crãS#““““s3CsbÂ#’ãCS#ƒc#ƒƒƒÂãÒÂ³crãssƒ#“““““SCcÂ#’ãCC3“3Cc3rÂãÒÂ³crãƒsS““““ƒCƒ‚Â#’ãCss““““sSs##bÂãÒÂ³crãcSsSSCRÂ#’ãCSƒS““““S“ƒ3cbÂãÕÕ××ÒÂ²'G—R#¢$fVGW&R"Â'&÷W'F–W2#¢²$æÖR#¢%"Â%7–Ö&öÄ”B#¢#'ÒÂ&vVöÖWG'’#¢²'G—R#¢%öÇ–vöâ"Â&6ö÷&F–æFW2#¢µµ³crãc3S““““cƒcsrÂ#’ã“c“ƒ“C#3#"ÂãÒÂ³crã##“#33’Â#’ã“ƒƒSs““““ƒcsrÂãÒÂ³crã#cC3#CC3rÂ#’ã“Cc3“3“ƒ#S2ÂãÒÂ³crã#3#ƒƒC"Â#’ã“3ƒ#““““ƒ““cbÂãÒÂ³crã#c3CS3s32Â#’ã“C“3s““““sƒs“rÂãÒÂ³crã#cssC3ƒ"Â#’ã“#sRÂãÒÂ³crã#ƒ“ƒ“#3C‚Â#’ã“sc“““““ƒSƒ2ÂãÒÂ³crã3C“s3cS2Â#’ãƒ“3ƒ3““““ƒc‚ÂãÒÂ³crã3csƒƒ““““ƒ#3cbÂ#’ãƒ“S“““““c“#cbÂãÒÂ³crã3ƒSs#ss“‚Â#’ã“#scs3“BÂãÒÂ³crã3sSSƒc“BÂ#’ãƒƒ3c33“SRÂãÒÂ³crãCs3“““““c3"Â#’ãƒs“cS““““s“#CrÂãÒÂ³crãC###“‚Â#’ãƒSƒƒc““““cSƒ3RÂãÒÂ³crãCC3S3ƒc#RÂ#’ãƒƒs3#ƒ“3RÂãÒÂ³crãScSCCs#"Â#’ãcc“ƒ“““““cƒS2ÂãÒÂ³crãS33ƒC#’Â#’ãc333C“C3bÂãÒÂ³crãC“3Ss“““““s2Â#’ãcS““““Ss33RÂãÒÂ³crãS#s““““S“#3BÂ#’ãc3“#““““ƒc“cRÂãÒÂ³crãCƒƒ“SCC##2Â#’ãSc3c33ÂãÒÂ³crãCƒsƒs““““cc#3Â#’ãS“ƒCc““““ƒ“cSBÂãÒÂ³crãCsc“““““cbÂ#’ãS““sC““““Sc#“2ÂãÒÂ³crãCc###“ƒbÂ#’ãS3“S““““SƒcƒrÂãÒÂ³crãCC““ƒ““““s3ƒsbÂ#’ãSs#ss3SS"ÂãÒÂ³crãCC3#“33CbÂ#’ãSc#3ƒ#3cƒƒRÂãÒÂ³crãCCcƒ““““cC3ƒ2Â#’ãcƒcC33SƒÂãÒÂ³crã3“ss“ƒSrÂ#’ãSCSc“3“3#‚ÂãÒÂ³crã3ƒSC###RÂ#’ãS#Ss“““““Ss3‚ÂãÒÂ³crãCss#““““s3“s2Â#’ãc“““““sƒƒ#ÂãÒÂ³crã3ƒcsC“““““#cBÂ#’ãc“cS3S“CBÂãÒÂ³crã3“S“#““““cc“ƒ"Â#’ãsS#S"ÂãÒÂ³crã3ƒC3#““““ƒ#“crÂ#’ãƒƒC““““ƒ##cbÂãÒÂ³crã3s3“““““cc"Â#’ãƒCƒC““““ƒsscBÂãÒÂ³crã3S#ssC3S#Â#’ãƒSSSS33#2ÂãÒÂ³crã3C“3“C’Â#’ãƒS““““cƒCrÂãÒÂ³crã“SC“““““33Â#’ãƒsSC““““Sƒ#ƒc2ÂãÒÂ³crã“sSS““““c“C2Â#’ãƒC“““““““ƒ#‚ÂãÒÂ³crãssSs#S"Â#’ãƒ3Cs““““sccsCBÂãÒÂ³crãƒ3CƒBÂ#’ãƒsƒc3ƒƒsCRÂãÒÂ³crã“3““““ƒs3rÂ#’ãƒs3SS““““ƒ“CSRÂãÒÂ³crãƒƒs““““cc#32Â#’ã“ƒ3““““ccƒ3BÂãÒÂ³crã#S#33““““c“#’Â#’ã“Sƒ““““s#ƒsSrÂãÒÂ³crã#sƒ3SCRÂ#’ã“3S#cSSRÂãÒÂ³crãsc#Cƒ’Â#’ã“3#C#sSƒ2ÂãÒÂ³crãCC#scC’Â#’ã“scƒ3““““ƒccs"ÂãÒÂ³crãCsC#“"Â#’ã““c3S#S#33RÂãÒÂ³crãc3S““““cƒcsrÂ#’ã“c“ƒ“C#3#"ÂãÕÒÂµ³crã#S#s#“Â#’ãƒssƒc“““““cÂãÒÂ³crã#SsS““““ƒ3C’Â#’ãƒs#3“““““#cBÂãÒÂ³crã#c3ƒƒc“2Â#’ãƒƒƒcC3ƒs3RÂãÒÂ³crã#C#’Â#’ã“3“S“#C#BÂãÒÂ³crã#S#s#“Â#’ãƒssƒc“““““cÂãÕÕ××ÒÂ²'G—R#¢$fVGW&R"Â'&÷W'F–W2#¢²$æÖR#¢%FÒ"Â%7–Ö&öÄ”B#¢#sB'ÒÂ&vVöÖWG'’#¢²'G—R#¢%öÇ–vöâ"Â&6ö÷&F–æFW2#¢µµ³crã“ƒ“ƒ“““““ƒƒSbÂ#’ãsC#“““““3ƒ“rÂãÒÂ³crã#C““““ss#s"Â#’ãsƒs““““cs3SbÂãÒÂ³crã#3ƒS““““““ƒbÂ#’ãƒss3#3“3bÂãÒÂ³crã#3scS““““““Â#’ãss3“““““cƒ3#BÂãÒÂ³crã#S3SSsRÂ#’ãsƒC3CSscBÂãÒÂ³crã#CC3C“““““S#S’Â#’ãsS“ƒSBÂãÒÂ³crã“ƒ“ƒ“““““ƒƒSbÂ#’ãsC#“““““3ƒ“rÂãÕÕ××ÒÂ²'G—R#¢$fVGW&R"Â'&÷W'F–W2#¢²$æÖR#¢%Fâ"Â%7–Ö&öÄ”B#¢#'ÒÂ&vVöÖWG'’#¢²'G—R#¢%öÇ–vöâ"Â&6ö÷&F–æFW2#¢µµ³crãCƒ3S““““Sƒcƒ’Â#’ãsƒ“s““““ƒss3rÂãÒÂ³crãC“CsC“““““#cBÂ#’ãsCƒ#“ƒÂãÒÂ³crãCƒ““““ƒcc‚Â#’ãƒS“cc““““csƒBÂãÒÂ³crãCSSS““““ƒ3CrÂ#’ãƒc“33“Cs2ÂãÒÂ³crãCSƒ“SC#CrÂ#’ãs“ƒccSƒ“‚ÂãÒÂ³crãCsƒ“C““““sC#s"Â#’ãsc#c“BÂãÒÂ³crãCsS“#ƒCƒrÂ#’ãsƒS“Cƒ#SBÂãÒÂ³crãCƒ3S““““Sƒcƒ’Â#’ãsƒ“s““““ƒss3rÂãÕÕ××ÒÂ²'G—R#¢$fVGW&R"Â'&÷W'F–W2#¢²$æÖR#¢%"Â%7–Ö&öÄ”B#¢##2'ÒÂ&vVöÖWG'’#¢²'G—R#¢%öÇ–vöâ"Â&6ö÷&F–æFW2#¢µµ³crãS“ƒ““BÂ#’ãƒ“C3s#bÂãÒÂ³crãcSSS““““s“C’Â#’ãƒS33s“C#BÂãÒÂ³crãcS3CCCsÂ#’ãs“#ƒS##s3bÂãÒÂ³crãc33sC#S#"Â#’ãssƒs““““s##“"ÂãÒÂ³crãc33SS#3#3’Â#’ãs“33C3CssrÂãÒÂ³crãcƒSCs#rÂ#’ãs“cSC“““““ƒ#SsBÂãÒÂ³crãS“ƒ“S““““cC3RÂ#’ãss“C““““ss#rÂãÒÂ³crãS“ƒ““BÂ#’ãƒ“C3s#bÂãÕÕ××ÒÂ²'G—R#¢$fVGW&R"Â'&÷W'F–W2#¢²$æÖR#¢%F2"Â%7–Ö&öÄ”B#¢#'ÒÂ&vVöÖWG'’#¢²'G—R#¢%öÇ–vöâ"Â&6ö÷&F–æFW2#¢µµ³crã““sc“““““c3’Â#’ãsƒ3ccC"ÂãÒÂ³crãƒsƒS"Â#’ãƒ3SC““““s3#sC2ÂãÒÂ³crãscƒ3“ƒ"Â#’ãƒS#3““““c#c33‚ÂãÒÂ³crãccsS““““ƒ#C"Â#’ãƒ##33sƒBÂãÒÂ³crãcC““““ScƒrÂ#’ãƒC“““““ƒ#Sƒ"ÂãÒÂ³crãc#CƒS#sC‚Â#’ãƒCS“#ƒSCRÂãÒÂ³crãsSCc3sƒsbÂ#’ãƒ33C““““cSsƒrÂãÒÂ³crãs#3SS““““s“C’Â#’ãƒCƒc““““ƒ3crÂãÒÂ³crãsCCcS““““sS“#"Â#’ãƒC#3“““““cƒƒ2ÂãÒÂ³crãsCcCƒS#2Â#’ãƒ#“S3Cƒ2ÂãÒÂ³crãsc“““““““cSbÂ#’ãƒs“Cƒ##2ÂãÒÂ³crãƒCsS““““SsCBÂ#’ãƒ#s3S3#3rÂãÒÂ³crã“CCS3cs#bÂ#’ãƒ#“3““““cƒ3BÂãÒÂ³c‚ã###“c3sC‚Â#’ãƒ#S“ƒCCƒ“SC"ÂãÒÂ³crã““sc“““““c3’Â#’ãsƒ3ccC"ÂãÕÕ××ÒÂ²'G—R#¢$fVGW&R"Â'&÷W'F–W2#¢²$æÖR#¢%"Â%7–Ö&öÄ”B#¢##2'ÒÂ&vVöÖWG'’#¢²'G—R#¢%öÇ–vöâ"Â&6ö÷&F–æFW2#¢µµ³crãcƒ3C“““““sSbÂ#’ã“CS3#“CÂãÒÂ³crãc“#Sƒcc“Â#’ãƒ“3s““““cƒs#sBÂãÒÂ³crãsSC#““““ƒ“CcBÂ#’ã“#S“““““““2ÂãÒÂ³crãss33“C2Â#’ãƒscs3“““““SÂãÒÂ³crãs3s#““““cC“ƒ"Â#’ãƒSs“333CBÂãÒÂ³crãss3cs““““ƒ3#RÂ#’ãƒs3#s““““Ss#3’ÂãÒÂ³crãƒCc““““ƒScrÂ#’ãƒs3SS33##s2ÂãÒÂ³crã“ss3#““““Ss“ƒrÂ#’ãƒ#C#““bÂãÒÂ³c‚ã###“c3sC‚Â#’ãƒ#S“ƒCCƒ“SC"ÂãÒÂ³crã“CCS3cs#bÂ#’ãƒ#“3““““cƒ3BÂãÒÂ³crãƒCsS““““SsCBÂ#’ãƒ#s3S3#3rÂãÒÂ³crãsc“““““““cSbÂ#’ãƒs“Cƒ##2ÂãÒÂ³crãsCcCƒS#2Â#’ãƒ#“S3Cƒ2ÂãÒÂ³crãsCC#“"Â#’ãƒCS3““““ƒƒs2ÂãÒÂ³crãc“#““““c3ƒ3RÂ#’ãƒcsCCSc3RÂãÒÂ³crãS“#Sc“““““SbÂ#’ãƒC“#““““ƒ3#ÂãÒÂ³crãcC#C3#rÂ#’ãƒScSsSbÂãÒÂ³crãc#33C“2Â#’ãƒƒSC““““c3#ƒS2ÂãÒÂ³crãS“CS33S“#rÂ#’ã“#ƒCcsbÂãÒÂ³crãc““c3S3s’Â#’ã“ƒsSS#"ÂãÒÂ³crãc#ƒƒ3““““scc#2Â#’ã“C“c““““ScSƒ‚ÂãÒÂ³crãcƒ3C“““““sSbÂ#’ã“CS3#“CÂãÕÕ××ÒÂ²'G—R#¢$fVGW&R"Â'&÷W'F–W2#¢²$æÖR#¢%"Â%7–Ö&öÄ”B#¢##2'ÒÂ&vVöÖWG'’#¢²'G—R#¢%öÇ–vöâ"Â&6ö÷&F–æFW2#¢µµ³crãC“S“““““ƒcSRÂ#’ãƒ#s“““““cƒ3rÂãÒÂ³crãS#C“bÂ#’ãƒ3c#““““SsCƒS2ÂãÒÂ³crãS3ƒSƒ“““““#ƒbÂ#’ãƒcSsC“3RÂãÒÂ³crãS#Cƒ““““ƒ3c’Â#’ãƒCs3ƒ“BÂãÒÂ³crãC“S“““““ƒcSRÂ#’ãƒ#s“““““cƒ3rÂãÕÕ××ÒÂ²'G—R#¢$fVGW&R"Â'&÷W'F–W2#¢²$æÖR#¢%FR"Â%7–Ö&öÄ”B#¢#cB'ÒÂ&vVöÖWG'’#¢²'G—R#¢%öÇ–vöâ"Â&6ö÷&F–æFW2#¢µµ³crãCƒ3C““““ƒ#s"Â#’ãƒƒ“ƒs#C2ÂãÒÂ³crãCƒ“3s““““Sƒs3bÂ#’ãƒ#3C#“SƒRÂãÒÂ³crãS“cC“““““CscÂ#’ãƒCC““““Sƒ33ƒ‚ÂãÒÂ³crãC““CBÂ#’ãsƒC““ƒƒC2ÂãÒÂ³crãS“#“““““s“S#BÂ#’ãss#“c33ƒBÂãÒÂ³crãS3ƒ““““ƒ“ƒc"Â#’ãsCƒ#“#ƒ33bÂãÒÂ³crãCƒsƒ“““““cƒS#‚Â#’ãs3“3#““““ƒs“cS‚ÂãÒÂ³crãCƒ3S““““Sƒcƒ’Â#’ãsƒ“s““““ƒss3rÂãÒÂ³crãCsS“#ƒCƒrÂ#’ãsƒS“Cƒ#SBÂãÒÂ³crãCsƒ“C““““sC#s"Â#’ãsc#c“BÂãÒÂ³crãCSƒ“SC#CrÂ#’ãs“ƒccSƒ“‚ÂãÒÂ³crãCSSS““““ƒ3CrÂ#’ãƒc“33“Cs2ÂãÒÂ³crãCc3c““““ssSs"Â#’ãƒc3C““““SS#“ÂãÒÂ³crãCCƒS#““““ƒS“cbÂ#’ã“3C““““ƒSscc"ÂãÒÂ³crãCC#s3cc#‚Â#’ã“sCs““““ccc‚ÂãÒÂ³crãCc“CrÂ#’ã“““c#ƒƒ’ÂãÒÂ³crãCƒ3C““““SS#“Â#’ã““ƒSc“2ÂãÒÂ³crãCcc#sc32Â#’ãƒ“Sƒ##“#ƒRÂãÒÂ³crãCƒ3C““““ƒ#s"Â#’ãƒƒ“ƒs#C2ÂãÕÕ××ÒÂ²'G—R#¢$fVGW&R"Â'&÷W'F–W2#¢²$æÖR#¢%"Â%7–Ö&öÄ”B#¢#'ÒÂ&vVöÖWG'’#¢²'G—R#¢$×VÇF•öÇ–vöâ"Â&6ö÷&F–æFW2#¢µµµ³crã““ƒSc““““sSsRÂ3ãcƒƒ““#BÂãÒÂ³crã“#sƒ3#SC3RÂ3ãS“CƒC“sS"ÂãÒÂ³crã“sƒ“““““ƒcÂ3ãS“ƒ#3““““ƒscrÂãÒÂ³crã“3S3“SbÂ3ãcSCƒ““““cc3ƒ2ÂãÒÂ³crãƒƒ#C““““sƒ3#"Â3ãS“c““““csc‚ÂãÒÂ³crãƒ“##c#“ƒƒRÂ3ãc“cC3ƒSsS2ÂãÒÂ³crãƒ3ccC#3Sƒ’Â3ãcScC#ƒSƒbÂãÒÂ³crãƒScsƒ““““SSƒƒ‚Â3ãc##sƒ“cƒƒ2ÂãÒÂ³crãs“SCSsCbÂ3ãc3ƒ“““““ƒƒS"ÂãÒÂ³crãs“Cs““““ƒ“#"Â3ãc#cc““““cSƒRÂãÒÂ³crãs3##““““““CSÂ3ãcC#s333rÂãÒÂ³crãsccsS“““““sCbÂ3ãc3“c#BÂãÒÂ³crãssC““““cƒ3#rÂ3ãcS#s““““ƒssBÂãÒÂ³crãs“#sƒ“c’Â3ãcC“33C“#bÂãÒÂ³crãs““3S““““ccC3"Â3ãc3S3““““ƒ“cRÂãÒÂ³crãƒ#33##s’Â3ãc3s“3S#RÂãÒÂ³crãƒc#“s“““““#s"Â3ãccscs““““c3#3SRÂãÒÂ³crãƒcS#3#cC3‚Â3ãsS#“““““C“SsrÂãÒÂ³crãƒƒc“““““c33"Â3ãcCssC““““cc#s‚ÂãÒÂ³crã““#CC““““ƒcsc2Â3ãccSsC““““cc#ƒ‚ÂãÒÂ³crã“ƒ33C“3Â3ãcSs“cS3“3RÂãÒÂ³c‚ã###“c3sC‚Â3ãcSC“s“S#“C##ƒbÂãÒÂ³c‚ã###“c3sC‚Â3ãc3“3Sƒƒscs#CcBÂãÒÂ³crã“3Sc#BÂ3ãcC#sccC2ÂãÒÂ³c‚ã###“c3sC‚Â3ãc3#C#3#Cc3#3rÂãÒÂ³crã““ƒSc““““sSsRÂ3ãcƒƒ““#BÂãÕÒÂµ³crã“3CCc##ƒ“Â3ãcCs“““““cbÂãÒÂ³crã“ƒs““““S“#3bÂ3ãcCCƒ““““cc3ƒBÂãÒÂ³crã“ƒ3““““cc3bÂ3ãc3SCƒCsC"ÂãÒÂ³crã“#ƒ#C#sSƒ"Â3ãc3Cs“““““ccSbÂãÒÂ³crã“3CCc##ƒ“Â3ãcCs“““““cbÂãÕÕÒÂµµ³crã“““##3RÂ3ãƒ##““““ƒ““cRÂãÒÂ³crã“ƒƒS““““ƒ3“rÂ3ãssƒc#3#‚ÂãÒÂ³crã“sSSs““““ƒsrÂ3ãs““Cƒ““““Sc3ƒ’ÂãÒÂ³crã“C3ƒ“““““ƒc"Â3ãs“Cc““““ƒ3cRÂãÒÂ³crã“Sƒcƒ““““sC3sBÂ3ãƒ#S“##ƒ3“rÂãÒÂ³crã“S3Ss““““ss#RÂ3ãƒ#33#CssÂãÒÂ³crã“CƒCcS“RÂ3ãƒ3“S"ÂãÒÂ³crã“###““““cS32Â3ãsƒƒ#s““““s###RÂãÒÂ³crãƒ“3#“““““c“S#rÂ3ãs““sC3‚ÂãÒÂ³crã“3cCbÂ3ãƒ“cSCCs#"ÂãÒÂ³crãƒS33“CƒCrÂ3ãs“sƒS3ss#S"ÂãÒÂ³crãƒcƒ“SC#RÂ3ãsCsSƒcC“2ÂãÒÂ³crãƒCs#3#cC3RÂ3ãs#CC##S2ÂãÒÂ³crãƒ#“cc3ƒƒ"Â3ãs3#3#ƒC3BÂãÒÂ³crãsƒ#33““““ƒ“"Â3ãsS#SC3c#CbÂãÒÂ³crãscc#c#“ƒƒÂ3ãsCcs““““s“#ƒrÂãÒÂ³crãsCƒC“3CbÂ3ãs3Sc“““““SSSc"ÂãÒÂ³crãs#“c#csS3rÂ3ãs3ƒcCCƒrÂãÒÂ³crãs3“3“ƒ#bÂ3ãsƒƒ3CC#BÂãÒÂ³crãs#cS“““““c“#‚Â3ãs3#cs““““cƒ#3"ÂãÒÂ³crãs“s3cS#bÂ3ãsCsC““““SSsƒs2ÂãÒÂ³crãs#ƒCcc"Â3ãsc#S3““““ƒ#s"ÂãÒÂ³crãs3ƒ““““c“ƒsbÂ3ãscsSCs“#RÂãÒÂ³crãc““33““““ƒC’Â3ãsƒc33““##bÂãÒÂ³crãcƒscC“RÂ3ãssSs#ƒ3#2ÂãÒÂ³crãc“s“#ƒ2Â3ãssCc““““sCsbÂãÒÂ³crãc“SS““““cCC3BÂ3ãsSsƒ“““““ƒƒS#bÂãÒÂ³crãscs#S"Â3ãsCs#““““sCsSbÂãÒÂ³crãccC#““““ƒ“CcÂ3ãsS3“3ƒ#ƒBÂãÒÂ³crãSCCƒ““““ƒƒcBÂ3ãs3s“ƒ3scsRÂãÒÂ³crãSc“S““““ƒC#Â3ãc““#3C#‚ÂãÒÂ³crãSƒCCC““““Scsƒ‚Â3ãsSc33#C3#RÂãÒÂ³crãc#ƒ##“Â3ãsƒ3c33s“BÂãÒÂ³crãcsS““““csC3Â3ãs“c““““ƒ“ScSRÂãÒÂ³crãc##3C3“sRÂ3ãs“#“33SBÂãÒÂ³crãc#CS““““sƒC#BÂ3ãsƒs“3Sƒ#“rÂãÒÂ³crãC“S##CsƒrÂ3ãcƒ“““““ƒs3S2ÂãÒÂ³crãSSs3S3BÂ3ãcsƒCC3SƒBÂãÒÂ³crãCS333“Cs2Â3ãcƒ“s3““““ƒ’ÂãÒÂ³crãC“3#C“3rÂ3ãcSc“““““““SsBÂãÒÂ³crãCC#S““““s““"Â3ãc3##““““SƒCƒbÂãÒÂ³crãCS“Cƒ#bÂ3ãc3c3“““““cc#ƒBÂãÒÂ³crã3s3s“““““C#’Â3ãc#““#““““ƒc“cbÂãÒÂ³crã3sCCCS“RÂ3ãcSsc““““sƒSc“‚ÂãÒÂ³crã3SC““““ssrÂ3ãc#S#sCBÂãÒÂ³crã3Cƒ33ƒC#bÂ3ãcC33“C#bÂãÒÂ³crã3ƒ“SCC##"Â3ãS“#“#““““c“ƒSRÂãÒÂ³crã3ƒs““““ƒs#2Â3ãSscCC##"ÂãÒÂ³crã#“3SSsCRÂ3ãSC“ƒ““““““3sbÂãÒÂ³crã#ƒƒcC3c2Â3ãSccCƒS“bÂãÒÂ³crã#3“c33ƒÂ3ãSCS““““ƒ““rÂãÒÂ³crã#ss#3ss‚Â3ãS3“cƒ3#3RÂãÒÂ³crã##CCCcBÂ3ãS3ƒ3#C3’ÂãÒÂ³crãCCs#““““cƒ“s’Â3ãCƒS#sS2ÂãÒÂ³crã3##c“ƒ“2Â3ãCcCsc““““ƒ3ScS2ÂãÒÂ³crãcSc““““sS‚Â3ãCc“ƒ“3#3#’ÂãÒÂ³crãsƒ#3ƒBÂ3ãC3“ƒcC3ƒs#‚ÂãÒÂ³crã“#“ƒ3C‚Â3ãC3ƒS“““““ƒ“‚ÂãÒÂ³crãccs“““““ccS‚Â3ãC3S3cS"ÂãÒÂ³crã333S3#32Â3ã3“ƒc““““ƒ3#rÂãÒÂ³cbã“s“S#““““c“ƒBÂ3ã3ƒCsCSÂãÒÂ³cbã“CcS“C#ƒ#"Â3ã3Csc3C#2ÂãÒÂ³cbã“33s““““Sƒs3bÂ3ã#s“ss“““““Cs“RÂãÒÂ³cbã“SCƒ3““““Scc3’Â3ã3SSsSSCCbÂãÒÂ³cbã“sCCScsS"Â3ã3ƒƒc““““cSƒ#BÂãÒÂ³crãcƒ““““ƒ“3cBÂ3ã33ƒ#3CC“2ÂãÒÂ³crã#C““““ss#s"Â3ã33““s““““ƒss2ÂãÒÂ³crã#S“c“““““Sc"Â3ã3##ƒc“ƒ"ÂãÒÂ³crãsSƒCS“’Â3ã33SCC“s#RÂãÒÂ³crãSƒCCsBÂ3ã3ƒS3““““s##32ÂãÒÂ³crãS“3c““““c#SƒbÂ3ã3“ccƒ“srÂãÒÂ³crãCƒsCCs‚Â3ã#S“CsCC#rÂãÒÂ³crãsSc““““s“Ss"Â3ã#C#ƒC#sbÂãÒÂ³crãssSc““““ƒSScRÂ3ã#sCCS#2ÂãÒÂ³crãC“s““““ssƒ#2Â3ã#s33#’ÂãÒÂ³crã““3CbÂ3ãƒs3C“srÂãÒÂ³crã3ƒ33SC#bÂ3ãc3“S3“##sbÂãÒÂ³crãsS“sƒC"Â3ãS3c“#“33S"ÂãÒÂ³cbã““ssC3ƒBÂ3ãƒ3c““““csSs‚ÂãÒÂ³cbã““Cƒ3““““ccc#‚Â3ã“3C“““““#cÂãÒÂ³crãSCS“““““s“BÂ#’ã“ƒƒc“““““3"ÂãÒÂ³crãS3“ƒ““““s3ƒsRÂ3ã#“s“““““cc32ÂãÒÂ³crãS““““Sƒƒ3rÂ3ãCc“C3ƒsCBÂãÒÂ³crãcsss#ƒS3RÂ3ãCCcs#SrÂãÒÂ³crãss““““ƒsƒbÂ3ã#sC““““cs#ƒRÂãÒÂ³crãƒ#ƒ““““c33ƒBÂ3ã3cs““““S“#3CbÂãÒÂ³crãsC3#ƒC3"Â3ãSs““““ƒcrÂãÒÂ³crãƒcc““““ƒCScRÂ3ãCS#C““““sƒsrÂãÒÂ³crãSS“3sƒ#’Â3ãSS3#c#“RÂãÒÂ³crãC““““““#S"Â3ã“3#““““c33srÂãÒÂ³crãs33S“““““cCRÂ3ã“ƒS““““ƒ3“ƒrÂãÒÂ³crãss3#ƒbÂ3ãsS“““““sCRÂãÒÂ³crãC#sS#CrÂ3ãs“C33ƒBÂãÒÂ³crãcƒs3#ƒ“3"Â3ã#“C3#“C3RÂãÒÂ³crã““#s““““ƒs#RÂ3ã#“s#““““s3“scbÂãÒÂ³crã#ss““““s“s’Â3ãsC3ƒ3RÂãÒÂ³crã##sƒC"Â3ãc#cƒƒSBÂãÒÂ³crã#ƒ““““““ƒSbÂ3ãƒ#ƒ#“ƒ’ÂãÒÂ³crã3“###“rÂ3ãscS#““““sS“sBÂãÒÂ³crã33ƒ“““““ƒcÂ3ãS3“ƒ“““““3ƒc‚ÂãÒÂ³crãS“S““““c3C3Â3ãCSc3##C3s‚ÂãÒÂ³crã##S3sCbÂ3ãsC“““““ƒ#S’ÂãÒÂ³crãƒC3c““““SsSƒrÂ#’ã“cc#““““SƒCƒc"ÂãÒÂ³crãs““#3sƒ"Â#’ã““sS“““““#CÂãÒÂ³crãccc#3#ƒÂ#’ã“s3s3#S3"ÂãÒÂ³crãCSs#ƒ3bÂ#’ãƒSƒ3#3cssrÂãÒÂ³crãcƒƒ#rÂ#’ãc“Cc#““““ssCsCrÂãÒÂ³cbã“3Sƒ““““s3sbÂ#’ãS““““““cƒ3rÂãÒÂ³cbã“sC“ƒ““““sƒƒrÂ#’ãc“ƒ3SCC#2ÂãÒÂ³cbã“ƒssSc#S2Â#’ãcS3“““““ƒƒrÂãÒÂ³crãc3““““ccƒRÂ#’ãccC“3c32ÂãÒÂ³crãSƒ#S““““c““#bÂ#’ãs#3“s““““sss#BÂãÒÂ³crãCCSsRÂ#’ãs#sƒSss3“‚ÂãÒÂ³crãCƒSƒ#ccƒBÂ#’ãsCCs““““ƒS#BÂãÒÂ³crãscCCs2Â#’ãsc“C“““““s#SrÂãÒÂ³crã“Cƒ“Â#’ãsc“C““““““#S2ÂãÒÂ³crãC#c3ƒ“s2Â#’ãs“C#scS"ÂãÒÂ³crã3ƒƒS#sC2Â#’ãsƒ#“#““““c“ƒS2ÂãÒÂ³crãS#“cƒCRÂ#’ãsƒƒSssC2ÂãÒÂ³crã3#cS““““sS“#bÂ#’ãscsCC#SSƒsBÂãÒÂ³crã3“SsSSS2Â#’ãsC3cs3s#ƒrÂãÒÂ³crã#“ƒ““““ƒƒs"Â#’ãs#C“““““c#S33rÂãÒÂ³crãS“#3sƒ"Â#’ãs3C#““““““CS‚ÂãÒÂ³crã“sC“““““c#S’Â#’ãsƒƒc““““sSs#2ÂãÒÂ³crã#“““““sSƒ#2Â#’ãccCC“““““ssS#rÂãÒÂ³crãsSC“““““s#S#RÂ#’ãSsC#ƒ“““““ƒ3S’ÂãÒÂ³cbã“scC#““““cCCƒBÂ#’ãC#S3ƒ““““sCƒsCRÂãÒÂ³cbã“sscs““““s3##2Â#’ã3“ƒ3“““““sc#RÂãÒÂ³crãSSSƒsBÂ#’ãcSsc#ƒ“RÂãÒÂ³crãcCs““““s#ƒ#‚Â#’ãcS“3““““s3#rÂãÒÂ³crã#“ƒ““““s3sRÂ#’ãcssƒCc“’ÂãÒÂ³crãc#“““““S3Â#’ãSc“SC“““““3#SsbÂãÒÂ³crã#3cc““““sssRÂ#’ãSs###S#ƒCbÂãÒÂ³crãƒ#C“bÂ#’ãS3sC3“ƒCBÂãÒÂ³crã33C3“SsrÂ#’ãCccs#““““Sƒ“ƒbÂãÒÂ³crã#sƒ“““““ƒƒSbÂ#’ãC3ƒ“#3SC2ÂãÒÂ³crãSSs#C‚Â#’ãC3ƒ“““““3c"ÂãÒÂ³crã#ƒs3“““““S’Â#’ãC3#SƒsC‚ÂãÒÂ³crã#“Cs3C3"Â#’ãC“cC3BÂãÒÂ³crãCC3““sbÂ#’ãC3#““““s#“sc2ÂãÒÂ³crã3“C3“CSÂ#’ãC##““““s““csBÂãÒÂ³crãsC3#ƒC3"Â#’ãC#Ss“#ƒ3“BÂãÒÂ³crãSƒS““““SƒC3RÂ#’ãCCSC““““ƒSscCRÂãÒÂ³crãƒcc““““ƒCScRÂ#’ãCC“s#SCƒ3bÂãÒÂ³crãsc““““sc3#BÂ#’ãCcS33c3"ÂãÒÂ³crãƒcƒ3c‚Â#’ã3“sSS3#CrÂãÒÂ³crã“c“#Ss“’Â#’ã3ccsC““““ƒ#crÂãÒÂ³crã“sC“““““c#S’Â#’ã33#sS““““ƒsCSbÂãÒÂ³crã#c“ƒ“““““ƒƒSRÂ#’ã3Ss““““Scs3‚ÂãÒÂ³crãS“Sc“3“bÂ#’ã3#ƒsccCBÂãÒÂ³crãSsC#33#ƒ"Â#’ã3c#S“““““““C2ÂãÒÂ³crã#SCSsSrÂ#’ã#ƒƒS““““ƒ3ccc2ÂãÒÂ³crãSÂ#’ã3c33#C3#‚ÂãÒÂ³crãssS#CrÂ#’ã3sC#“ƒƒbÂãÒÂ³crãsC#““““““CSbÂ#’ã33##C““““s3ssrÂãÒÂ³crãS“C““rÂ#’ã3#“#ƒs“2ÂãÒÂ³crã3s3#3“3RÂ#’ã3Sƒƒ““““cƒs“bÂãÒÂ³crãƒ3s““““s3s#RÂ#’ãC#3Cs#C3C2ÂãÒÂ³crãS““““sƒƒ#2Â#’ã3ƒ3C3“CSbÂãÒÂ³crã##ƒ3s‚Â#’ã3#3ƒ“#3SBÂãÒÂ³crã“““““cƒƒ#’Â#’ã#ƒ#3C“““““S#bÂãÒÂ³crãƒc3#CS"Â#’ã#S#c“““““cS3BÂãÒÂ³crãs333"Â#’ã#3Cc“““““CbÂãÒÂ³crã3“##3#‚Â#’ã###ƒ#“2ÂãÒÂ³cbã““cC#CBÂ#’ã#3#CS““““s#“#S‚ÂãÒÂ³cbã“ƒC“““““3ƒ"Â#’ã#c““““““cƒ3c"ÂãÒÂ³cbã““c“c““““ƒcScbÂ#’ã3#s#CƒrÂãÒÂ³cbã“s##C##s2Â#’ã#“33Sc3BÂãÒÂ³cbã“ƒ##s““““c##3BÂ#’ã3ƒcS““““ƒS“cRÂãÒÂ³cbã“CcsC“RÂ#’ã3“C#3ƒ’ÂãÒÂ³cbã“SCsƒ“““““SƒSbÂ#’ã33s““““cs3crÂãÒÂ³cbã“3ƒ#C““““ƒ3srÂ#’ã3Ss“C3"ÂãÒÂ³cbã“s#“““““3CbÂ#’ã3c“““““““S‚ÂãÒÂ³cbã“s3ScC’Â#’ã3“3#““““cCƒBÂãÒÂ³cbã““s3C“SBÂ#’ãS#c““““s3scRÂãÒÂ³crã“Sƒ““““ssƒrÂ#’ãS3ƒC““““ssssRÂãÒÂ³crãC3ƒ#““““sSCs2Â#’ãcƒc3ƒƒscBÂãÒÂ³crã##ƒs“"Â#’ãcSs33“C2ÂãÒÂ³crã3#33““““S“3’Â#’ãcCs#““““ƒƒ“c2ÂãÒÂ³cbã“ƒ“ƒC““““ssss2Â#’ãc##CC##"ÂãÒÂ³cbã“s3s“#ƒBÂ#’ãS“#“““s"ÂãÒÂ³cbã““#“#““““s“sbÂ#’ãSƒs“““““ƒcS2ÂãÒÂ³cbã“sCS3cC2Â#’ãScƒ33““““ƒ“#2ÂãÒÂ³cbã“ƒ3c3“’Â#’ãSSƒSC““““ƒƒ#cCBÂãÒÂ³cbã“cs“SC‚Â#’ãSS#c““““c3ƒrÂãÒÂ³cbã“ƒS““““cƒC#’Â#’ãCƒ“s3SCsƒrÂãÒÂ³cbã““3““““““c‚Â#’ãC“ƒ###“ƒs"ÂãÒÂ³cbã“3ƒ“#““““s“s’Â#’ãS33#c““““cƒcbÂãÒÂ³cbã“Ccƒ““’Â#’ãS#SCc““““cCƒC‚ÂãÒÂ³cbã“S“3#c“32Â#’ãSScSS““““ƒCCƒ2ÂãÒÂ³cbãƒƒss““““ƒ“s2Â#’ãSsƒ#““““cCƒ#RÂãÒÂ³cbãsƒ#cs#S"Â#’ãCCS“3ƒCsc‚ÂãÒÂ³cbãsƒs#ƒ“““““33S’Â#’ã3c3s““““sSs#"ÂãÒÂ³cbãsSS#““““s3CsRÂ#’ã333c““““sƒs"ÂãÒÂ³cbãsSCCCCSsBÂ#’ã3sC#“ƒƒbÂãÒÂ³cbãsƒƒS##SBÂ#’ã3C“3c3#ƒrÂãÒÂ³cbãs“““3““““c32Â#’ã3#Cc3sƒsRÂãÒÂ³cbãs“Sƒƒ3csbÂ#’ã3s“c“#BÂãÒÂ³cbãƒssƒ3CcsrÂ#’ãC#“cƒSRÂãÒÂ³cbãƒƒS#ss32Â#’ã33ƒs#CÂãÒÂ³cbãƒS3s““““ƒcs"Â#’ã3333##“3crÂãÒÂ³cbãƒSS#CCsc’Â#’ã#“S#3C#ƒRÂãÒÂ³cbãƒ#SCC““““sssbÂ#’ã#CCSƒ““““s#ƒsbÂãÒÂ³cbãscSc““““sc3#bÂ#’ãƒs“““““ƒƒs2ÂãÒÂ³cbãsS“cc““““css’Â#’ãcss3C3“#3RÂãÒÂ³cbãs3ƒƒC“sbÂ#’ãsƒƒ““#bÂãÒÂ³cbãsSSƒcCBÂ#’ãCƒCC3SƒÂãÒÂ³cbãs“#ƒCƒrÂ#’ãCƒs3““““sS#2ÂãÒÂ³cbãs33“RÂ#’ãssC3"ÂãÒÂ³cbãsSss“#ƒ3’Â#’ã#“Sƒ““““ssƒc’ÂãÒÂ³cbãsƒ3c3##C3‚Â#’ã#sSc3““““ƒƒcS2ÂãÒÂ³cbãs3“SC“““““3#S’Â#’ã3CCCCSsBÂãÒÂ³cbãsC“ƒ##c’Â#’ã3ScCƒS“"ÂãÒÂ³cbãsc““““ƒs3bÂ#’ã3ƒcS“““““c“c2ÂãÒÂ³cbãs3ƒƒ“““““ƒS‚Â#’ã3“c““““ƒ3rÂãÒÂ³cbãc“C““““ƒ##crÂ#’ã3SƒC“#3C‚ÂãÒÂ³cbãc“3cSRÂ#’ã#“ƒ#“““““ƒCSC"ÂãÒÂ³cbãcs#“ƒ““““ƒƒƒcÂ#’ã3cc“““““cS3rÂãÒÂ³cbãccs3C3“"Â#’ã#cC“3C“S‚ÂãÒÂ³cbãcCs3s#SC‚Â#’ã#SS““““““ƒ##BÂãÒÂ³cbãcSƒSs“““““csbÂ#’ã3#Cc#ƒ“CbÂãÒÂ³cbãc33SSC3##RÂ#’ã3#Sss“““““Csƒ‚ÂãÒÂ³cbãc“3ƒƒsÂ#’ã#S3#c““““ƒc“‚ÂãÒÂ³cbãc3cƒCcS“2Â#’ã#SSScbÂãÒÂ³cbãccsc#CbÂ#’ã#Cc““““cCƒ3RÂãÒÂ³cbãc#cC3“““““cRÂ#’ãƒSc33#BÂãÒÂ³cbãc“c3S3‚Â#’ãc#c“““““cS3cbÂãÒÂ³cbãc#““C33‚Â#’ãSc““““Scƒ’ÂãÒÂ³cbãc#S““““sc“#Â#’ãƒ3SC“““““3#SƒbÂãÒÂ³cbãc#sCCSS“bÂ#’ãs#ƒs““““ƒ#ƒrÂãÒÂ³cbãc#S#C““““ƒƒscÂ#’ãc3#s““““Ss#3ƒrÂãÒÂ³cbãSsc3S“““““C2Â#’ãƒ““3ƒƒ#rÂãÒÂ³cbãSscS3Cs#’Â#‚ã“ƒ3CS““““Ss“3“RÂãÒÂ³cbãSS““““““ƒcSrÂ#‚ã“sc#““““csCsrÂãÒÂ³cbãScs####’Â#’ã33s#c3ƒ‚ÂãÒÂ³cbãSSC“““““c332Â#’ãC“#3ƒssCRÂãÒÂ³cbãSc3C3“sBÂ#’ãcSC#sƒBÂãÒÂ³cbãSƒC““““c#ƒRÂ#’ãCƒsƒ““““SSƒƒ“"ÂãÒÂ³cbãSƒƒ“cC‚Â#’ãsSCs#RÂãÒÂ³cbãSc3ƒsC#BÂ#’ãc“3#““““ss“sÂãÒÂ³cbãScc“#S33‚Â#’ã“cccSƒ“"ÂãÒÂ³cbãSSC#““ƒ"Â#’ãƒ“s“““““#sÂãÒÂ³cbãSs##““““cCƒrÂ#’ãc#c#C#sCBÂãÒÂ³cbãSƒ“ƒC“bÂ#’ãc3c“#“33C2ÂãÒÂ³cbãS““S““““cC3rÂ#’ã“3C““““s#scbÂãÒÂ³cbãc#cc““““ƒ#rÂ#’ã##cC“3‚ÂãÒÂ³cbãS“cS“““““s“#Â#’ã#Cƒ3c““““SsSƒSrÂãÒÂ³cbãc“#“““““32Â#’ã#ccs##3ƒrÂãÒÂ³cbãcSsC““““sc#s2Â#’ã3CC3S“s“rÂãÒÂ³cbãSƒC#“““““S3bÂ#’ã3CC“““““#c#"ÂãÒÂ³cbãSs#sc““““ƒ3ScbÂ#’ã3#cƒc#ƒƒƒ3"ÂãÒÂ³cbãSS“CcCRÂ#’ã#ƒ##c““““ƒccbÂãÒÂ³cbãS#“cƒ““““s“3s2Â#’ãcs“““““sCcsrÂãÒÂ³cbãSCsSc“BÂ#’ã3“Sc““““SSSƒsBÂãÒÂ³cbãS3ScS““““““Â#’ã3S“““““cCcbÂãÒÂ³cbãS“ƒ3SCCbÂ#’ã33“““““c3RÂãÒÂ³cbãSsc33#C#’Â#’ã“sS““““sƒcs#2ÂãÒÂ³cbãSc##“rÂ#’ã“CS““CbÂãÒÂ³cbãS3sc#3“‚Â#’ãcsc““““ƒƒc2ÂãÒÂ³cbãCs“ƒsRÂ#’ãcSƒ““““c#ƒƒ2ÂãÒÂ³cbãCcCS““““SƒC3RÂ#’ã3S3“3Cƒ#ƒbÂãÒÂ³cbãCsƒSs“““““csRÂ#‚ã“sƒS#““““sS“sS‚ÂãÒÂ³cbãS3ƒC“““““#cÂ#‚ã“ƒ3sS“““““#C3"ÂãÒÂ³cbãS“““““SSƒ3’Â#‚ãƒcc““cCƒ"ÂãÒÂ³cbãScƒƒ“RÂ#‚ãƒSCs“Cc‚ÂãÒÂ³cbãCƒ3ƒs““““sc##"Â#‚ãƒ3c““““sscsBÂãÒÂ³cbãS#“C33#BÂ#‚ãƒ3#3#3cssbÂãÒÂ³cbãSCCƒ““““ƒc3cBÂ#‚ãƒS3#C#S“3bÂãÒÂ³cbãSƒ#““““““CSÂ#‚ã“C“ƒS3rÂãÒÂ³cbãc#S““““sc“#Â#‚ã“SC3##csƒC"ÂãÒÂ³cbãc##sCS“BÂ#‚ã““s##““““ccCs“bÂãÒÂ³cbãcSƒ““““cS3‚Â#’ã3#CSÂãÒÂ³cbãcS3cssCRÂ#‚ã“ƒƒCS“““““#“’ÂãÒÂ³cbãc3“C““““c“#sbÂ#‚ã“Sƒ““““c3ƒCrÂãÒÂ³cbãc“3#““““Ss“ƒrÂ#‚ãƒsƒcs““““cƒ##srÂãÒÂ³cbãc33s“““““3s‚Â#‚ãƒƒ#S“““““c“#ƒRÂãÒÂ³cbãcCsS#ƒc32Â#‚ãƒ#ƒSs““““ccs#ƒBÂãÒÂ³cbãc3C“3#“CÂ#‚ãsc“3ƒCsC"ÂãÒÂ³cbãSS#““““““S2Â#‚ãs#c“““““sS#CRÂãÒÂ³cbãS3C“““““sSrÂ#‚ãcƒcs#““““ƒƒ“c"ÂãÒÂ³cbãSSCƒ#3C#srÂ#‚ãcs3C#33#sƒ2ÂãÒÂ³cbãS33SCs“BÂ#‚ãcS“s3“““““RÂãÒÂ³cbãSCss““““sCs#2Â#‚ãc#“ssƒSRÂãÒÂ³cbãS#ƒsƒ“c“bÂ#‚ãc#ssC““““Sc#ƒcbÂãÒÂ³cbãS#cc““““SsƒbÂ#‚ãcS#C3““““cc3s"ÂãÒÂ³cbãS#cCC3SsBÂ#‚ãc“#ƒ“““““33S“BÂãÒÂ³cbãCƒC#3ƒRÂ#‚ãSƒ3“C““““S“#ƒCbÂãÒÂ³cbãCƒc3““““c3c3Â#‚ãScs3““““s#sBÂãÒÂ³cbãCSScRÂ#‚ãSsCc““““cCƒBÂãÒÂ³cbãCƒs#ƒs#"Â#‚ãc“cC“““““##c#RÂãÒÂ³cbãS“3““““c“c2Â#‚ãs#cs““““Sƒ#3RÂãÒÂ³cbãSSS##c3bÂ#‚ãsc33CCsƒRÂãÒÂ³cbãS3“S““““““CÂ#‚ãƒc#ƒ3ƒ#RÂãÒÂ³cbãSƒ3#“““““3CS‚Â#‚ãƒCc“3C33"ÂãÒÂ³cbãSƒsS““““cƒc‚Â#‚ã“#SS3“S2ÂãÒÂ³cbãScƒƒ“““““#3cÂ#‚ãƒs“ƒƒc“BÂãÒÂ³cbãSc#C#““““cCCƒRÂ#‚ãƒScƒ3““““scc#3rÂãÒÂ³cbãS3“#““““ƒC“cRÂ#‚ãƒCs“““““Ss3SRÂãÒÂ³cbãS3ƒcS““““sS“#bÂ#‚ãƒƒscsC‚ÂãÒÂ³cbãSC33#“CbÂ#‚ãƒ#c#“ƒ3CRÂãÒÂ³cbãCƒSS““““s“C#2Â#‚ãsccCƒ““““ƒ3rÂãÒÂ³cbãSƒƒƒCsBÂ#‚ãsƒ3Sc““““cSSƒÂãÒÂ³cbãSC#scC’Â#‚ãscS3““““ƒƒ’ÂãÒÂ³cbãCSs3“S#‚Â#‚ãs3CCc3#ƒs“RÂãÒÂ³cbã3“C##ƒ#ƒbÂ#‚ãc3s““““““#c2ÂãÒÂ³cbã3C“SC““““c3#ƒÂ#‚ãS“ƒCScsCƒrÂãÒÂ³cbã#sc#““““cƒC‚Â#‚ãCS#CC#SsBÂãÒÂ³cbã#ƒƒ##C#’Â#‚ãCs“ƒC“cRÂãÒÂ³cbã#“##S33s#‚Â#‚ã3“sƒ#““““sSCs"ÂãÒÂ³cbã#3ƒcƒ“““““C3SrÂ#‚ã3s“CS““““ss“#RÂãÒÂ³cbã#s“s““““““srÂ#‚ã3sCS#3“ssRÂãÒÂ³cbã3cC#CSƒ’Â#‚ã3ƒ“s333“#ƒBÂãÒÂ³cbã3sƒ““““S“33‚Â#‚ã3ssss““““cCs3bÂãÒÂ³cbã#ƒC“““““SSƒ3‚Â#‚ã3C33s““““cƒs#s"ÂãÒÂ³cbã#Scƒ#3’Â#‚ã3Ccc““““c3ƒSbÂãÒÂ³cbãSƒ3“““““ƒcBÂ#‚ã#ƒsCƒ““““sc3sRÂãÒÂ³cbã3C#3“#RÂ#‚ã#3“ƒC“3RÂãÒÂ³cbã#ƒ“3s3#rÂ#‚ã#C““““ƒccs2ÂãÒÂ³cbã“#sƒ““““SSƒƒrÂ#‚ãƒ““““ƒ#ccsBÂãÒÂ³cbãC3S#S#3BÂ#‚ãsS“CcCbÂãÒÂ³cbã#ƒ#““““SƒC’Â#‚ã“3S#““““s“scrÂãÒÂ³cbã#SC““““sƒ#sBÂ#‚ãcSs“““““SsBÂãÒÂ³cbãs#cƒ““BÂ#‚ãS“#““““ƒCccBÂãÒÂ³cbãCS“#s“rÂ#‚ãƒcs““““sƒ###‚ÂãÒÂ³cbãCcc#cƒƒ‚Â#‚ã“sƒs““““sc###"ÂãÒÂ³cbã#3ƒ333Â#‚ã““S3C##“‚ÂãÒÂ³cbã3ƒ#c““““ƒcc’Â#‚ãs#CC““““scssrÂãÒÂ³cbã#sƒC3"Â#‚ãSSS3““““cs3RÂãÒÂ³cbã#“33CSBÂ#‚ãsSS#Cs“"ÂãÒÂ³cRã“ƒ3ƒ#33bÂ#‚ã“3S““““cƒcs“bÂãÒÂ³cRã“s3SƒcC’Â#‚ã##SƒsSSRÂãÒÂ³cRã“CS3sCsRÂ#‚ã##s#C““““sƒssbÂãÒÂ³cRã“3ƒ“#““““““bÂ#‚ã#ƒSSƒcC3BÂãÒÂ³cbã#cƒ“““““ƒ3SrÂ#‚ãCSƒc“ƒ“rÂãÒÂ³cbãC3c““““s‚Â#‚ãCc#s““““ccc‚ÂãÒÂ³cbãƒ#C##s"Â#‚ã3c“““3ƒCCBÂãÒÂ³cbã#C3cSRÂ#‚ã3Sƒ“C3CsCBÂãÒÂ³cbãS“#C““““cƒss‚Â#‚ã3cC#ƒ3#‚ÂãÒÂ³cbãƒScs3s#rÂ#‚ã3S3c#BÂãÒÂ³cbã#SS““““s“C#Â#‚ãC#3sƒ“““““ƒS“2ÂãÒÂ³cbãSC““““sss’Â#‚ãC#C#““““cCCs“bÂãÒÂ³cbã#S#“3“C‚Â#‚ãCSsSS““““S“C3cbÂãÒÂ³cbãƒss““““ƒcs"Â#‚ãC“3#““““cCƒbÂãÒÂ³cbã“ScC3ƒSsrÂ#‚ãSCS“““““c“2ÂãÒÂ³cbã#3C#““““c“CsrÂ#‚ãCƒƒSssCƒbÂãÒÂ³cbã##“ƒc““’Â#‚ãCƒCƒC3cSsRÂãÒÂ³cbã##S#““““sS“s"Â#‚ãS#C“3““““cƒ#“BÂãÒÂ³cbã#3“““““ƒ‚Â#‚ãSCc#ƒƒc2ÂãÒÂ³cbã#SScCƒS“‚Â#‚ãS#c3“““““cc2ÂãÒÂ³cbã3“ƒ3C‚Â#‚ãSƒ“ƒsCbÂãÒÂ³cbã3#cS““““c“ƒ#’Â#‚ãc3“sc3#3ƒBÂãÒÂ³cbã3Ssƒ““““sƒ‚Â#‚ãcS“ƒ““““““332ÂãÒÂ³cbã#s3s#ss“RÂ#‚ãcSCSC““““sƒ#sbÂãÒÂ³cbã#sCCc2Â#‚ãc3ccC““““ƒ“scSbÂãÒÂ³cbã#ƒcC3S“s‚Â#‚ãc#ss3C3“#RÂãÒÂ³cbã#Sƒ##3sƒRÂ#‚ãc##CCCbÂãÒÂ³cbã#cƒƒc““““SSƒrÂ#‚ãcS“C3“C2ÂãÒÂ³cbã#Cs3s““““SƒsBÂ#‚ãSƒC“#““““ƒ“c‚ÂãÒÂ³cbã#3ƒc3ƒƒsbÂ#‚ãccCƒ“bÂãÒÂ³cbã#s“““““cS’Â#‚ãcƒ#ƒ“““““S3SsRÂãÒÂ³cbã3#sƒƒ3c‚Â#‚ãcsCcS“““““S“’ÂãÒÂ³cbã33Cc““““ƒ3cbÂ#‚ãs#ScCƒc2ÂãÒÂ³cbã3#“3““““Sƒ3bÂ#‚ãsC##““““ScCƒ“BÂãÒÂ³cbã33“C“2Â#‚ãs3ss““““sC##cBÂãÒÂ³cbã33ƒ““““ƒCƒcBÂ#‚ãsCs#3#sƒ#RÂãÒÂ³cbã#sC33C#“#RÂ#‚ãssƒC““““cssƒÂãÒÂ³cbã#Sƒ#C3sSs’Â#‚ãs#“ƒ““““cƒƒsƒ"ÂãÒÂ³cbã#c33“CCƒ#2Â#‚ãsc3ƒS“““““3“ƒbÂãÒÂ³cbã#ss#CCRÂ#‚ãss“““““““c3c2ÂãÒÂ³cbã3S#““““ƒC“crÂ#‚ãss3#“C33#3RÂãÒÂ³cbã3SS3#S2Â#‚ãsSc“3SCbÂãÒÂ³cbã3CcS““““s3cs‚Â#‚ãscsC“““““c#S32ÂãÒÂ³cbã3Css3““““ƒ"Â#‚ãssƒC“’ÂãÒÂ³cbã3S“ƒ““““s3ƒsRÂ#‚ãsƒƒ3““““ƒCcRÂãÒÂ³cbã3#sc““““ƒƒc"Â#‚ãƒ#3“““““sƒ#cbÂãÒÂ³cbã#“sCC“srÂ#‚ãƒCS#sCRÂãÒÂ³cbã3Sc#3’Â#‚ãƒ3##ƒ““““ƒƒ3cC"ÂãÒÂ³cbã3Cc3c““““SsSƒrÂ#‚ãƒ3###““““ƒCcs"ÂãÒÂ³cbã3sc#ƒ““““sƒ3rÂ#‚ãƒcSƒ“““““ƒSƒBÂãÒÂ³cbã3csƒ#“““““SCcÂ#‚ãƒs3c““““ssƒRÂãÒÂ³cbã#SSƒ##“#ƒ2Â#‚ãƒ#CS““““Ss“3bÂãÒÂ³cbã#cCƒ#SƒRÂ#‚ãƒCcC“““““SsS3rÂãÒÂ³cbã#“C#3#“‚Â#‚ãƒsc“““““ƒ“ccÂãÒÂ³cbã#sƒcS““““SS“CÂ#‚ãƒƒc#c““““ƒccCBÂãÒÂ³cbã3C#c“ƒ’Â#‚ãƒ“C#s““““c##32ÂãÒÂ³cbã3sSƒCcsRÂ#‚ã“ƒS““““sƒ“#BÂãÒÂ³cbã#“ƒcC3c"Â#‚ã““cc““““SsƒƒRÂãÒÂ³cbã#s#3“““““Sc3‚Â#‚ã“c“““““ƒ3cBÂãÒÂ³cbã#cSƒc““““ss‚Â#‚ã“Sc““““““SSÂãÒÂ³cbã3sC#332Â#’ã3Cs##ƒrÂãÒÂ³cbãC3ƒs““““Sc#3‚Â#’ãƒƒƒcƒƒ’ÂãÒÂ³cbãCƒS3s2Â#’ã#Cc“CBÂãÒÂ³cbã3ƒScƒ#3’Â#’ã“S““““s#cs2ÂãÒÂ³cbã3s“3ƒƒc“2Â#’ã3S“#““““ƒc“c2ÂãÒÂ³cbã3cc““““cc‚Â#’ãCC“#“c3bÂãÒÂ³cbã3ƒS#SƒsBÂ#’ã“#ƒC““““c#sƒÂãÒÂ³cbãC#CC3#CCBÂ#’ã“cƒ#C#“cBÂãÒÂ³cbãC3sc3#CCBÂ#’ã##““““““S3RÂãÒÂ³cbãCCƒC“3S"Â#’ã#S3C““““c#ƒCRÂãÒÂ³cbãCSƒS““““ƒ3cc‚Â#’ã#S“3c“CsrÂãÒÂ³cbãCcS2Â#’ã#ƒ#s3cc#RÂãÒÂ³cbãC3ƒ#C“““““3sc2Â#’ã#sC##S#““"ÂãÒÂ³cbãCSC3““C2Â#’ã3###ƒ“““““ƒ3S‚ÂãÒÂ³cbãCccS““““ƒS“‚Â#’ã#ƒcCs““““sS##bÂãÒÂ³cbãCC#ƒCcs"Â#’ã3s““c““““sSsBÂãÒÂ³cbãCƒ##S3sCrÂ#’ãC3c#c#“RÂãÒÂ³cbãCƒS#“““““Cc"Â#’ã3“3CC“““““scrÂãÒÂ³cbãS3#C##Sƒ’Â#’ãCSs#“C33#BÂãÒÂ³cbãScC3““““cc3bÂ#’ãC“#ƒC“““““#scBÂãÒÂ³cbãCƒcsC3Ss‚Â#’ãSƒ3ƒ3sBÂãÒÂ³cbãCs“sƒCrÂ#’ãCƒ#SC““““sƒ#c’ÂãÒÂ³cbãCsSs##ssƒrÂ#’ãS#S“““““C“bÂãÒÂ³cbãC“ƒ33SC2Â#’ãS#S##C3s2ÂãÒÂ³cbãScSs““““ScsBÂ#’ãSƒ“ƒ#sÂãÒÂ³cbãSS33#“CbÂ#’ãS#ƒcƒ““cbÂãÒÂ³cbãSS“3““““s3#RÂ#’ãSC3c#3“ƒRÂãÒÂ³cbãS3c#S““““c““#rÂ#’ãS3ƒsScRÂãÒÂ³cbãS#CCS““““c#“3bÂ#’ãSc3ƒ““““c3ƒRÂãÒÂ³cbãS#Ssc““““sƒSs"Â#’ãcs“#““““sc“s2ÂãÒÂ³cbãSSSc#3c#ƒÂ#’ãc“#ƒs“rÂãÒÂ³cbãSScƒc“bÂ#’ãSSƒcCC3Ss2ÂãÒÂ³cbãSss“S3“##bÂ#’ãcsC““““ƒ33SRÂãÒÂ³cbãc#CSs““““ScsBÂ#’ãcCS“ƒ““““c3ƒ‚ÂãÒÂ³cbãcs#““““ƒCrÂ#’ãcSc3“““““CcsBÂãÒÂ³cbãcC3SS#3#3‚Â#’ãsƒC“C3#3RÂãÒÂ³cbãcs““““c#33"Â#’ãƒƒ3#““““ƒ#“rÂãÒÂ³cbãcSs3S3Â#’ãƒS#“cƒSBÂãÒÂ³cbãcsSC““““sƒ#sBÂ#’ã“ƒ“ƒ#c“sBÂãÒÂ³cbãccƒ“c““““scSsRÂ#’ã““ƒƒ““““c#3ƒ"ÂãÒÂ³cbãc3S““““ƒ“rÂ#’ã“#sƒ“c“2ÂãÒÂ³cbãs#s3C“RÂ3ãcƒCcS“3rÂãÒÂ³cbãs#ƒ““““ƒ3ƒbÂ3ãSc““““cSƒBÂãÒÂ³cbãssss““““cCs3RÂ3ã3“C““““““#S2ÂãÒÂ³cbãc“CCS#cs3RÂ3ãCs3““““s#RÂãÒÂ³cbãsƒ3s““““c3s3"Â3ã3C““““cSs‚ÂãÒÂ³cbãs3csS3#32Â3ã3c3SS#CCrÂãÒÂ³cbãsCcc“““““SbÂ3ãsC3#““““s#“scBÂãÒÂ³cbãƒ#scs3“"Â3ã#C“#3Cƒƒ‚ÂãÒÂ³cbãƒ#cSSƒ#C‚Â3ã33C“ƒƒbÂãÒÂ³cbã“##C#sSƒBÂ3ã3““3“c#sRÂãÒÂ³crãsƒC3#Â3ãC3“C3“““““ScrÂãÒÂ³crãCC“C3#2Â3ãCsc““““s#3#3RÂãÒÂ³crã3ƒ“c““““ScS’Â3ãC“c#s““““c##3CRÂãÒÂ³crãS“s““““ƒSs‚Â3ãScC““““Sƒ33ƒbÂãÒÂ³crãSƒ““ƒƒRÂ3ãCƒƒ3c“““““sSS’ÂãÒÂ³crãC33““““ƒScc‚Â3ãS#ss““““c“s#s2ÂãÒÂ³crã3CCc#“BÂ3ãcsS3“S3‚ÂãÒÂ³crã#“c#33’Â3ãcsc““““cƒs’ÂãÒÂ³crã#C“s##ssƒ"Â3ãcCc3ƒ““““ƒ“ƒcCRÂãÒÂ³crã3S“s333“3Â3ãs#3S“““““CÂãÒÂ³crãC3Sƒ““““s3s’Â3ãsccc““““s#sRÂãÒÂ³crãSSS““““ƒ“C2Â3ãscS3“SC2ÂãÒÂ³crãSSƒCs““““ƒS#‚Â3ãsccC““““sƒ3#BÂãÒÂ³crãSƒcs3cc#‚Â3ãsƒs““““cƒ#bÂãÒÂ³crãS“3““““““Â3ãƒsC3Ss’ÂãÒÂ³crãc#cƒ““““sS3s2Â3ãƒSc“““““sSS##bÂãÒÂ³crãcc3ƒcC3ƒs"Â3ãƒCC#CsS“CBÂãÒÂ³crãcsSSC3s‚Â3ãƒc3#C“““““ƒsSCRÂãÒÂ³crãs#3#“““““#“cBÂ3ãƒcc###“ƒcrÂãÒÂ³crãs“S3“##‚Â3ãƒ“CS#“““““S“SbÂãÒÂ³crãs#3“ƒC“2Â3ãƒ“CcS“sRÂãÒÂ³crãsC33“CsBÂ3ãƒSƒsS##CÂãÒÂ³crãsSCS#““““ƒS“cBÂ3ã“#“c““““ScSƒbÂãÒÂ³crãsc3C“#c33RÂ3ã“3cƒ“CbÂãÒÂ³crãscC““cRÂ3ãƒƒCC“““““csS“RÂãÒÂ³crãsscƒS““““ƒƒ“RÂ3ãƒs“c“““““SSS3ƒRÂãÒÂ³crãsS#SS#ƒ#32Â3ãƒSS3Ss3BÂãÒÂ³crãsSƒ3c#3ƒ‚Â3ãƒC#3“““““ƒcc2ÂãÒÂ³crãƒS“sS#c#3RÂ3ãƒs#ƒS##sC"ÂãÒÂ³c‚ã###“c3sC‚Â3ãƒƒ“CSƒcc3CS#sS2ÂãÒÂ³crã“““##3RÂ3ãƒ##““““ƒ““cRÂãÕÒÂµ³crãƒ“S#Ss32Â3ãƒS““““s#cscrÂãÒÂ³crãƒ3C3c#rÂ3ãƒ3Sƒ#cƒrÂãÒÂ³crãƒ#3S##CÂ3ãƒ3ƒc33ƒƒ"ÂãÒÂ³crãƒ“S#Ss32Â3ãƒS““““s#cscrÂãÕÒÂµ³crãsSSƒ#ccƒBÂ3ãs“sSS““““S“C3BÂãÒÂ³crãs#3ƒ#Scƒ’Â3ãssCbÂãÒÂ³crãs“s“Cƒ#BÂ3ãsCs3c“““““#SS‚ÂãÒÂ³crãsCSƒ#“#“Â3ãsC“3““““s#CrÂãÒÂ³crãscs#C’Â3ãscCcCC3SsCrÂãÒÂ³crãsC“ƒƒ3csrÂ3ãscƒ““““ƒ#3“bÂãÒÂ³crãsSSƒ#ccƒBÂ3ãs“sSS““““S“C3BÂãÕÒÂµ³crãƒC3s#““““ƒ3“rÂ3ãsss###sƒrÂãÒÂ³crãƒCSƒSc“"Â3ãs“C“C““““sC#sSRÂãÒÂ³crãƒ3s“S3“##RÂ3ãs“c3““C"ÂãÒÂ³crãƒ3CsS3#3BÂ3ãsƒSC““““c3#ƒ2ÂãÒÂ³crãƒC3s#““““ƒ3“rÂ3ãsss###sƒrÂãÕÒÂµ³crãsSs3C“CbÂ3ãsC“““““Ss33c2ÂãÒÂ³crãs3cc#“““““sCS‚Â3ãs3c##c#ƒcRÂãÒÂ³crãs3#ƒs““““s##‚Â3ãs“Cƒ““““Sc3ƒSrÂãÒÂ³crãscsƒ#“cƒRÂ3ãs3sC3“CC#"ÂãÒÂ³crãsSs3C“CbÂ3ãsC“““““Ss33c2ÂãÕÒÂµ³crãcC3C“““““S#bÂ3ãsS““CC3s2ÂãÒÂ³crãcSƒc““““ƒ3"Â3ãsc#“““ƒ‚ÂãÒÂ³crãcƒcCƒS’Â3ãssCs3“#sbÂãÒÂ³crãcSƒ““““Scƒ“Â3ãscƒƒ““““Scƒ“BÂãÒÂ³crãcC3C“““““S#bÂ3ãsS““CC3s2ÂãÕÒÂµ³crã3cS3#ƒ"Â3ãcS#sCS‚ÂãÒÂ³crã3s““““ƒc’Â3ãcC3cS““““““"ÂãÒÂ³crã3sCc3S3Â3ãcC“Cc““““ƒCcsbÂãÒÂ³crã3cS3#ƒ"Â3ãcS#sCS‚ÂãÕÒÂµ³cbãƒSc““““S“SƒrÂ3ã#SC“#Ss“3‚ÂãÒÂ³cbãƒ#Ss“““““cs3"Â3ã#SCS““““c“ƒ#’ÂãÒÂ³cbãƒ#SC’Â3ã#c#c““““ScƒsbÂãÒÂ³cbãƒSc““““S“SƒrÂ3ã#SC“#Ss“3‚ÂãÕÒÂµ³cbãƒ“C““““c“#‚Â3ã##3c#c#“S2ÂãÒÂ³cbãƒC3ƒ““““S“ƒƒbÂ3ã#3s#““““sƒ“s2ÂãÒÂ³cbãƒCS###CÂ3ã#Ccc““““sssRÂãÒÂ³cbãƒC3C““““sS#s2Â3ã#3Ss3“S#rÂãÒÂ³cbãƒ“C““““c“#‚Â3ã##3c#c#“S2ÂãÕÒÂµ³cbã“ƒ“““““ƒS’Â3ã#3c#C#sSƒrÂãÒÂ³cbãƒSS#ƒ#sƒ‚Â3ã####““““ƒ“c‚ÂãÒÂ³cbãƒƒS““““S“ƒ32Â3ãsss3SCc"ÂãÒÂ³cbãƒ#ƒs3Cƒ"Â3ãcƒc33sC#cBÂãÒÂ³cbãsƒssc#CBÂ3ãƒsSC#sƒRÂãÒÂ³cbãƒcSC#"Â3ãcs#““““c3Cƒ#bÂãÒÂ³cbãssC“S3C’Â3ã3c“““““ccrÂãÒÂ³cbãsƒƒ“““““SƒS3’Â#’ã“ƒ3#3‚ÂãÒÂ³cbãsCcc“““““cS3rÂ#’ã“sCs“C2ÂãÒÂ³cbãsc“sƒ““““cƒƒbÂ#’ã“ccs3“““““SsBÂãÒÂ³cbãsc3“““““c"Â#’ã“3“3“““““ƒ“‚ÂãÒÂ³cbãƒ33S“““““cCrÂ#’ã“S3Sƒ““““csƒs“‚ÂãÒÂ³cbãƒ##““““scCsbÂ#’ã“C3#S“““““C“s‚ÂãÒÂ³cbãƒC3#3“““““#c‚Â#’ã“3S““““s3C#rÂãÒÂ³cbãƒSsSSsC‚Â#’ã“cCsc3s3sS‚ÂãÒÂ³cbãƒƒ3““““ƒƒƒRÂ#’ã“ƒCS3cC#BÂãÒÂ³cbãƒ“ƒc“““““ƒS#"Â#’ã“c3sC“ƒBÂãÒÂ³cbã“c###ƒ‚Â#’ã“3“ƒ“#3CSRÂãÒÂ³cbãƒƒSƒ#““““ƒSCcRÂ#’ã“#3S“#sƒ3S"ÂãÒÂ³cbã“ƒ“S“““““CBÂ#’ã“#“C“““““C#c"ÂãÒÂ³cbã“C3ƒ3sÂ#’ãƒs3##C#sBÂãÒÂ³cbã“#C3““““cc3BÂ#’ãƒSƒ““““ƒC3c‚ÂãÒÂ³cbã“#Ss““““Scs3bÂ#’ãƒC#CC““““ccss“"ÂãÒÂ³cbã“#S3“““““sbÂ#’ãƒ#sc3s3sS2ÂãÒÂ³cbã“Ccs#““““cƒ“ƒÂ#’ãƒ3S““33ƒ32ÂãÒÂ³cbã“CSSs““““ss#rÂ#’ãƒ#3“““““Sƒ3c‚ÂãÒÂ³cbã“3#sC#SƒrÂ#’ãƒCCS““““c#“32ÂãÒÂ³cbã“##C#sSƒrÂ#’ãs“CS33c#ƒ‚ÂãÒÂ³cbã“###3Â#’ãsƒ#SS““““cCC3"ÂãÒÂ³cbã““ssƒSBÂ#’ãs“#3#cƒ2ÂãÒÂ³cbã“ƒsS#C’Â#’ãssc“33Cƒ"ÂãÒÂ³cbã“sc3C#C#RÂ#’ãsc#“““““““cScbÂãÒÂ³cbãƒ“3ƒ““““S“33RÂ#’ãss#ƒ#““““sCsSBÂãÒÂ³cbãƒƒ3ƒ“3#332Â#’ãs#ƒS“““““c“#’ÂãÒÂ³cbãƒcS“s“““““ssrÂ#’ãs#ss““““sC##s2ÂãÒÂ³cbãƒSƒƒs“““““#"Â#’ãsc3c““““ssSsCRÂãÒÂ³cbãƒcSC#"Â#’ãccC3““““ƒScSrÂãÒÂ³cbãƒ3S3S##’Â#’ãccƒ““““ScƒƒbÂãÒÂ³cbãƒCsCS"Â#’ãc3CsCCS#3‚ÂãÒÂ³cbãsƒc33sC#’Â#’ãc3ƒ3c33ƒÂãÒÂ³cbãsCƒ#S““““S““3‚Â#’ãc#““““ƒ“cRÂãÒÂ³cbãscSC#BÂ#’ãS3#3S“““““C“"ÂãÒÂ³cbãs#Ss“““““ƒsbÂ#’ãC“sS3#CƒbÂãÒÂ³cbãs3CC#SSƒRÂ#’ãSsC““““SsƒRÂãÒÂ³cbãcƒSC##3#ƒRÂ#’ãCS“#““““s3CsS2ÂãÒÂ³cbãcCƒ3S“““““C2Â#’ãC3Cƒ#BÂãÒÂ³cbãccC“c““““ccS‚Â#’ã3ƒcS“““““c“3BÂãÒÂ³cbãcƒC“““““cS3BÂ#’ã3“3““““““cS"ÂãÒÂ³cbãcsƒSsSSRÂ#’ãCƒcS““““ƒS“BÂãÒÂ³cbãc“#3c3“‚Â#’ãC#3““““scƒ##BÂãÒÂ³cbãsƒCCCSsBÂ#’ãC3ƒs““““Sc#3rÂãÒÂ³cbãs#“SC#CBÂ#’ãC333ƒ“““““CƒSƒ‚ÂãÒÂ³cbãsCs3cc#‚Â#’ãC#ƒ#s3c#rÂãÒÂ³cbãsc3“““““cƒ’Â#’ãCSccƒ““c2ÂãÒÂ³cbãsS33““#‚Â#’ãC“ƒc3ƒ“SbÂãÒÂ³cbãsƒCcC3bÂ#’ãSSscCs"ÂãÒÂ³cbãƒc#“““““sCSRÂ#’ãSScSsBÂãÒÂ³cbãƒsSƒSssC’Â#’ãc#ƒƒƒ#ƒ“2ÂãÒÂ³cbãƒs“3““““c33Â#’ãc#C3sSsc‚ÂãÒÂ³cbãƒƒCcs““““ƒƒ#rÂ#’ãc###“s"ÂãÒÂ³cbãƒSƒ33#‚Â#’ãSƒC“c3CSbÂãÒÂ³cbãƒƒƒ3Scs‚Â#’ãS“csƒ““““sSƒsSRÂãÒÂ³cbã“3c3ƒƒ"Â#’ãc3#“c“““““cSSS2ÂãÒÂ³cbã“#S““““““s3Â#’ãcCsC“““““#bÂãÒÂ³cbã“S#CcBÂ#’ãcs#3S#S#3‚ÂãÒÂ³cbã“sc““““s3#‚Â#’ãcs3S““““ƒ3CƒBÂãÒÂ³cbã“s“ƒCCsBÂ#’ãc“s““““““c3rÂãÒÂ³cbã“s“#3cCC"Â#’ãs3sSC““““c3#ƒCrÂãÒÂ³cbã“CSsS3c#2Â#’ãs33“““““rÂãÒÂ³cbã“S#ƒ3“““““ccÂ#’ãs3S“CCc#ÂãÒÂ³cbã“ƒ“C““““sSssRÂ#’ãsS#“#cƒ3C"ÂãÒÂ³cbã““C3““““sc#"Â#’ãsƒ##c3c2ÂãÒÂ³cbã“s#CƒS#2Â#’ãƒ“cBÂãÒÂ³cbã“ƒc#““““cS33Â#’ãƒ##ƒ#c“2ÂãÒÂ³cbã“c#ƒƒC2Â#’ãƒ“C3“bÂãÒÂ³cbã“sƒcS3“s#BÂ#’ãƒCc#3“““““sc“"ÂãÒÂ³cbã“s#3s“s‚Â#’ãƒƒss3C3“#RÂãÒÂ³cbã“3Cc“#C33’Â#’ãƒ“#“3“Cc2ÂãÒÂ³cbã“CƒCc““““ƒ“c"Â#’ã“#“#Ss“S2ÂãÒÂ³cbã“33c“““““cRÂ#’ã“cƒ#““““““CS’ÂãÒÂ³cbãƒƒsc3#CC’Â#’ã““CsS##3srÂãÒÂ³cbãƒƒƒS“““““ƒ“"Â3ã3ƒƒCcS“’ÂãÒÂ³cbãƒ3S#Sƒs3’Â#’ã“ƒƒC#cƒBÂãÒÂ³cbãƒs##c““““Sc’Â3ãC“Ss““““ƒsƒ2ÂãÒÂ³cbã“cC3cBÂ3ãsƒ“““““ƒbÂãÒÂ³cbã“C“cS““““““Â3ãscƒC“““““#sSƒ2ÂãÒÂ³cbã“CC“““““ƒSƒBÂ3ã““ƒ3““““ƒcc2ÂãÒÂ³cbãƒ“3“3““““s3#2Â3ã““3C“““““#cC2ÂãÒÂ³cbãƒC““““cƒbÂ3ãs#3““C’ÂãÒÂ³cbãƒ3sc““““Sƒƒ‚Â3ãƒS3CCCs3‚ÂãÒÂ³cbãƒƒ3“333RÂ3ã“#s““““ƒs#c2ÂãÒÂ³cbã“Scs3“““““S‚Â3ã##C#3“““““scs‚ÂãÒÂ³cbã“ƒ“““““ƒS’Â3ã#3c#C#sSƒrÂãÕÒÂµ³cbã“C#C#S“bÂ3ãcƒ3“““““ƒcc"ÂãÒÂ³cbã“cSCC““““csƒ"Â3ãsCƒ#C3"ÂãÒÂ³cbã“c3ss“““““Cs"Â3ãƒ3C#““““S“CƒBÂãÒÂ³cbã“3cCc#“bÂ3ãƒ3CCSS“ƒrÂãÒÂ³cbã“C#C#S“bÂ3ãcƒ3“““““ƒcc"ÂãÕÒÂµ³cbã“Ss“S““““SSCC"Â3ãS##C““““s3ssBÂãÒÂ³cbã“ssƒCc“2Â3ãSsC““““ƒ#c“RÂãÒÂ³cbã“3““ƒ3’Â3ã#C#ƒ“““““ƒ3S‚ÂãÒÂ³cbã“cƒ#3“#s‚Â3ã33#“““““““SRÂãÒÂ³cbã“Ss“S““““SSCC"Â3ãS##C““““s3ssBÂãÕÒÂµ³cbã“##CƒS“RÂ#’ãc#ƒ33““““S“332ÂãÒÂ³cbã“Ss#3ƒssbÂ#’ãcCƒ#CC#sbÂãÒÂ³cbã“SsC““““ƒ33‚Â#’ãcC“c“c"ÂãÒÂ³cbã“##CƒS“RÂ#’ãc#ƒ33““““S“332ÂãÕÒÂµ³cbãc3S““““c3cƒBÂ#’ã3ƒccƒ3“sbÂãÒÂ³cbãcs3c#c3ƒ2Â#’ã3ƒcC“““““SsS3“"ÂãÒÂ³cbãcƒsƒ“c“’Â#’ã3ƒ“““““sƒ#bÂãÒÂ³cbãc3S““““c3cƒBÂ#’ã3ƒccƒ3“sbÂãÕÒÂµ³cbãScsc““““sc3#"Â#’ã3ƒ3#ƒsƒƒrÂãÒÂ³cbãScsƒC““““Sss’Â#’ãC“c““““ScSƒbÂãÒÂ³cbãSc#““#ƒƒ3"Â#’ã3ƒCsc““““ƒ3ScrÂãÒÂ³cbãScsc““““sc3#"Â#’ã3ƒ3#ƒsƒƒrÂãÕÒÂµ³cbãS3“sCÂ#’ã3“CsSbÂãÒÂ³cbãSSsC““““ƒs#cRÂ#’ãCƒ#c#“ƒƒÂãÒÂ³cbãSSsSS““““ƒ“C"Â#’ãC“##s“ƒ2ÂãÒÂ³cbãS3“sCÂ#’ã3“CsSbÂãÕÒÂµ³cbãccS“#ƒS"Â#’ã3“s#C##S“bÂãÒÂ³cbãc3#C“““““csS2Â#’ãC3ƒ#3“#ssRÂãÒÂ³cbãcSs####“2Â#’ãCS3“s#SCbÂãÒÂ³cbãc“3s“Cƒ#2Â#’ãSS#Cs“CcbÂãÒÂ³cbãcsCSC3#‚Â#’ãSS“c““““sc3#C2ÂãÒÂ³cbãcƒ#S3ƒs#RÂ#’ãSƒ#sc#s3ƒ#"ÂãÒÂ³cbãs““C3“““““ScbÂ#’ãƒ#3“““““sc’ÂãÒÂ³cbãssS“S3“##BÂ#’ãs“ssc#C#rÂãÒÂ³cbãs#““ƒC“rÂ#’ãƒ#Sc““““sSsSBÂãÒÂ³cbãcƒ“3ƒ““““ƒCƒc’Â#’ãƒ#c““““sSs#BÂãÒÂ³cbãcsƒ#““““S“ƒBÂ#’ãss#Cs““““sS##RÂãÒÂ³cbãc“3ƒC““““Sssƒ‚Â#’ãs3“c““““sc3#RÂãÒÂ³cbãcƒ#3##ƒ2Â#’ãs###““““sƒCc“RÂãÒÂ³cbãcƒcƒ#cƒ’Â#’ãs#“3“CSrÂãÒÂ³cbãcS33““““sScsBÂ#’ãcƒscBÂãÒÂ³cbãc3S“c““““cSƒBÂ#’ãcS3SC##bÂãÒÂ³cbãcSCS3s3Â#’ãcƒcC““““ƒ“sc3bÂãÒÂ³cbãcCƒ““““Sƒ’Â#’ãSs“#s““““ƒs#C"ÂãÒÂ³cbãS“33s#SCRÂ#’ãScs3s““““cƒs#bÂãÒÂ³cbãc3“cS3“bÂ#’ãS3sS““““““ÂãÒÂ³cbãSsCSsSRÂ#’ãC““cƒ““““c“3srÂãÒÂ³cbãS“#ƒ“““““C3"Â#’ãSc“#““““““c3RÂãÒÂ³cbãSs“cCRÂ#’ãCSC3““““scscbÂãÒÂ³cbãS“C“cƒCRÂ#’ãCC“3““““““ÂãÒÂ³cbãS“CCC““““ScsƒrÂ#’ãC#S““““ƒ““SBÂãÒÂ³cbãccS“#ƒS"Â#’ã3“s#C##S“bÂãÕÒÂµ³cbãcƒ#ss““““ƒ“sRÂ#’ãƒ3s#cCCƒs3rÂãÒÂ³cbãcss“S“#C"Â#’ãƒCc3ƒ3c“CbÂãÒÂ³cbãcs3S#““““c“ƒRÂ#’ãƒ3scc“cbÂãÒÂ³cbãcƒ#ss““““ƒ“sRÂ#’ãƒ3s#cCCƒs3rÂãÕÒÂµ³cbãsƒC#RÂ#’ãƒC“““““Sƒ3BÂãÒÂ³cbãs3“““““ccS32Â#’ãƒc“““““ƒƒ3BÂãÒÂ³cbãscs#C“"Â#’ãƒƒCCs#“3"ÂãÒÂ³cbãsCS“ƒCBÂ#’ã““s““““ccƒ3rÂãÒÂ³cbãs3c3#““““ƒ#“rÂ#’ã“S““““““ƒSƒ2ÂãÒÂ³cbãsC“SCC##2Â#’ã“3###“3"ÂãÒÂ³cbãs#c#C’Â#’ã“cC““““““sS“rÂãÒÂ³cbãc“##3CC#rÂ#’ãƒƒSsc“““““ƒSSBÂãÒÂ³cbãs333CSÂ#’ãƒssSc#C’ÂãÒÂ³cbãsƒC#RÂ#’ãƒC“““““Sƒ3BÂãÕÒÂµ³cbãcssCƒ“‚Â#’ãƒ“S#“““““c“S#ƒ2ÂãÒÂ³cbãcc#Sc““““cSƒbÂ#’ãƒƒ#“S“““““C2ÂãÒÂ³cbãccC3““““cSc2Â#’ãƒCccS““““SS“3“"ÂãÒÂ³cbãcss“““““ƒs2Â#’ãƒSSCs““““ƒ#ƒRÂãÒÂ³cbãcssCƒ“‚Â#’ãƒ“S#“““““c“S#ƒ2ÂãÕÒÂµ³cbãsCS33““““ƒC‚Â#’ã““ƒs#S3c‚ÂãÒÂ³cbãs#Scs““““s3##‚Â#’ã“ƒ3S#Ss3‚ÂãÒÂ³cbãs#CS#““““sS“sBÂ#’ã“sSSC““““s3#ssrÂãÒÂ³cbãs3c3c33ƒ"Â#’ã“sƒc#““““csCƒÂãÒÂ³cbãsCS33““““ƒC‚Â#’ã““ƒs#S3c‚ÂãÕÒÂµ³cbãS#cSc#C3ƒ‚Â#’ã3CCC“““““csScRÂãÒÂ³cbãS3ƒC#S“"Â#’ã33cS““““s“#ƒ"ÂãÒÂ³cbãS##“SC#C2Â#’ã3CCs#bÂãÒÂ³cbãS#S“ƒSBÂ#’ã#ƒ“cs#s3RÂãÒÂ³cbãS3s““““ccƒ2Â#’ã#ƒs“#ƒ3’ÂãÒÂ³cbãC“c3SS#CbÂ#’ã#33ƒs““““Sc#3bÂãÒÂ³cbãS3c#3““““csc2Â#’ã#ccƒS#sCsrÂãÒÂ³cbãScƒ3S““““sC#’Â#’ã3SC“#c33c‚ÂãÒÂ³cbãSCCƒsSCrÂ#’ã3CS#“3333rÂãÒÂ³cbãS#cSc#C3ƒ‚Â#’ã3CCC“““““csScRÂãÕÒÂµ³cbãCss#C##Sƒ’Â#’ã#“Sƒ““““ssƒc’ÂãÒÂ³cbãC3ƒS3#S“32Â#’ãs#“““““S“S3c"ÂãÒÂ³cbãCCc#““““cS32Â#’ã3CCC“““““csSS‚ÂãÒÂ³cbãCc3“““““sCcsbÂ#’ãC“3#Css2ÂãÒÂ³cbãCss#C##Sƒ’Â#’ã#“Sƒ““““ssƒc’ÂãÕÒÂµ³cbãCs33c““““ƒ#SrÂ#’ãc#sccSÂãÒÂ³cbãCƒ““““““Sƒ‚Â#’ãcS#““““c“ƒSBÂãÒÂ³cbãCssss“““““CsrÂ#’ãccsS““““ssC#2ÂãÒÂ³cbãCs33c““““ƒ#SrÂ#’ãc#sccSÂãÕÒÂµ³cbãC#sC#’Â#’ãC“3“S2ÂãÒÂ³cbãC3C““““ƒs#crÂ#’ãS““““““cS’ÂãÒÂ³cbãC33ƒs““““ƒc#BÂ#’ãc3ƒ33cs’ÂãÒÂ³cbãC#sC#’Â#’ãC“3“S2ÂãÕÒÂµ³cbãCSƒS3###’Â#’ãƒ#S“““““““c2ÂãÒÂ³cbãCc3ƒ““““s3sRÂ#’ã“S##“sƒ2ÂãÒÂ³cbãCs“#““““ƒ3"Â#’ãs““3ƒCC2ÂãÒÂ³cbãCSƒS3###’Â#’ãƒ#S“““““““c2ÂãÕÒÂµ³cbãC#cƒ“3s3#RÂ#’ã“S““““s#cs2ÂãÒÂ³cbãCƒs“““““c#3"Â#’ãƒsc““33’ÂãÒÂ³cbãC#sƒ#“#“’Â#’ãƒsƒS“““““3“ÂãÒÂ³cbãC#cƒ“3s3#RÂ#’ã“S““““s#cs2ÂãÕÒÂµ³cbãCCƒƒ“““““C3Â#’ãS“##s“ƒbÂãÒÂ³cbãCSScS““““s“#rÂ#’ãSc#““““sƒCrÂãÒÂ³cbãCc##ƒ““““cƒ3s‚Â#’ãc#SRÂãÒÂ³cbãCCƒƒ“““““C3Â#’ãS“##s“ƒbÂãÕÒÂµ³cbã3ƒs3““““““c2Â#‚ã“SS“““““ƒC“rÂãÒÂ³cbãC3#C“““““ƒsSbÂ#‚ã“ƒs““““““#sBÂãÒÂ³cbãCc#c3sCSÂ#‚ã“Sc#C##sÂãÒÂ³cbãCCS#““““sC“s"Â#’ã#c3c33sƒrÂãÒÂ³cbãCSC3ƒ““““S“ƒƒRÂ#’ãCs““““ss3##rÂãÒÂ³cbãC#C“““““#cBÂ#’ã#s“ƒS3bÂãÒÂ³cbã3““##s’Â#‚ã“sscC““““cCsƒ3‚ÂãÒÂ³cbãCcs““““s3##rÂ#‚ã“cs“““““c#3RÂãÒÂ³cbã3ƒs3““““““c2Â#‚ã“SS“““““ƒC“rÂãÕÒÂµ³cbãC33s#ƒ3BÂ#‚ãƒsScS““““ƒ“#bÂãÒÂ³cbã3sS#3“““““#c"Â#‚ãƒCsCS““““ss“#3"ÂãÒÂ³cbã3C“cC““““sCss2Â#‚ãƒ##s““C"ÂãÒÂ³cbã3cƒs#33‚Â#‚ãssCcS““““sS“#RÂãÒÂ³cbã3ƒ“33CSRÂ#‚ãssSs#““““c3“ƒRÂãÒÂ³cbãC#S“3#ƒ32Â#‚ãƒ3C#C3#sÂãÒÂ³cbãCC3CRÂ#‚ãƒSS“sSCc"ÂãÒÂ³cbãC33s#ƒ3BÂ#‚ãƒsScS““““ƒ“#bÂãÕÒÂµ³cbãCSCSc#C3ƒrÂ#‚ãƒ#S##s“ƒ3RÂãÒÂ³cbãCcsC““BÂ#‚ãƒc“3“““““ƒrÂãÒÂ³cbãCcƒc““““ƒScrÂ#‚ãƒC3c““““s“Sc’ÂãÒÂ³cbãCSCSc#C3ƒrÂ#‚ãƒ#S##s“ƒ3RÂãÕÒÂµ³cbãCƒCSCs#RÂ#‚ãƒS“ƒSbÂãÒÂ³cbãC“3““C2Â#‚ãƒ#“““““cSbÂãÒÂ³cbãCƒ“#“33CRÂ#‚ãƒS“C““““““#SBÂãÒÂ³cbãCƒCSCs#RÂ#‚ãƒS“ƒSbÂãÕÒÂµ³cbãS“S#“#3"Â#‚ã3Sƒ#3““““csc2ÂãÒÂ³cbã33Sc““““ƒSScrÂ#‚ã3Cs“#“““““c“SRÂãÒÂ³cbãCcSCsCbÂ#‚ã3#ScSCCs#BÂãÒÂ³cbãSScS““““c“3bÂ#‚ã33ƒ““““““ƒSrÂãÒÂ³cbãSCSsRÂ#‚ã3Csc““““ƒƒcbÂãÒÂ³cbãs3sSc#C"Â#‚ã3S#ss3SC#"ÂãÒÂ³cbãS“S#“#3"Â#‚ã3Sƒ#3““““csc2ÂãÕÒÂµ³cbã“ƒ3ƒ3c“bÂ#‚ã3#sCƒ3ƒ"ÂãÒÂ³cbãcsc““““s“SsBÂ#‚ã333ƒ#ƒcƒ#rÂãÒÂ³cbãƒ#ƒ#“ƒRÂ#‚ã3333s“#cbÂãÒÂ³cbãS3SS““““ƒ“CbÂ#‚ã#sƒC#cƒc"ÂãÒÂ³cbãc“S#s#3rÂ#‚ã#c3C#““““““CSrÂãÒÂ³cbãCSc“"Â#‚ã#3CC#3ƒ#sƒBÂãÒÂ³cbãs#“““““CSrÂ#‚ã#3##“ƒ3CÂãÒÂ³cbãs“ƒ#3“#srÂ#‚ã#S#“RÂãÒÂ³cbãCS““““““ƒRÂ#‚ã#3SC““““ƒs#cCrÂãÒÂ³cbã#CC““““ƒcscrÂ#‚ã#S#C““““c##ƒbÂãÒÂ³cbãƒƒS“““““c“bÂ#‚ã#cS3C“CBÂãÒÂ³cbãCc“CC3"Â#‚ã#ƒSƒƒ““““s#3s3bÂãÒÂ³cbã“SCs’Â#‚ã3ƒSƒcc’ÂãÒÂ³cbã““““scsÂ#‚ã3“#“““““c“SRÂãÒÂ³cbã“ƒ3ƒ3c“bÂ#‚ã3#sCƒ3ƒ"ÂãÕÒÂµ³cbãƒ#3Cƒ"Â#‚ã#Sc“3“2ÂãÒÂ³cbãƒ“cc““““Ss’Â#‚ã##333"ÂãÒÂ³cbã“3ƒC““““ƒsscRÂ#‚ã##Ssƒ“““““ƒc2ÂãÒÂ³cbãsc33““““““2Â#‚ã###“#cƒ3rÂãÒÂ³cbãƒ#3Cƒ"Â#‚ã#Sc“3“2ÂãÕÒÂµ³cbã“cƒ““““cƒ‚Â#‚ã#S“cSCbÂãÒÂ³cbã“SCC3SSs‚Â#‚ãƒ“ƒ3c“sS‚ÂãÒÂ³cbãS#“““““““SRÂ#‚ã#cC#cƒbÂãÒÂ³cbã“cƒ““““cƒ‚Â#‚ã#S“cSCbÂãÕÒÂµ³cbãc#C““““s3ss2Â#‚ãƒƒ““s‚ÂãÒÂ³cbãc3ƒs““““ƒc#‚Â#‚ãs“SC##3#ƒcbÂãÒÂ³cbãcCs““““ccc‚Â#‚ãƒ3ƒc3ƒ“sbÂãÒÂ³cbãc“““““cƒ3bÂ#‚ãƒsS3“S#bÂãÒÂ³cbãc#C““““s3ss2Â#‚ãƒƒ““s‚ÂãÕÒÂµ³cbãSss“33c“#’Â#‚ãƒ3““““c#cƒ#rÂãÒÂ³cbãScSCƒ““““Sc3“Â#‚ãs“SS““““ƒ“bÂãÒÂ³cbãSc“ƒSssSÂ#‚ãsƒƒSC“““““ƒ#S“"ÂãÒÂ³cbãSscƒsSS"Â#‚ãsƒƒ#c“’ÂãÒÂ³cbãSss“33c“#’Â#‚ãƒ3““““c#cƒ#rÂãÕÒÂµ³cbãS3sS““““ƒ3CbÂ#‚ãs#c““#ƒƒ3ÂãÒÂ³cbãSS“s““““sss#RÂ#‚ãs3#c#3BÂãÒÂ³cbãSSC3#CC3‚Â#‚ãs3“ƒ3Scsƒ"ÂãÒÂ³cbãS3“s““““ccƒ2Â#‚ãs3ssSc#CsbÂãÒÂ³cbãS3sS““““ƒ3CbÂ#‚ãs#c““#ƒƒ3ÂãÕÒÂµ³cbãC“sS#SRÂ#‚ãcSCƒs““““s##RÂãÒÂ³cbãSs““““cƒBÂ#‚ãcsƒ““““scƒsS"ÂãÒÂ³cbãS3S““““ƒcCrÂ#‚ãc““#ƒSBÂãÒÂ³cbãC“csC“rÂ#‚ãcs“s3SCsƒRÂãÒÂ³cbãC“sS#SRÂ#‚ãcSCƒs““““s##RÂãÕÒÂµ³cbãCƒ3scS"Â#‚ãS“s“3Cc32ÂãÒÂ³cbãS#3c““““csS‚Â#‚ãc#“3#““““Ss“ƒS"ÂãÒÂ³cbãS3““““““Â#‚ãcSs#““““ƒƒ“c"ÂãÒÂ³cbãCƒ33““““ƒ#Â#‚ãc#sƒ“““““ƒc2ÂãÒÂ³cbãCƒ3scS"Â#‚ãS“s“3Cc32ÂãÕÒÂµ³cbãSƒ3s““““ƒcc‚Â#’ã“C##““““cCƒc‚ÂãÒÂ³cbãcSc““““ƒc’Â#’ãCsS#S2ÂãÒÂ³cbãSƒSƒSc“"Â#’ãS“““““ƒƒrÂãÒÂ³cbãSs#S#““““SS“ƒ’Â#’ã“““““ƒ“ccRÂãÒÂ³cbãSƒ3s““““ƒcc‚Â#’ã“C##““““cCƒc‚ÂãÕÒÂµ³cbã“S33“CƒC2Â#’ãCs33#ƒ‚ÂãÒÂ³cbã“cc##S2Â#’ãCsSc““““sSSsSbÂãÒÂ³cbã“c3sS“““““#CÂ#’ãC##Cc““““““SBÂãÒÂ³cbã“3“3s##S3‚Â#’ãCƒ3ƒ““““s“ƒsbÂãÒÂ³cbã“S33“CƒC2Â#’ãCs33#ƒ‚ÂãÕÒÂµ³crãsCsS““““ssC#BÂ#’ã3ƒsC““S2ÂãÒÂ³crãccƒ““““cC33Â#’ã3“sC““““SSs“‚ÂãÒÂ³crãƒcS““““c“3rÂ#’ãCcs““““ss#c2ÂãÒÂ³crãsƒ“c3“bÂ#’ãC#“s““““c#s3"ÂãÒÂ³crãSsc““““ƒc3bÂ#’ã3“sss3ƒS#cRÂãÒÂ³crãsCsS““““ssC#BÂ#’ã3ƒsC““S2ÂãÕÕÕ××ÒÂ²'G—R#¢$fVGW&R"Â'&÷W'F–W2#¢²$æÖR#¢%F2"Â%7–Ö&öÄ”B#¢#'ÒÂ&vVöÖWG'’#¢²'G—R#¢%öÇ–vöâ"Â&6ö÷&F–æFW2#¢µµ³crãsS#ƒ““““s33s‚Â#’ã“3C“c33ƒ‚ÂãÒÂ³crãc“#Sƒcc“Â#’ãƒ“3s““““cƒs#sBÂãÒÂ³crãcƒ#““““s#3#RÂ#’ã“C#c“ÂãÒÂ³crãscc3#3css‚Â#’ã“s“s“ƒC“BÂãÒÂ³crãƒss#SCƒBÂ#’ã“scsccCbÂãÒÂ³crãƒS3““““ƒ#Â#’ã““Sƒ#“#“sbÂãÒÂ³crãƒ“ƒsS#CBÂ#’ã““ƒS3S“S2ÂãÒÂ³c‚ã###“c3sC‚Â#’ã“s“cƒSS“S3s3ƒrÂãÒÂ³c‚ã###“c3sC‚Â#’ã“SC3c3##ƒ3C"ÂãÒÂ³crãƒCsSc“3“BÂ#’ã“3CCScsC2ÂãÒÂ³crãƒ#s“C““““c“#‚Â#’ã“C#c##“‚ÂãÒÂ³crãƒ##s“SƒC’Â#’ã“S“ƒc3ƒ“sBÂãÒÂ³crãƒssc#3“BÂ#’ã“3sc“rÂãÒÂ³crãs“sS3c#2Â#’ã“SSSS3#CbÂãÒÂ³crãsƒscS““““s“#bÂ#’ã“3ƒ#3CS#‚ÂãÒÂ³crãsc“scSS2Â#’ã“SsSc“3ƒ“BÂãÒÂ³crãsSss“ƒS2Â#’ã“#3““ƒ3‚ÂãÒÂ³crãsS#ƒ““““s33s‚Â#’ã“3C“c33ƒ‚ÂãÕÕ××ÒÂ²'G—R#¢$fVGW&R"Â'&÷W'F–W2#¢²$æÖR#¢%F2"Â%7–Ö&öÄ”B#¢#'ÒÂ&vVöÖWG'’#¢²'G—R#¢%öÇ–vöâ"Â&6ö÷&F–æFW2#¢µµ³crãSCsSS33#3Â#’ã“ƒ#ƒ“s3C“bÂãÒÂ³crãSƒS#ƒs“‚Â#’ã“sC#C#“s3"ÂãÒÂ³crãc3“#C““““Sƒsƒ’Â#’ã““c““““c“SsƒRÂãÒÂ³crãSsss““““sSs#"Â#’ã“#““Cƒ#bÂãÒÂ³crãSCC#CSƒ‚Â#’ã“#“s33“CC2ÂãÒÂ³crãS#CC##ƒ#ƒ"Â#’ã“c#sC#S"ÂãÒÂ³crãSCsSS33#3Â#’ã“ƒ#ƒ“s3C“bÂãÕÕ××ÒÂ²'G—R#¢$fVGW&R"Â'&÷W'F–W2#¢²$æÖR#¢%"Â%7–Ö&öÄ”B#¢##2'ÒÂ&vVöÖWG'’#¢²'G—R#¢%öÇ–vöâ"Â&6ö÷&F–æFW2#¢µµ³crãc3#s3ƒ“CBÂ#’ã“ƒsC#33#ƒBÂãÒÂ³crãSs“““““sS2Â#’ã“sc3ƒ““““s“ƒrÂãÒÂ³crãScS#sSrÂ3ãCƒ“3“c#32ÂãÒÂ³crãc““C3“SsrÂ3ãSsc““““ƒ3SccbÂãÒÂ³crãscsC““““c#ƒ2Â3ãc3#s““BÂãÒÂ³crãscƒƒ#“"Â3ãS3##ƒsƒ3BÂãÒÂ³crãcc“3““““sƒ#RÂ3ã#C“““’ÂãÒÂ³crãc3#s3ƒ“CBÂ#’ã“ƒsC#33#ƒBÂãÕÕ××ÒÂ²'G—R#¢$fVGW&R"Â'&÷W'F–W2#¢²$æÖR#¢$§2"Â%7–Ö&öÄ”B#¢#SR'ÒÂ&vVöÖWG'’#¢²'G—R#¢%öÇ–vöâ"Â&6ö÷&F–æFW2#¢µµ³cbãS3“sCÂ#’ã3“CsSbÂãÒÂ³cbãSCƒCC““““scssBÂ#’ãCSC#SrÂãÒÂ³cbãSSsSS““““ƒ“C"Â#’ãC“##s“ƒ2ÂãÒÂ³cbãSS33S““““ScCBÂ#’ãC#C33CC#ƒ"ÂãÒÂ³cbãS3“sCÂ#’ã3“CsSbÂãÕÕ××ÒÂ²'G—R#¢$fVGW&R"Â'&÷W'F–W2#¢²$æÖR#¢%FR"Â%7–Ö&öÄ”B#¢#cB'ÒÂ&vVöÖWG'’#¢²'G—R#¢%öÇ–vöâ"Â&6ö÷&F–æFW2#¢µµ³cbãCƒS#“““““Cc"Â#’ã3“3CC“““““scrÂãÒÂ³cbãC“CC3SS‚Â#’ãC3CC3#CC3’ÂãÒÂ³cbãS3S“““““sC#‚Â#’ãCc“3ƒ3ƒcscBÂãÒÂ³cbãCƒS#“““““Cc"Â#’ã3“3CC“““““scrÂãÕÕ××ÒÂ²'G—R#¢$fVGW&R"Â'&÷W'F–W2#¢²$æÖR#¢$§2"Â%7–Ö&öÄ”B#¢#SR'ÒÂ&vVöÖWG'’#¢²'G—R#¢%öÇ–vöâ"Â&6ö÷&F–æFW2#¢µµ³cbãSƒ###“rÂ#’ãƒ3#ƒ3““““ƒcccrÂãÒÂ³cbãccƒ33C3BÂ#’ãƒ3ƒCƒ““““c3ƒBÂãÒÂ³cbãc“““““sƒƒ#"Â#’ãƒ#S3“CƒƒbÂãÒÂ³cbãS3S““““sc“#Â#’ãs3ƒcS““““SS“3’ÂãÒÂ³cbãS#ƒ#“#“"Â#’ãs#33““““ƒ“#‚ÂãÒÂ³cbãS#“Sc““““cSSs’Â#’ãcs“““““3ƒ“RÂãÒÂ³cbãSss““““SSs3rÂ#’ãc“s3ƒ#SrÂãÒÂ³cbãC“C“#“c32Â#’ãc3“““““cCcƒ‚ÂãÒÂ³cbãCssSS““““c“C#‚Â#’ãS“c3cCƒBÂãÒÂ³cbãCc““““““ƒ‚Â#’ãS3C##3"ÂãÒÂ³cbãC####“rÂ#’ãCscƒ3ƒ#RÂãÒÂ³cbãC3#c3‚Â#’ã3cccƒ““““sC3sSRÂãÒÂ³cbãC#sƒ“c“RÂ#’ã3cƒc““““s3#CbÂãÒÂ³cbãC#S3““““s#’Â#’ãC3#ƒ“““““ƒ3SƒbÂãÒÂ³cbãCc#ƒ#ƒ3rÂ#’ãCsS3#““““Ss“ƒSbÂãÒÂ³cbãCcsƒ“““““ƒc"Â#’ãSS#““““SS“ƒ‚ÂãÒÂ³cbãCƒ3C#3#“‚Â#’ãS“Cc3sƒsƒRÂãÒÂ³cbãCsSc““““ssbÂ#’ãCƒ“3“CCƒ##RÂãÒÂ³cbãCƒS#““““s3CsbÂ#’ãCƒ“Cƒ“‚ÂãÒÂ³cbãCƒcsC3Ss‚Â#’ãSƒ3ƒ3sBÂãÒÂ³cbãS#CS““Â#’ãCcCsS#SC2ÂãÒÂ³cbãCsƒ3cC’Â#’ãCs3“““““#BÂãÒÂ³cbãC3sss““““ƒCs‚Â#’ã3sƒ““““s“3#rÂãÒÂ³cbã3“#““““ƒccrÂ#’ã#ss““““ccƒBÂãÒÂ³cbã3c#s““““c##3BÂ#’ãCCƒS“““““ƒ“S‚ÂãÒÂ³cbã#“ƒ“cC3s"Â#’ã“Scƒ“c2ÂãÒÂ³cbã33ƒ3““““scƒ"Â#’ãsSƒc“““““c2ÂãÒÂ³cbã3S3s3SCsbÂ#’ã#Sƒ#C#“3rÂãÒÂ³cbã3“#c3cƒsbÂ#’ã3#3S#S#3cbÂãÒÂ³cbã3ƒƒC3““““ƒc#"Â#’ã3cSsƒCsBÂãÒÂ³cbã3c“c“2Â#’ã3c#ƒ#sƒCrÂãÒÂ³cbã3ƒc“““““ƒS"Â#’ãC3“ƒ“##33ƒbÂãÒÂ³cbãCC3#s““““ƒs#rÂ#’ãSCSƒ#Scƒ3RÂãÒÂ³cbãC#ƒƒc“““““Sc"Â#’ãSC#S“““““““CRÂãÒÂ³cbãCS#ƒ““““scƒs2Â#’ãc#““““ƒ“cRÂãÒÂ³cbãCssC““““cs#‚Â#’ãc3“CS““““ss“#bÂãÒÂ³cbãSS##C““““c3sƒÂ#’ãƒ3““““scs#‚ÂãÒÂ³cbãSsSc3“““““ƒcBÂ#’ãƒCCƒ#““““sCsSrÂãÒÂ³cbãSƒ###“rÂ#’ãƒ3#ƒ3““““ƒcccrÂãÕÕ××ÒÂ²'G—R#¢$fVGW&R"Â'&÷W'F–W2#¢²$æÖR#¢%FR"Â%7–Ö&öÄ”B#¢#cB'ÒÂ&vVöÖWG'’#¢²'G—R#¢%öÇ–vöâ"Â&6ö÷&F–æFW2#¢µµ³cbãSsƒc““““c3ƒ2Â#’ãccƒ““““SƒƒSbÂãÒÂ³cbãSScƒc“bÂ#’ãSSƒcCC3Ss2ÂãÒÂ³cbãSSSc#3c#ƒÂ#’ãc“#ƒs“rÂãÒÂ³cbãS#Ssc““““sƒSs"Â#’ãcs“#““““sc“s2ÂãÒÂ³cbãS#CCS““““c#“3bÂ#’ãSc3ƒ““““c3ƒRÂãÒÂ³cbãS3c#S““““c““#rÂ#’ãS3ƒsScRÂãÒÂ³cbãSS“3““““s3#RÂ#’ãSC3c#3“ƒRÂãÒÂ³cbãSS33#“CbÂ#’ãS#ƒcƒ““cbÂãÒÂ³cbãScSs““““ScsBÂ#’ãSƒ“ƒ#sÂãÒÂ³cbãC“ƒ33SC2Â#’ãS#S##C3s2ÂãÒÂ³cbãCcsƒ“““““ƒc"Â#’ãSS#““““SS“ƒ‚ÂãÒÂ³cbãCc#ƒ#ƒ3rÂ#’ãCsS3#““““Ss“ƒSbÂãÒÂ³cbãC#S3““““s#’Â#’ãC3#ƒ“““““ƒ3SƒbÂãÒÂ³cbãC#sƒ“c“RÂ#’ã3cƒc““““s3#CbÂãÒÂ³cbãC3#c3‚Â#’ã3cccƒ““““sC3sSRÂãÒÂ³cbãC####“rÂ#’ãCscƒ3ƒ#RÂãÒÂ³cbãSS#cC“"Â#’ãS“#ƒ““““cƒssbÂãÒÂ³cbãS3CS““BÂ#’ãcs“ƒ#sC2ÂãÒÂ³cbãSCƒc“C3RÂ#’ãcsscSCsC“2ÂãÒÂ³cbãSCƒs3ƒ“RÂ#’ãc#ƒ#“#ƒƒBÂãÒÂ³cbãScƒ“c“““““cSS’Â#’ãc#“cc““““sss#bÂãÒÂ³cbãSsƒc““““c3ƒ2Â#’ãccƒ““““SƒƒSbÂãÕÕ××ÒÂ²'G—R#¢$fVGW&R"Â'&÷W'F–W2#¢²$æÖR#¢$§2"Â%7–Ö&öÄ”B#¢#SR'ÒÂ&vVöÖWG'’#¢²'G—R#¢%öÇ–vöâ"Â&6ö÷&F–æFW2#¢µµ³cbãssƒc#ƒ“ƒ2Â#’ãscsCc““““ƒCcrÂãÒÂ³cbãcƒ#S3ƒs#RÂ#’ãSƒ#sc#s3ƒ#"ÂãÒÂ³cbãcsCSC3#‚Â#’ãSS“c““““sc3#C2ÂãÒÂ³cbãc“3s“Cƒ#2Â#’ãSS#Cs“CcbÂãÒÂ³cbãcSs####“2Â#’ãCS3“s#SCbÂãÒÂ³cbãcs3CCCs2Â#’ã3“3###“ƒbÂãÒÂ³cbãS“CCC““““ScsƒrÂ#’ãC#S““““ƒ““SBÂãÒÂ³cbãS“C“cƒCRÂ#’ãCC“3““““““ÂãÒÂ³cbãSs“cCRÂ#’ãCSC3““““scscbÂãÒÂ³cbãS“#ƒ“““““C3"Â#’ãSc“#““““““c3RÂãÒÂ³cbãSsCs#cc3RÂ#’ãC“3“3““““ƒ3ƒBÂãÒÂ³cbãc3“cS3“bÂ#’ãS3sS““““““ÂãÒÂ³cbãS“33s#SCRÂ#’ãScs3s““““cƒs#bÂãÒÂ³cbãcCƒ““““Sƒ’Â#’ãSs“#s““““ƒs#C"ÂãÒÂ³cbãcSCS3s3Â#’ãcƒcC““““ƒ“sc3bÂãÒÂ³cbãc3S“c““““cSƒBÂ#’ãcS3SC##bÂãÒÂ³cbãc3ƒƒs#S3’Â#’ãcC“3C“““““#S“rÂãÒÂ³cbãcS33““““sScsBÂ#’ãcƒscBÂãÒÂ³cbãcsƒc““““c33rÂ#’ãc“s3“#Cƒ3’ÂãÒÂ³cbãc“Cƒ#“ƒ"Â#’ãsCƒ3““““cc32ÂãÒÂ³cbãs#“C““““SSs’Â#’ãsscC““““ƒ“scBÂãÒÂ³cbãssƒc#ƒ“ƒ2Â#’ãscsCc““““ƒCcrÂãÕÕ××ÒÂ²'G—R#¢$fVGW&R"Â'&÷W'F–W2#¢²$æÖR#¢%"Â%7–Ö&öÄ”B#¢#‚'ÒÂ&vVöÖWG'’#¢²'G—R#¢%öÇ–vöâ"Â&6ö÷&F–æFW2#¢µµ³cbãSsccƒ“bÂ#’ãcC3S“““““C“RÂãÒÂ³cbãC“Ss“Cƒ#RÂ#’ãSsƒ#3““““Ssc3“rÂãÒÂ³cbãCc“3C““““s#s’Â#’ãSSCs“SƒSrÂãÒÂ³cbãCssSS““““c“C#‚Â#’ãS“c3cCƒBÂãÒÂ³cbãC“C“#“c32Â#’ãc3“““““cCcƒ‚ÂãÒÂ³cbãSsccƒ“bÂ#’ãcC3S“““““C“RÂãÕÕ××ÒÂ²'G—R#¢$fVGW&R"Â'&÷W'F–W2#¢²$æÖR#¢%B"Â%7–Ö&öÄ”B#¢#r'ÒÂ&vVöÖWG'’#¢²'G—R#¢%öÇ–vöâ"Â&6ö÷&F–æFW2#¢µµ³cbãCCsSƒ““““ƒsƒc2Â#’ãc“SS3#S#rÂãÒÂ³cbãCS3c3ƒƒ2Â#’ãcS3“c““““ƒScs"ÂãÒÂ³cbãCs3CC3SSsrÂ#’ãsƒCS“““““#“"ÂãÒÂ³cbãCƒSƒ#“#“"Â#’ãsCCScsCs2ÂãÒÂ³cbãCƒCsC3#"Â#’ãcsƒs3“““““Sc2ÂãÒÂ³cbãCCsSƒ““““ƒsƒc2Â#’ãc“SS3#S#rÂãÕÕ××ÒÂ²'G—R#¢$fVGW&R"Â'&÷W'F–W2#¢²$æÖR#¢%"Â%7–Ö&öÄ”B#¢#'ÒÂ&vVöÖWG'’#¢²'G—R#¢%öÇ–vöâ"Â&6ö÷&F–æFW2#¢µµ³cbãSSs3““““cƒ3bÂ3ãC““““cs3#’ÂãÒÂ³cbãc#ƒcƒBÂ3ãCS““““ƒ3C"ÂãÒÂ³cbãSscS3Cs#’Â3ã#3CCSS“3‚ÂãÒÂ³cbãcƒcS“““““S“Â3ã#3S#s#3CbÂãÒÂ³cbãcc““““sƒsBÂ3ãƒc###“ÂãÒÂ³cbãc#“sC““““cc#‚Â3ã#c3sCC“‚ÂãÒÂ³cbãSsS#CC#SsÂ3ãƒC“SCC##3BÂãÒÂ³cbãcCSs#S3’Â3ãs#““““““sS#cbÂãÒÂ³cbãc#“s#““““c3“ƒBÂ3ãC#3S““““cC3C‚ÂãÒÂ³cbãcƒ“““““3c"Â#’ã“3scs““““ƒ3#"ÂãÒÂ³cbãSsc“s““““s#s#bÂ#’ãƒ““#3““““s#c#c"ÂãÒÂ³cbãSs#cc““““s#sBÂ#’ãƒSƒƒc““““cSƒ3RÂãÒÂ³cbãSƒCs““““s“##Â#’ãƒSCcƒ3““BÂãÒÂ³cbãSsƒS3S“CRÂ#’ãƒ3S“#3C#"ÂãÒÂ³cbãSsSc3“““““ƒcBÂ#’ãƒCCƒ#““““sCsSrÂãÒÂ³cbãSScƒ““““SS3ƒ‚Â#’ãƒ3C#“ƒ33ƒrÂãÒÂ³cbãSS3#““““sC“s2Â#’ãƒCsƒc““““cƒCbÂãÒÂ³cbãS3SC“““““s#S#’Â#’ãƒCcc“"ÂãÒÂ³cbãCƒCs#cc3‚Â#’ãsS““““““ccS#“RÂãÒÂ³cbãCsƒ#C#“sRÂ#’ãs#“C““““sSssbÂãÒÂ³cbãCƒ“cc““““csƒÂ#’ãsƒ“#3Cƒ“bÂãÒÂ³cbãSCC“S#C#3RÂ#’ãƒC““““ƒ#3ƒ‚ÂãÒÂ³cbãCssC““““cs#‚Â#’ãc3“CS““““ss“#bÂãÒÂ³cbãCCss33“SBÂ#’ãS“s““““ƒs#"ÂãÒÂ³cbãCCS#““““ƒCcrÂ#’ãS““sCc##2ÂãÒÂ³cbãC#“##c3’Â#’ãSƒS““““ssS‚ÂãÒÂ³cbãC#ƒƒc“““““Sc"Â#’ãSC#S“““““““CRÂãÒÂ³cbãCC3#s““““ƒs#rÂ#’ãSCSƒ#Scƒ3RÂãÒÂ³cbã3ƒc“““““ƒS"Â#’ãC3“ƒ“##33ƒbÂãÒÂ³cbã3c“S“sƒCRÂ#’ã3cS#ƒ3ss“rÂãÒÂ³cbã3C3“S“““““SCÂ#’ã3cS“c#S3ƒ3RÂãÒÂ³cbã3Cƒ#C“““““3sbÂ#’ã3#sCƒ““““cc3sƒ2ÂãÒÂ³cbã3s“C““““sss"Â#’ã333S“3sƒ#RÂãÒÂ³cbã3ƒ#“““““sSƒ#bÂ#’ã3c3““Cc2ÂãÒÂ³cbã3Cc#“3ƒ3#RÂ#’ã#CcC““““csƒc"ÂãÒÂ³cbã3#cC““““s##sbÂ#’ã#“ƒ3SCSRÂãÒÂ³cbã3s3“““““Â#’ã#c“33“33rÂãÒÂ³cbã3ccS“““““ƒ“2Â#’ã3S“sSCRÂãÒÂ³cbã3cCsCCsRÂ#’ã3#“““““ƒƒrÂãÒÂ³cbã3SC““bÂ#’ã3#s“““““sƒ’ÂãÒÂ³cbã#“#C#““““cCCƒÂ#’ã3sc““3Cs‚ÂãÒÂ³cbã#ƒCS#cs3bÂ#’ã3cs333“3"ÂãÒÂ³cbã3S“““““ƒCcc‚Â#’ãC3S“““““sƒ#’ÂãÒÂ³cbã333SS3#CRÂ#’ãCsSCC““““sssBÂãÒÂ³cbã33“CcSRÂ#’ãS3#“S3S2ÂãÒÂ³cbã3CCS“““““s“"Â#’ãS3sc3#CCcbÂãÒÂ³cbã3CCcƒ3“2Â#’ãSSCs“SƒSrÂãÒÂ³cbã3cS3“C’Â#’ãSSS###“c2ÂãÒÂ³cbã3Ssc#3c#srÂ#’ãcsƒ““““c3ƒCRÂãÒÂ³cbã3ƒcc““““cs‚Â#’ãcS##ƒ““““cƒ3ssBÂãÒÂ³cbã3CCsƒ““““SSƒƒ‚Â#’ãcCSc3#CCrÂãÒÂ³cbã3C“CsCC#RÂ#’ãc“s“3ƒCssrÂãÒÂ³cbã3s#“3“““““ƒBÂ#’ãs#cCCsbÂãÒÂ³cbã3c3ƒc33ƒs‚Â#’ãccƒCS#cs3BÂãÒÂ³cbã3“ƒCs“CrÂ#’ãc““cs““““s3##rÂãÒÂ³cbã3“s##3rÂ#’ãccSS““““c3C3BÂãÒÂ³cbãCSc““““cSƒRÂ#’ãcsS33s“C“‚ÂãÒÂ³cbãCƒƒ33C2Â#’ãcSCƒ#3C#s“RÂãÒÂ³cbãC3S““““““CcbÂ#’ãccc3#sC3S"ÂãÒÂ³cbãC##ƒ““““sC3#BÂ#’ãc““3C““““ƒ#cs‚ÂãÒÂ³cbãC3CcC#ƒsRÂ#’ãs#S“““““sCcsbÂãÒÂ³cbãC33C“s‚Â#’ãs“3#C“3ƒ‚ÂãÒÂ³cbã3“S#““““s3Cs2Â#’ãs#Sƒ“““““#ƒc"ÂãÒÂ³cbãC3ƒc3“““““3c2Â#’ãscs3C3“#2ÂãÒÂ³cbãCSs#S““““sC“#2Â#’ãƒ33c““““s“SrÂãÒÂ³cbãSCƒc#ƒƒƒ"Â#’ã“#Cƒ“““““S3S“BÂãÒÂ³cbãC3ƒc““““ƒc‚Â#’ãƒsc#““““csCƒBÂãÒÂ³cbãC3ƒƒc“‚Â#’ãƒ#3“3“ƒ#srÂãÒÂ³cbãC##Sc“““““ScRÂ#’ãs“sC“c3CrÂãÒÂ³cbã3c3s““““SSsC"Â#’ãsS#3“““““cƒRÂãÒÂ³cbã3cC“#cƒ3rÂ#’ãssSC#Cs3rÂãÒÂ³cbã3C3c““3C’Â#’ãss3s#““““ƒ3“cCRÂãÒÂ³cbã3SSc““““cƒs‚Â#’ãƒcƒ““““S“3ƒbÂãÒÂ³cbã3ƒƒ“““““3c"Â#’ãƒC#ƒ“““““s3S#cbÂãÒÂ³cbã3ƒ##““““ƒS3’Â#’ãƒS“CC3s#BÂãÒÂ³cbã3“Sƒc#3ƒƒ‚Â#’ãƒSSSC3##"ÂãÒÂ³cbãC#ƒ““““SS3ƒrÂ#’ãƒSC3““““cSc#“2ÂãÒÂ³cbã3“Sc3C#C#bÂ#’ãƒs#“#Sƒ"ÂãÒÂ³cbã3Sƒ#c““““scsRÂ#’ãƒƒC“““““33ƒrÂãÒÂ³cbã3“#ƒC3cSsrÂ#’ã“#s#“““““3“bÂãÒÂ³cbã3ScS##S"Â#’ã“CCƒ3Ssƒ"ÂãÒÂ³cbãC3#ƒ3CSrÂ#’ã“ƒƒSS#ƒ#3bÂãÒÂ³cbãCCƒs3““““ƒSrÂ#’ã“ƒ“33#s“3#BÂãÒÂ³cbãCCCƒ““““Scƒƒ’Â#’ã“S“S““““sCƒ#3‚ÂãÒÂ³cbãCSSc3#CCrÂ#’ã“Ss#cCsrÂãÒÂ³cbãS3#C““““sƒss"Â3ãC“3S#Sc"ÂãÒÂ³cbãSS“3RÂ3ãcs##3#ƒ#RÂãÒÂ³cbãSCCCcrÂ3ãcscs“““““3##RÂãÒÂ³cbãCsCS3#S“3BÂ3ã“Sc3“3scrÂãÒÂ³cbãCSS““““ƒ“rÂ3ãs##ƒsƒ3"ÂãÒÂ³cbãCCƒ3#CCÂ3ã3CSsCCRÂãÒÂ³cbãCsScƒ#3ƒ‚Â3ãc3ƒ#““““SSC“"ÂãÒÂ³cbãCsccC““““““sSbÂ3ãƒScS3Cs2ÂãÒÂ³cbãC““ƒc3ƒ“BÂ3ã“ƒcCC3SsRÂãÒÂ³cbãCƒSƒc““““ƒc‚Â3ãSƒsSrÂãÒÂ³cbãS““““Sƒƒ3RÂ3ã###“““““sCS##2ÂãÒÂ³cbãSs3“““““c3RÂ3ãCC#““““sS3#bÂãÒÂ³cbãC“S#s““"Â3ãScCƒs3‚ÂãÒÂ³cbãS33c#““““ƒ#CsÂ3ãSsCs““““s##sRÂãÒÂ³cbãSSs3““““cƒ3bÂ3ãC““““cs3#’ÂãÕÒÂµ³cbãCs3CC3SSsrÂ#’ãsƒCS“““““#“"ÂãÒÂ³cbãCCsSƒ““““ƒsƒc2Â#’ãc“SS3#S#rÂãÒÂ³cbãCƒCsC3#"Â#’ãcsƒs3“““““Sc2ÂãÒÂ³cbãCƒSƒ#“#“"Â#’ãsCCScsCs2ÂãÒÂ³cbãCs3CC3SSsrÂ#’ãsƒCS“““““#“"ÂãÕÕ××ÒÂ²'G—R#¢$fVGW&R"Â'&÷W'F–W2#¢²$æÖR#¢%""Â%7–Ö&öÄ”B#¢#C’'ÒÂ&vVöÖWG'’#¢²'G—R#¢%öÇ–vöâ"Â&6ö÷&F–æFW2#¢µµ³cbãSsSc#ƒ“Â#’ãc###“““““ƒCSSBÂãÒÂ³cbãSCƒs3ƒ“RÂ#’ãc#ƒ#“#ƒƒBÂãÒÂ³cbãSC“sS“““““#CÂ#’ãcƒƒ3c““““ssSsbÂãÒÂ³cbãSSƒs““““ƒcccbÂ#’ãc““Cc“““““Cc‚ÂãÒÂ³cbãSs3C#3#“bÂ#’ãcc3CƒCsc"ÂãÒÂ³cbãSƒsƒ3““““cc3BÂ#’ãcccc#“““““sCS’ÂãÒÂ³cbãcS““3““““s3#RÂ#’ãsc“#““““c33cRÂãÒÂ³cbãcC3SS#3#3‚Â#’ãsƒC“C3#3RÂãÒÂ³cbãcs#““““ƒCrÂ#’ãcSc3“““““CcsBÂãÒÂ³cbãc#CSs““““ScsBÂ#’ãcCS“ƒ““““c3ƒ‚ÂãÒÂ³cbãSss“S3“##bÂ#’ãcsC““““ƒ33SRÂãÒÂ³cbãSsSc#ƒ“Â#’ãc###“““““ƒCSSBÂãÕÕ××ÒÂ²'G—R#¢$fVGW&R"Â'&÷W'F–W2#¢²$æÖR#¢%"Â%7–Ö&öÄ”B#¢#‚'ÒÂ&vVöÖWG'’#¢²'G—R#¢%öÇ–vöâ"Â&6ö÷&F–æFW2#¢µµ³cbãSsƒc“3C3#rÂ#’ãsƒsc3ƒƒ2ÂãÒÂ³cbãSƒ3#CC2Â#’ãs##3ssSC2ÂãÒÂ³cbãcS33Sc#rÂ#’ãsƒ3“#“ƒ3#2ÂãÒÂ³cbãSscƒ“bÂ#’ãcs“SS““““““CrÂãÒÂ³cbãSSƒs““““ƒcccbÂ#’ãc““Cc“““““Cc‚ÂãÒÂ³cbãS#“Sc““““cSSs’Â#’ãcs“““““3ƒ“RÂãÒÂ³cbãS#ƒ#“#“"Â#’ãs#33““““ƒ“#‚ÂãÒÂ³cbãS3S““““sc“#Â#’ãs3ƒcS““““SS“3’ÂãÒÂ³cbãSsƒc“3C3#rÂ#’ãsƒsc3ƒƒ2ÂãÕÕ××ÒÂ²'G—R#¢$fVGW&R"Â'&÷W'F–W2#¢²$æÖR#¢%FR"Â%7–Ö&öÄ”B#¢#cB'ÒÂ&vVöÖWG'’#¢²'G—R#¢%öÇ–vöâ"Â&6ö÷&F–æFW2#¢µµ³cbãƒƒƒ###“BÂ#’ãcSsƒ#“#ƒƒRÂãÒÂ³cbãƒs“3““““c33Â#’ãcƒ##ƒC#s2ÂãÒÂ³cbã“3s#““““s3“srÂ#’ãsƒc“““““32ÂãÒÂ³cbãƒ“ƒs““““““#BÂ#’ãsCsc““““s3Ss32ÂãÒÂ³cbã“sC““““s#s‚Â#’ãsCC#scCBÂãÒÂ³cbã“cS“#ƒCRÂ#’ãs3S““““ƒ“cbÂãÒÂ³cbãƒƒƒ###“BÂ#’ãcSsƒ#“#ƒƒRÂãÕÕ××ÒÂ²'G—R#¢$fVGW&R"Â'&÷W'F–W2#¢²$æÖR#¢$§B"Â%7–Ö&öÄ”B#¢#R'ÒÂ&vVöÖWG'’#¢²'G—R#¢%öÇ–vöâ"Â&6ö÷&F–æFW2#¢µµ³cbã“ƒ3Sc“3’Â#’ãs33C“3c33BÂãÒÂ³cbã“CSC#““““““CS’Â#’ãcS“s“““““SssRÂãÒÂ³cbã“3c3ƒƒ"Â#’ãc3#“c“““““cSSS2ÂãÒÂ³cbãƒƒƒ3Scs‚Â#’ãS“csƒ““““sSƒsSRÂãÒÂ³cbãƒSƒ33#‚Â#’ãSƒC“c3CSbÂãÒÂ³cbãƒƒCcs““““ƒƒ#rÂ#’ãc###“s"ÂãÒÂ³cbãƒs“3““““c33Â#’ãc#C3sSsc‚ÂãÒÂ³cbãƒsSƒSssC’Â#’ãc#ƒƒƒ#ƒ“2ÂãÒÂ³cbãƒc#“““““sCSRÂ#’ãSScSsBÂãÒÂ³cbãsƒCcC3bÂ#’ãSSscCs"ÂãÒÂ³cbãsS33““#‚Â#’ãC“ƒc3ƒ“SbÂãÒÂ³cbãsc3“““““cƒ’Â#’ãCSccƒ““c2ÂãÒÂ³cbãsCs3cc#‚Â#’ãC#ƒ#s3c#rÂãÒÂ³cbãs#“SC#CBÂ#’ãC333ƒ“““““CƒSƒ‚ÂãÒÂ³cbãsƒCCCSsBÂ#’ãC3ƒs““““Sc#3rÂãÒÂ³cbãc“#3c3“‚Â#’ãC#3““““scƒ##BÂãÒÂ³cbãcsƒSsSSRÂ#’ãCƒcS““““ƒS“BÂãÒÂ³cbãcscs##s“BÂ#’ã3ƒcs““““““#2ÂãÒÂ³cbãcCƒcC““““s“ss2Â#’ãCs3ƒ“C"ÂãÒÂ³cbãs3CC#SSƒRÂ#’ãSsC““““SsƒRÂãÒÂ³cbãs#Ss“““““ƒsbÂ#’ãC“sS3#CƒbÂãÒÂ³cbãscSC#BÂ#’ãS3#3S“““““C“"ÂãÒÂ³cbãsCƒ#S““““S““3‚Â#’ãc#““““ƒ“cRÂãÒÂ³cbãsƒc33sC#’Â#’ãc3ƒ3c33ƒÂãÒÂ³cbãƒCsCS"Â#’ãc3CsCCS#3‚ÂãÒÂ³cbãsƒ#S““““ƒ3cc’Â#’ãS“S“C““““c“#ss‚ÂãÒÂ³cbãsScS““““cƒC3Â#’ãS“3ƒsSRÂãÒÂ³cbãsCS3“““““sRÂ#’ãSS###3RÂãÒÂ³cbãsƒC#S““““S““3’Â#’ãSSƒ“““““ƒSƒsbÂãÒÂ³cbãƒ3#3C““““SS#ƒ’Â#’ãc#33“““““3"ÂãÒÂ³cbãƒ3SCƒ““““Sc3ƒ’Â#’ãcƒss““““S“s3CbÂãÒÂ³cbãƒCs33C“2Â#’ãcSSc“3“ÂãÒÂ³cbãƒcC#s#c3‚Â#’ãcsC3#““““ƒ#“c“RÂãÒÂ³cbãƒSS““““““2Â#’ãcS#c“C3C#2ÂãÒÂ³cbãƒc“““““cSS32Â#’ãcCƒS#sS2ÂãÒÂ³cbãƒcSC#"Â#’ãccC3““““ƒScSrÂãÒÂ³cbãƒSƒƒs“““““#"Â#’ãsc3c““““ssSsCRÂãÒÂ³cbãƒcS“s“““““ssrÂ#’ãs#ss““““sC##s2ÂãÒÂ³cbãƒƒ3ƒ“3#332Â#’ãs#ƒS“““““c“#’ÂãÒÂ³cbãƒ“3ƒ““““S“33RÂ#’ãss#ƒ#““““sCsSBÂãÒÂ³cbã“sc3C#C#RÂ#’ãsc#“““““““cScbÂãÒÂ³cbã“ƒsS#C’Â#’ãssc“33Cƒ"ÂãÒÂ³cbã““ssƒSBÂ#’ãs“#3#cƒ2ÂãÒÂ³cbã“###3Â#’ãsƒ#SS““““cCC3"ÂãÒÂ³cbã“##C#sSƒrÂ#’ãs“CS33c#ƒ‚ÂãÒÂ³cbã“3#sC#SƒrÂ#’ãƒCCS““““c#“32ÂãÒÂ³cbã“CSSs““““ss#rÂ#’ãƒ#3“““““Sƒ3c‚ÂãÒÂ³cbã“Ccs#““““cƒ“ƒÂ#’ãƒ3S““33ƒ32ÂãÒÂ³cbã“#S3“““““sbÂ#’ãƒ#sc3s3sS2ÂãÒÂ³cbã“#Ss““““Scs3bÂ#’ãƒC#CC““““ccss“"ÂãÒÂ³cbã“#C3““““cc3BÂ#’ãƒSƒ““““ƒC3c‚ÂãÒÂ³cbã“C3ƒ3sÂ#’ãƒs3##C#sBÂãÒÂ³cbã“ƒ“S“““““CBÂ#’ã“#“C“““““C#c"ÂãÒÂ³cbãƒƒSƒ#““““ƒSCcRÂ#’ã“#3S“#sƒ3S"ÂãÒÂ³cbã“c###ƒ‚Â#’ã“3“ƒ“#3CSRÂãÒÂ³cbãƒ“ƒc“““““ƒS#"Â#’ã“c3sC“ƒBÂãÒÂ³cbãƒƒ3““““ƒƒƒRÂ#’ã“ƒCS3cC#BÂãÒÂ³cbãƒSsSSsC‚Â#’ã“cCsc3s3sS‚ÂãÒÂ³cbãƒC3#3“““““#c‚Â#’ã“3S““““s3C#rÂãÒÂ³cbãƒ##““““scCsbÂ#’ã“C3#S“““““C“s‚ÂãÒÂ³cbãƒ33S“““““cCrÂ#’ã“S3Sƒ““““csƒs“‚ÂãÒÂ³cbãsc3“““““c"Â#’ã“3“3“““““ƒ“‚ÂãÒÂ³cbãsc“sƒ““““cƒƒbÂ#’ã“ccs3“““““SsBÂãÒÂ³cbãsCcc“““““cS3rÂ#’ã“sCs“C2ÂãÒÂ³cbãsƒƒ“““““SƒS3’Â#’ã“ƒ3#3‚ÂãÒÂ³cbãssC“S3C’Â3ã3c“““““ccrÂãÒÂ³cbãƒ#3s““““s3s#BÂ3ãs“C33ƒ"ÂãÒÂ³cbãƒ3sc““““Sƒƒ‚Â3ãƒS3CCCs3‚ÂãÒÂ³cbãƒCƒSs““““scs#RÂ3ãs##S““““s““"ÂãÒÂ³cbãƒ“3“3““““s3#2Â3ã““3C“““““#cC2ÂãÒÂ³cbã“CC“““““ƒSƒBÂ3ã““ƒ3““““ƒcc2ÂãÒÂ³cbã“C“cS““““““Â3ãscƒC“““““#sSƒ2ÂãÒÂ³cbã“cC3cBÂ3ãsƒ“““““ƒbÂãÒÂ³cbãƒs##c““““Sc’Â3ãC“Ss““““ƒsƒ2ÂãÒÂ³cbãƒ3S#Sƒs3’Â#’ã“ƒƒC#cƒBÂãÒÂ³cbãƒ“33S“““““cCÂ3ã3cƒS#sS#‚ÂãÒÂ³cbãƒƒsc3#CC’Â#’ã““CsS##3srÂãÒÂ³cbã“3ƒcc“"Â#’ã“Sƒƒ“3s3#ƒrÂãÒÂ³cbã“CƒCc““““ƒ“c"Â#’ã“#“#Ss“S2ÂãÒÂ³cbã“3Cc“#C33’Â#’ãƒ“#“3“Cc2ÂãÒÂ³cbã“s#3s“s‚Â#’ãƒƒss3C3“#RÂãÒÂ³cbã“sƒcS3“s#BÂ#’ãƒCc#3“““““sc“"ÂãÒÂ³cbã“c#ƒƒC2Â#’ãƒ“C3“bÂãÒÂ³cbã“ƒc#““““cS33Â#’ãƒ##ƒ#c“2ÂãÒÂ³cbã“s#CƒS#2Â#’ãƒ“cBÂãÒÂ³cbã““C#3““““ƒsc2Â#’ãssSsS3c##‚ÂãÒÂ³cbã“ƒ“C““““sSssRÂ#’ãsS#“#cƒ3C"ÂãÒÂ³cbã“C“ƒ““““ƒƒsÂ#’ãs#“cc““““Ssƒƒ‚ÂãÒÂ³cbã“C“cƒ“RÂ#’ãs#sƒ3“cssbÂãÒÂ³cbã“ƒ3Sc“3’Â#’ãs33C“3c33BÂãÕÒÂµ³cbãƒƒƒ###“BÂ#’ãcSsƒ#“#ƒƒRÂãÒÂ³cbã“cS“#ƒCRÂ#’ãs3S““““ƒ“cbÂãÒÂ³cbã“sC““““s#s‚Â#’ãsCC#scCBÂãÒÂ³cbãƒ“ƒs““““““#BÂ#’ãsCsc““““s3Ss32ÂãÒÂ³cbã“3s#““““s3“srÂ#’ãsƒc“““““32ÂãÒÂ³cbãƒs“3““““c33Â#’ãcƒ##ƒC#s2ÂãÒÂ³cbãƒƒƒ###“BÂ#’ãcSsƒ#“#ƒƒRÂãÕÒÂµ³cbãƒ3Cƒ““““ƒcƒcrÂ#’ã“ccƒC3s#rÂãÒÂ³cbãƒ3ƒSS“““““CCÂ#’ã“s3#c““““ƒcc‚ÂãÒÂ³cbãƒ3CSs““““ƒcsrÂ#’ã“s3ss“““““Cs"ÂãÒÂ³cbãƒ3Cƒ““““ƒcƒcrÂ#’ã“ccƒC3s#rÂãÕÒÂµ³cbãs“““3SbÂ#’ã“cCSC““““cƒ#sƒ‚ÂãÒÂ³cbãƒCƒ““““““3S"Â#’ã“s“ƒ3#cs’ÂãÒÂ³cbãs“ƒ#C“““““3sS‚Â#’ã“s#c3ƒ“ssRÂãÒÂ³cbãs“““3SbÂ#’ã“cCSC““““cƒ#sƒ‚ÂãÕÕ××ÒÂ²'G—R#¢$fVGW&R"Â'&÷W'F–W2#¢²$æÖR#¢$§B"Â%7–Ö&öÄ”B#¢#R'ÒÂ&vVöÖWG'’#¢²'G—R#¢%öÇ–vöâ"Â&6ö÷&F–æFW2#¢µµ³crã“#3““““SscBÂ#’ãƒSSƒcCÂãÒÂ³crãƒCc#sƒƒrÂ#’ãƒSƒ#ƒ““““ƒƒ3cS"ÂãÒÂ³crã““#ƒ““““c33ƒÂ#’ãƒcƒ#ƒ““““cƒ3sƒ"ÂãÒÂ³crã““3ƒ““““sCƒs"Â#’ãƒc#“C““““ƒC#crÂãÒÂ³crã“#3““““SscBÂ#’ãƒSSƒcCÂãÕÕ××ÒÂ²'G—R#¢$fVGW&R"Â'&÷W'F–W2#¢²$æÖR#¢%"Â%7–Ö&öÄ”B#¢#'ÒÂ&vVöÖWG'’#¢²'G—R#¢%öÇ–vöâ"Â&6ö÷&F–æFW2#¢µµ³crãƒcƒ3“2Â#’ã“#S“““““““BÂãÒÂ³crã#Cc“““““CS’Â#’ãƒsc3ƒ““““““ƒS3rÂãÒÂ³crãƒƒ3ƒCBÂ#’ãs“css#3S3rÂãÒÂ³crãs““““c#cƒbÂ#’ãƒ3CS““““““ƒcRÂãÒÂ³crãƒ“3332Â#’ãƒ“cSC##“ÂãÒÂ³crã#“33CrÂ#’ã“CC#“‚ÂãÒÂ³crãƒcƒ3“2Â#’ã“#S“““““““BÂãÕÒÂµ³crãƒScssCÂ#’ãƒcCcCC2ÂãÒÂ³crã“#3c““““ssSsÂ#’ãƒS3##c3cbÂãÒÂ³crã““#ƒ““““c33ƒÂ#’ãƒcƒ#ƒ““““cƒ3sƒ"ÂãÒÂ³crãƒScssCÂ#’ãƒcCcCC2ÂãÕÕ××ÒÂ²'G—R#¢$fVGW&R"Â'&÷W'F–W2#¢²$æÖR#¢%"Â%7–Ö&öÄ”B#¢#‚'ÒÂ&vVöÖWG'’#¢²'G—R#¢%öÇ–vöâ"Â&6ö÷&F–æFW2#¢µµ³cbãƒ3“C#33BÂ#’ã“cCs3SrÂãÒÂ³cbãƒ3#““““c#33bÂ#’ã“s#ƒC#s#BÂãÒÂ³cbãƒ3ƒSS“““““CCÂ#’ã“s3#c““““ƒcc‚ÂãÒÂ³cbãƒ3“C#33BÂ#’ã“cCs3SrÂãÕÕ××ÒÂ²'G—R#¢$fVGW&R"Â'&÷W'F–W2#¢²$æÖR#¢%"Â%7–Ö&öÄ”B#¢#‚'ÒÂ&vVöÖWG'’#¢²'G—R#¢%öÇ–vöâ"Â&6ö÷&F–æFW2#¢µµ³cbãƒCƒ““““““3S"Â#’ã“s“ƒ3#cs’ÂãÒÂ³cbãs“““3SbÂ#’ã“cCSC““““cƒ#sƒ‚ÂãÒÂ³cbãs“ƒ#C“““““3sS‚Â#’ã“s#c3ƒ“ssRÂãÒÂ³cbãƒCƒ““““““3S"Â#’ã“s“ƒ3#cs’ÂãÕÕ××ÒÂ²'G—R#¢$fVGW&R"Â'&÷W'F–W2#¢²$æÖR#¢$§B"Â%7–Ö&öÄ”B#¢#R'ÒÂ&vVöÖWG'’#¢²'G—R#¢%öÇ–vöâ"Â&6ö÷&F–æFW2#¢µµ³cbã“Ss“S““““SSCC"Â3ãS##C““““s3ssBÂãÒÂ³cbã“cƒ#3“#s‚Â3ã33#“““““““SRÂãÒÂ³cbã“3““ƒ3’Â3ã#C#ƒ“““““ƒ3S‚ÂãÒÂ³cbã“##cƒ3ƒsrÂ3ãS3ƒC““““sssc“rÂãÒÂ³cbã“Ss“S““““SSCC"Â3ãS##C““““s3ssBÂãÕÕ××ÒÂ²'G—R#¢$fVGW&R"Â'&÷W'F–W2#¢²$æÖR#¢$§B"Â%7–Ö&öÄ”B#¢#R'ÒÂ&vVöÖWG'’#¢²'G—R#¢%öÇ–vöâ"Â&6ö÷&F–æFW2#¢µµ³cbã“C#C#S“bÂ3ãcƒ3“““““ƒcc"ÂãÒÂ³cbã“3cCc#“bÂ3ãƒ3CCSS“ƒrÂãÒÂ³cbã“c3ss“““““Cs"Â3ãƒ3C#““““S“CƒBÂãÒÂ³cbã“cSCC““““csƒ"Â3ãsCƒ#C3"ÂãÒÂ³cbã“C#C#S“bÂ3ãcƒ3“““““ƒcc"ÂãÕÕ××ÒÂ²'G—R#¢$fVGW&R"Â'&÷W'F–W2#¢²$æÖR#¢%B"Â%7–Ö&öÄ”B#¢#r'ÒÂ&vVöÖWG'’#¢²'G—R#¢%öÇ–vöâ"Â&6ö÷&F–æFW2#¢µµ³cbãƒ#“ƒS““““ƒ3“’Â3ã““ss3ƒS#c2ÂãÒÂ³cbãsƒssc#CBÂ3ãƒsSC#sƒRÂãÒÂ³cbãs“c“““““sSƒ#RÂ3ã###3CCƒBÂãÒÂ³cbãƒC“SSC3#"Â3ã3ƒs33#ƒ‚ÂãÒÂ³cbãƒ#“ƒS““““ƒ3“’Â3ã““ss3ƒS#c2ÂãÕÕ××ÒÂ²'G—R#¢$fVGW&R"Â'&÷W'F–W2#¢²$æÖR#¢$§B"Â%7–Ö&öÄ”B#¢#R'ÒÂ&vVöÖWG'’#¢²'G—R#¢%öÇ–vöâ"Â&6ö÷&F–æFW2#¢µµ³crãCscS3Cs3Â3ãsCss““““s“s‚ÂãÒÂ³crãcƒCs““““SS#BÂ3ã#3SSsC3BÂãÒÂ³crãC#sS#CrÂ3ãs“C33ƒBÂãÒÂ³crãss3#ƒbÂ3ãsS“““““sCRÂãÒÂ³crãs33S“““““cCRÂ3ã“ƒS““““ƒ3“ƒrÂãÒÂ³crãC““““““#S"Â3ã“3#““““c33srÂãÒÂ³crãSS“3sƒ#’Â3ãSS3#c#“RÂãÒÂ³crãƒcc““““ƒCScRÂ3ãCS#C““““sƒsrÂãÒÂ³crãsC3#ƒC3"Â3ãSs““““ƒcrÂãÒÂ³crãƒ#ƒ““““c33ƒBÂ3ã3cs““““S“#3CbÂãÒÂ³crãss““““ƒsƒbÂ3ã#sC““““cs#ƒRÂãÒÂ³crãcsss#ƒS3RÂ3ãCCcs#SrÂãÒÂ³crãS““““Sƒƒ3rÂ3ãCc“C3ƒsCBÂãÒÂ³crãS3“ƒ““““s3ƒsRÂ3ã#“s“““““cc32ÂãÒÂ³crãSCS“““““s“BÂ#’ã“ƒƒc“““““3"ÂãÒÂ³cbã““Cƒ3““““ccc#‚Â3ã“3C“““““#cÂãÒÂ³cbã““ssC3ƒBÂ3ãƒ3c““““csSs‚ÂãÒÂ³crãsS“sƒC"Â3ãS3c“#“33S"ÂãÒÂ³crã3ƒ33SC#bÂ3ãc3“S3“##sbÂãÒÂ³crã““3CbÂ3ãƒs3C“srÂãÒÂ³crãC“s““““ssƒ#2Â3ã#s33#’ÂãÒÂ³crãssSc““““ƒSScRÂ3ã#sCCS#2ÂãÒÂ³crãc#ƒ#CC#sBÂ3ã#S“S#““““c“ƒcrÂãÒÂ³crãƒ#3“““““ccÂ3ã#c3Sƒ““““ssƒs2ÂãÒÂ³crãƒCS#cs3BÂ3ã##C““““c#ƒcBÂãÒÂ³crãCscS3Cs3Â3ãsCss““““s“s‚ÂãÕÕ××ÒÂ²'G—R#¢$fVGW&R"Â'&÷W'F–W2#¢²$æÖR#¢$§2"Â%7–Ö&öÄ”B#¢#SR'ÒÂ&vVöÖWG'’#¢²'G—R#¢%öÇ–vöâ"Â&6ö÷&F–æFW2#¢µµ³cbãcSccs#SBÂ#’ãscƒ““““ScƒSRÂãÒÂ³cbãc#s““““c#ƒ32Â#’ãcsƒC#S2ÂãÒÂ³cbãSs3C#3#“bÂ#’ãcc3CƒCsc"ÂãÒÂ³cbãSc“#S#ƒs3RÂ#’ãcs“CS3s32ÂãÒÂ³cbãcsC““““ss#s2Â#’ãsCc““““sCSscBÂãÒÂ³cbãSƒ3#CC2Â#’ãs##3ssSC2ÂãÒÂ³cbãSsc“s““““s#s#bÂ#’ãsc#SC““““Sƒ#ƒbÂãÒÂ³cbãcC“CcC"Â#’ãƒ3S“#3C#"ÂãÒÂ³cbãcs““““c#33"Â#’ãƒƒ3#““““ƒ#“rÂãÒÂ³cbãcSccs#SBÂ#’ãscƒ““““ScƒSRÂãÕÕ××ÒÂ²'G—R#¢$fVGW&R"Â'&÷W'F–W2#¢²$æÖR#¢%""Â%7–Ö&öÄ”B#¢#C’'ÒÂ&vVöÖWG'’#¢²'G—R#¢%öÇ–vöâ"Â&6ö÷&F–æFW2#¢µµ³cbãsscS““““c“ƒ#‚Â#’ãss#CCS“"ÂãÒÂ³cbãs#SC““““cƒ#ƒ"Â#’ãscsc3““““Sƒc3‚ÂãÒÂ³cbãc“3ƒC““““Sssƒ‚Â#’ãs3“c““““sc3#RÂãÒÂ³cbãcsƒC#S“ƒBÂ#’ãsc3ƒSssBÂãÒÂ³cbãc“SsC“““““c#SrÂ#’ãƒ3s““““cC##“‚ÂãÒÂ³cbãs#““ƒC“rÂ#’ãƒ#Sc““““sSsSBÂãÒÂ³cbãssS“S3“##BÂ#’ãs“ssc#C#rÂãÒÂ³cbãs““C3“““““ScbÂ#’ãƒ#3“““““sc’ÂãÒÂ³cbãsscS““““c“ƒ#‚Â#’ãss#CCS“"ÂãÕÕ××ÒÂ²'G—R#¢$fVGW&R"Â'&÷W'F–W2#¢²$æÖR#¢%FöÒ"Â%7–Ö&öÄ”B#¢#c"'ÒÂ&vVöÖWG'’#¢²'G—R#¢%öÇ–vöâ"Â&6ö÷&F–æFW2#¢µµ³cbãSSSƒ3C2Â#’ãƒCc“3cƒ#crÂãÒÂ³cbãC“csƒ“c’Â#’ãs#Cs“#Sƒ33‚ÂãÒÂ³cbãCƒ3cƒ““““““3SBÂ#’ãs#S##“sƒ#BÂãÒÂ³cbãCss“#““““cc“ƒÂ#’ãs3““ƒsc’ÂãÒÂ³cbãScƒ““““““3SÂ#’ãƒsƒ3SCCbÂãÒÂ³cbãSC3#S““““cC“3Â#’ãƒCcS#““““ƒS“cƒ2ÂãÒÂ³cbãSSSƒ3C2Â#’ãƒCc“3cƒ#crÂãÕÕ××ÒÂ²'G—R#¢$fVGW&R"Â'&÷W'F–W2#¢²$æÖR#¢%FR"Â%7–Ö&öÄ”B#¢#cB'ÒÂ&vVöÖWG'’#¢²'G—R#¢%öÇ–vöâ"Â&6ö÷&F–æFW2#¢µµ³cbãcSs3S3Â#’ãƒS#“cƒSBÂãÒÂ³cbãcCcC3bÂ#’ãƒ3C#S3sCCRÂãÒÂ³cbãSssCc““““ƒCcrÂ#’ãsc3#“““““““SrÂãÒÂ³cbãSsƒc“3C3#rÂ#’ãsƒsc3ƒƒ2ÂãÒÂ³cbãc“““““sƒƒ#"Â#’ãƒ#S3“CƒƒbÂãÒÂ³cbãcƒƒ#3C#‚Â#’ãƒ3s“C““““ƒ“#cS‚ÂãÒÂ³cbãSƒ###“rÂ#’ãƒ3#ƒ3““““ƒcccrÂãÒÂ³cbãSsƒ3“““““ccRÂ#’ãƒCC3CCCs"ÂãÒÂ³cbãcCc“““““CScÂ#’ãƒcccC““““S“sƒƒ"ÂãÒÂ³cbãcSs3S3Â#’ãƒS#“cƒSBÂãÕÕ××ÒÂ²'G—R#¢$fVGW&R"Â'&÷W'F–W2#¢²$æÖR#¢$§2"Â%7–Ö&öÄ”B#¢#SR'ÒÂ&vVöÖWG'’#¢²'G—R#¢%öÇ–vöâ"Â&6ö÷&F–æFW2#¢µµ³cbãcƒ3##“““““cCSrÂ#’ãƒCcCc““““s“s2ÂãÒÂ³cbãcs3S#““““c“ƒRÂ#’ãƒ3scc“cbÂãÒÂ³cbãcs3C“““““33"Â#’ãƒC##s3c#bÂãÒÂ³cbãcƒ3##“““““cCSrÂ#’ãƒCcCc““““s“s2ÂãÕÕ××ÒÂ²'G—R#¢$fVGW&R"Â'&÷W'F–W2#¢²$æÖR#¢$§2"Â%7–Ö&öÄ”B#¢#SR'ÒÂ&vVöÖWG'’#¢²'G—R#¢%öÇ–vöâ"Â&6ö÷&F–æFW2#¢µµ³cbãccC3““““cSc2Â#’ãƒCccS““““SS“3“"ÂãÒÂ³cbãcc#Sc““““cSƒbÂ#’ãƒƒ#“S“““““C2ÂãÒÂ³cbãcssCƒ“‚Â#’ãƒ“S#“““““c“S#ƒ2ÂãÒÂ³cbãcss“““““ƒs2Â#’ãƒSSCs““““ƒ#ƒRÂãÒÂ³cbãccC3““““cSc2Â#’ãƒCccS““““SS“3“"ÂãÕÕ××ÒÂ²'G—R#¢$fVGW&R"Â'&÷W'F–W2#¢²$æÖR#¢%""Â%7–Ö&öÄ”B#¢#C’'ÒÂ&vVöÖWG'’#¢²'G—R#¢%öÇ–vöâ"Â&6ö÷&F–æFW2#¢µµ³cbãcs#c““““s‚Â#’ãƒs3c““““c#Sƒ2ÂãÒÂ³cbãc3“sCS#rÂ#’ãƒ““sC““““ƒc#cRÂãÒÂ³cbãcs33C“ƒ"Â#’ã“s“3SSBÂãÒÂ³cbãcSCCScsCbÂ#’ãƒ“C3““““sSc#CBÂãÒÂ³cbãcs#c““““s‚Â#’ãƒs3c““““c#Sƒ2ÂãÕÕ××ÒÂ²'G—R#¢$fVGW&R"Â'&÷W'F–W2#¢²$æÖR#¢$§2"Â%7–Ö&öÄ”B#¢#SR'ÒÂ&vVöÖWG'’#¢²'G—R#¢%öÇ–vöâ"Â&6ö÷&F–æFW2#¢µµ³cbãsƒC#RÂ#’ãƒC“““““Sƒ3BÂãÒÂ³cbãs333CSÂ#’ãƒssSc#C’ÂãÒÂ³cbãc“##3CC#rÂ#’ãƒƒSsc“““““ƒSSBÂãÒÂ³cbãs#c#C’Â#’ã“cC““““““sS“rÂãÒÂ³cbãsC“SCC##2Â#’ã“3###“3"ÂãÒÂ³cbãs3c3#““““ƒ#“rÂ#’ã“S““““““ƒSƒ2ÂãÒÂ³cbãsCS“ƒCBÂ#’ã““s““““ccƒ3rÂãÒÂ³cbãscs#C“"Â#’ãƒƒCCs#“3"ÂãÒÂ³cbãs3“““““ccS32Â#’ãƒc“““““ƒƒ3BÂãÒÂ³cbãsƒC#RÂ#’ãƒC“““““Sƒ3BÂãÕÕ××ÒÂ²'G—R#¢$fVGW&R"Â'&÷W'F–W2#¢²$æÖR#¢%""Â%7–Ö&öÄ”B#¢#C’'ÒÂ&vVöÖWG'’#¢²'G—R#¢%öÇ–vöâ"Â&6ö÷&F–æFW2#¢µµ³cbãc3S““““ƒ“rÂ#’ã“#sƒ“c“2ÂãÒÂ³cbãcC“scCBÂ#’ã“S#S3#S“3CBÂãÒÂ³cbãsSƒ#ScƒRÂ#’ã““Sƒc3ƒ“"ÂãÒÂ³cbãc3S““““ƒ“rÂ#’ã“#sƒ“c“2ÂãÕÕ××ÒÂ²'G—R#¢$fVGW&R"Â'&÷W'F–W2#¢²$æÖR#¢$§2"Â%7–Ö&öÄ”B#¢#SR'ÒÂ&vVöÖWG'’#¢²'G—R#¢%öÇ–vöâ"Â&6ö÷&F–æFW2#¢µµ³cbãsC#s#CS3‚Â#’ã“ƒSc3ƒƒÂãÒÂ³cbãs#3ƒ##“#ƒRÂ#’ã“ssƒCS“sRÂãÒÂ³cbãsCS33““““ƒC‚Â#’ã““ƒs#S3c‚ÂãÒÂ³cbãsC#s#CS3‚Â#’ã“ƒSc3ƒƒÂãÕÕ××ÒÂ²'G—R#¢$fVGW&R"Â'&÷W'F–W2#¢²$æÖR#¢%FöÒ"Â%7–Ö&öÄ”B#¢#c"'ÒÂ&vVöÖWG'’#¢²'G—R#¢%öÇ–vöâ"Â&6ö÷&F–æFW2#¢µµ³cbãSsƒSs““““scs#Â#’ãƒƒssc““““SƒSƒƒRÂãÒÂ³cbãc#3s“““““SsBÂ3ã3Cs““““s##rÂãÒÂ³cbãcC33“““““c3"Â3ã#3c““““cc33ÂãÒÂ³cbãc“#“““““3CS’Â3ã“s#ƒ3#bÂãÒÂ³cbãc“ƒ#S““““c““2Â3ãƒ#s##s“RÂãÒÂ³cbãcCƒSssSÂ3ãSc““““S“SƒcBÂãÒÂ³cbãc#C“““““ƒ3RÂ#’ã“ƒS““““S“ƒ3SBÂãÒÂ³cbãSsƒSs““““scs#Â#’ãƒƒssc““““SƒSƒƒRÂãÕÕ××ÒÂ²'G—R#¢$fVGW&R"Â'&÷W'F–W2#¢²$æÖR#¢$§2"Â%7–Ö&öÄ”B#¢#SR'ÒÂ&vVöÖWG'’#¢²'G—R#¢%öÇ–vöâ"Â&6ö÷&F–æFW2#¢µµ³cbãƒCCC#3ƒ#sBÂ3ã3sCCS3cs#’ÂãÒÂ³cbãƒS#Ss3RÂ3ã3S#ƒ““““ƒ33c‚ÂãÒÂ³cbãƒ#scs3“"Â3ã#C“#3Cƒƒ‚ÂãÒÂ³cbãsCcc“““““SbÂ3ãsC3#““““s#“scBÂãÒÂ³cbãs3csS3#32Â3ã3c3SS#CCrÂãÒÂ³cbãsƒ3s““““c3s3"Â3ã3C““““cSs‚ÂãÒÂ³cbãc“CCS#cs3RÂ3ãCs3““““s#RÂãÒÂ³cbãssss““““cCs3RÂ3ã3“C““““““#S2ÂãÒÂ³cbãs#ƒ““““ƒ3ƒbÂ3ãSc““““cSƒBÂãÒÂ³cbãs#s3C“RÂ3ãcƒCcS“3rÂãÒÂ³cbãcC3#ƒ“““““33S’Â#’ã“CC3c33s“2ÂãÒÂ³cbãcCƒ#““““cCƒbÂ#’ãƒc3#s#3srÂãÒÂ³cbãSs#cc““““s#sBÂ#’ãƒSƒƒc““““cSƒ3RÂãÒÂ³cbãSƒƒsC#rÂ#’ãƒƒsƒ#“#“s"ÂãÒÂ³cbãc“3S3#3RÂ#’ã“#3C“S“cbÂãÒÂ³cbãcCƒSssSÂ3ãSc““““S“SƒcBÂãÒÂ³cbãc“ƒ#S““““c““2Â3ãƒ#s##s“RÂãÒÂ³cbãc“#“““““3CS’Â3ã“s#ƒ3#bÂãÒÂ³cbãcC33“““““c3"Â3ã#3c““““cc33ÂãÒÂ³cbãc#s33CC‚Â3ãcC#3ƒ#scbÂãÒÂ³cbãc#Sc“3“3#bÂ3ãs#ƒC“sbÂãÒÂ³cbãccc33#C2Â3ã“#C3““““cc3rÂãÒÂ³cbãcc#Sƒ““““c#ƒƒBÂ3ãs“ƒ“““““3ƒS‚ÂãÒÂ³cbãcƒƒ#““““““CS"Â3ãƒ#3CS3RÂãÒÂ³cbãs3cSbÂ3ãC3ƒ#CƒcbÂãÒÂ³cbãsS#SƒsS"Â3ãSƒc“““““3c2ÂãÒÂ³cbãc“S““““SƒcƒbÂ3ãS“#““““ƒ“sÂãÒÂ³cbãcs#C#cƒrÂ3ãc3#C#c‚ÂãÒÂ³cbãs#ƒ3CS2Â3ã#“#““““s“s’ÂãÒÂ³cbãs3“#c““““cƒ2Â3ã#c3C““““SsƒsrÂãÒÂ³cbãƒCCC#3ƒ#sBÂ3ã3sCCS3cs#’ÂãÕÒÂµ³cbãsƒ3cs““““ƒ3#"Â3ã#“3S3“S#RÂãÒÂ³cbãs“c““““cCS‚Â3ã#“““s““““sss#3bÂãÒÂ³cbãsƒcsCCS#"Â3ã3cƒ“‚ÂãÒÂ³cbãsƒ3cs““““ƒ3#"Â3ã#“3S3“S#RÂãÕÒÂµ³cbãssSCƒ““““ƒc3c‚Â3ã#sCCS““ƒBÂãÒÂ³cbãsƒc3“““““3cÂ3ã#ƒ3“CCƒ“‚ÂãÒÂ³cbãsscS“““““s“#"Â3ã#ƒC“““““c33CbÂãÒÂ³cbãssSCƒ““““ƒc3c‚Â3ã#sCCS““ƒBÂãÕÒÂµ³cbãsc3ƒ“““““3bÂ3ã#c3#S““““ƒC“BÂãÒÂ³cbãsc3cCƒSƒ’Â3ã#ssC3SsrÂãÒÂ³cbãsc3CC“#Â3ã#cC3c““““ssSs3‚ÂãÒÂ³cbãsc3ƒ“““““3bÂ3ã#c3#S““““ƒC“BÂãÕÒÂµ³cbãsCcS“sC’Â3ãSƒ#3““““csc3ÂãÒÂ³cbãsS#s32Â3ãs“#“c3rÂãÒÂ³cbãs####’Â3ãc33cc3“C‚ÂãÒÂ³cbãsCcS“sC’Â3ãSƒ#3““““csc3ÂãÕÒÂµ³cbãsC#3s“RÂ3ã#c“scSCC2ÂãÒÂ³cbãsƒS3““““ƒ#"Â3ã3c#S““““S““3bÂãÒÂ³cbãsCs““““ƒ#’Â3ã#c3S3S##bÂãÒÂ³cbãsC#3s“RÂ3ã#c“scSCC2ÂãÕÕ××ÒÂ²'G—R#¢$fVGW&R"Â'&÷W'F–W2#¢²$æÖR#¢%"Â%7–Ö&öÄ”B#¢#‚'ÒÂ&vVöÖWG'’#¢²'G—R#¢%öÇ–vöâ"Â&6ö÷&F–æFW2#¢µµ³cbãsƒS3““““ƒ#"Â3ã3c#S““““S““3bÂãÒÂ³cbãsC#3s“RÂ3ã#c“scSCC2ÂãÒÂ³cbãsCs““““ƒ#’Â3ã#c3S3S##bÂãÒÂ³cbãsƒS3““““ƒ#"Â3ã3c#S““““S““3bÂãÕÕ××ÒÂ²'G—R#¢$fVGW&R"Â'&÷W'F–W2#¢²$æÖR#¢%B"Â%7–Ö&öÄ”B#¢#r'ÒÂ&vVöÖWG'’#¢²'G—R#¢%öÇ–vöâ"Â&6ö÷&F–æFW2#¢µµ³cbãCcSS“““““CCÂ3ãcCs““““SS#3’ÂãÒÂ³cbãCCCC#S“Â3ãƒ##33ss“RÂãÒÂ³cbãC3ƒ““““s3sBÂ3ã3“S3#“3’ÂãÒÂ³cbãC#SSs#CBÂ3ãcƒC““““sssrÂãÒÂ³cbãC“#ƒs’Â3ãcCƒ#““““cCƒsbÂãÒÂ³cbãC3Sc““““cSSƒ"Â3ãCS#““““ƒ“csrÂãÒÂ³cbã3ƒ““““““c3BÂ3ã#ccC““““s“scs‚ÂãÒÂ³cbã3ƒ““s““““sss#Â3ãc“sC3ƒbÂãÒÂ³cbãS3#C##Sƒ’Â3ã##Sc3““““sƒc#ÂãÒÂ³cbãC“#c33sC#‚Â3ã“ƒS““““cƒC#cRÂãÒÂ³cbãS#SS33#2Â3ã“s3“CƒCbÂãÒÂ³cbãS#ƒ#c“““““cSrÂ3ãssS“““““#C"ÂãÒÂ³cbãCƒ#3s#sS3RÂ3ãS3s““““ƒsƒRÂãÒÂ³cbãCcSS“““““CCÂ3ãcCs““““SS#3’ÂãÕÕ××ÒÂ²'G—R#¢$fVGW&R"Â'&÷W'F–W2#¢²$æÖR#¢%FöÒ"Â%7–Ö&öÄ”B#¢#c"'ÒÂ&vVöÖWG'’#¢²'G—R#¢%öÇ–vöâ"Â&6ö÷&F–æFW2#¢µµ³cbãSsS3““““ss#2Â3ãc#c““““scsRÂãÒÂ³cbãSScc3sCCBÂ3ãCs33s“CÂãÒÂ³cbãSSC#332Â3ãs#S“““““““sRÂãÒÂ³cbãSSƒ3““srÂ3ãs#““““ƒscc#RÂãÒÂ³cbãSsS3““““ss#2Â3ãc#c““““scsRÂãÕÕ××ÒÂ²'G—R#¢$fVGW&R"Â'&÷W'F–W2#¢²$æÖR#¢%"Â%7–Ö&öÄ”B#¢#‚'ÒÂ&vVöÖWG'’#¢²'G—R#¢%öÇ–vöâ"Â&6ö÷&F–æFW2#¢µµ³cbãs#“Cƒ#2Â3ãcƒc““32ÂãÒÂ³cbãsS#s32Â3ãs“#“c3rÂãÒÂ³cbãs#“SC#CrÂ3ãs#c3ƒ3srÂãÒÂ³cbãs#“Cƒ#2Â3ãcƒc““32ÂãÕÕ××ÒÂ²'G—R#¢$fVGW&R"Â'&÷W'F–W2#¢²$æÖR#¢%FöÒ"Â%7–Ö&öÄ”B#¢#c"'ÒÂ&vVöÖWG'’#¢²'G—R#¢%öÇ–vöâ"Â&6ö÷&F–æFW2#¢µµ³cbãcƒ##c““““scsbÂ3ãƒ3Sc““““SSS“BÂãÒÂ³cbãcs#C#cƒrÂ3ãc3#C#c‚ÂãÒÂ³cbãcs“s““““ƒ#s‚Â3ãSc3#cs“ÂãÒÂ³cbãcc“#““““sc“sÂ3ãsSC““““ss#sBÂãÒÂ³cbãcƒ##c““““scsbÂ3ãƒ3Sc““““SSS“BÂãÕÕ××ÒÂ²'G—R#¢$fVGW&R"Â'&÷W'F–W2#¢²$æÖR#¢%FöÒ"Â%7–Ö&öÄ”B#¢#c"'ÒÂ&vVöÖWG'’#¢²'G—R#¢%öÇ–vöâ"Â&6ö÷&F–æFW2#¢µµ³cbãSƒ3#“““““3CS‚Â3ãSsS2ÂãÒÂ³cbãS“s“sSSRÂ3ã“““““ƒsccSBÂãÒÂ³cbãc#CC““““ƒ#rÂ3ã“#ƒ“3s3#c‚ÂãÒÂ³cbãc##“““““ƒCSbÂ3ãs3“““““ccS#ƒ2ÂãÒÂ³cbãSƒ3#“““““3CS‚Â3ãSsS2ÂãÕÕ××ÒÂ²'G—R#¢$fVGW&R"Â'&÷W'F–W2#¢²$æÖR#¢%FöÒ"Â%7–Ö&öÄ”B#¢#c"'ÒÂ&vVöÖWG'’#¢²'G—R#¢%öÇ–vöâ"Â&6ö÷&F–æFW2#¢µµ³cbãSsc3“3“ƒ#RÂ3ãsƒss““““ƒ“s2ÂãÒÂ³cbãSsS“C““““ƒ“#cbÂ3ã“ccSCS"ÂãÒÂ³cbãS“S#CC#2Â3ã“CccSƒ“32ÂãÒÂ³cbãSƒƒSC###"Â3ãƒS3#““““ss“c“rÂãÒÂ³cbãSsc3“3“ƒ#RÂ3ãsƒss““““ƒ“s2ÂãÕÕ××ÒÂ²'G—R#¢$fVGW&R"Â'&÷W'F–W2#¢²$æÖR#¢%FöÒ"Â%7–Ö&öÄ”B#¢#c"'ÒÂ&vVöÖWG'’#¢²'G—R#¢%öÇ–vöâ"Â&6ö÷&F–æFW2#¢µµ³cbãc33#““““cs“s’Â3ãƒ3S“““““CrÂãÒÂ³cbãc3#CS““““c#“3bÂ3ãƒƒC#““““sCCsSbÂãÒÂ³cbãcS#cC““““ƒ“sc"Â3ã#3ƒ““““cƒƒBÂãÒÂ³cbãcCcCCCSs2Â3ãƒSƒ33#ƒrÂãÒÂ³cbãc33#““““cs“s’Â3ãƒ3S“““““CrÂãÕÕ××ÒÂ²'G—R#¢$fVGW&R"Â'&÷W'F–W2#¢²$æÖR#¢$§2"Â%7–Ö&öÄ”B#¢#SR'ÒÂ&vVöÖWG'’#¢²'G—R#¢%öÇ–vöâ"Â&6ö÷&F–æFW2#¢µµ³cbã“CCCƒ““““ƒ3rÂ3ã#““#“““““c“ScRÂãÒÂ³cbãƒƒ3“333RÂ3ã“#s““““ƒs#c2ÂãÒÂ³cbãƒc“#“33"Â3ãs#c#““““ssCs32ÂãÒÂ³cbãs““S#C‚Â3ãƒCƒS““““ƒƒ“CrÂãÒÂ³cbãƒ#“ƒS““““ƒ3“’Â3ã““ss3ƒS#c2ÂãÒÂ³cbãƒCƒ“c““““scSsbÂ3ã3C3ƒC3“bÂãÒÂ³cbãƒS#““““cS“ƒ"Â3ã#ƒsƒ““““SSƒƒsbÂãÒÂ³cbãƒCC#““““c“srÂ3ãƒcƒ““““ƒcƒcCRÂãÒÂ³cbãƒcCSƒcc“BÂ3ãƒc“C#ƒƒSbÂãÒÂ³cbãƒƒS3S“SBÂ3ã#cƒS#sS3BÂãÒÂ³cbã“CCCƒ““““ƒ3rÂ3ã#““#“““““c“ScRÂãÕÒÂµ³cbãƒCSƒƒ““““ƒ#3crÂ3ãSC#““““ƒ““c#BÂãÒÂ³cbãƒs“SC#sƒ‚Â3ãS“ƒS““““s3“#BÂãÒÂ³cbãƒs“S#s#3‚Â3ãsƒ#c““““scsCBÂãÒÂ³cbãƒCSƒƒ““““ƒ#3crÂ3ãSC#““““ƒ““c#BÂãÕÕ××ÒÂ²'G—R#¢$fVGW&R"Â'&÷W'F–W2#¢²$æÖR#¢%B"Â%7–Ö&öÄ”B#¢#r'ÒÂ&vVöÖWG'’#¢²'G—R#¢%öÇ–vöâ"Â&6ö÷&F–æFW2#¢µµ³cbãƒs“SC#sƒ‚Â3ãS“ƒS““““s3“#BÂãÒÂ³cbãƒCSƒƒ““““ƒ#3crÂ3ãSC#““““ƒ““c#BÂãÒÂ³cbãƒs“S#s#3‚Â3ãsƒ#c““““scsCBÂãÒÂ³cbãƒs“SC#sƒ‚Â3ãS“ƒS““““s3“#BÂãÕÕ××ÒÂ²'G—R#¢$fVGW&R"Â'&÷W'F–W2#¢²$æÖR#¢%B"Â%7–Ö&öÄ”B#¢#r'ÒÂ&vVöÖWG'’#¢²'G—R#¢%öÇ–vöâ"Â&6ö÷&F–æFW2#¢µµ³cbã“SC#S““““s““"Â3ã##“C““““ss#sCBÂãÒÂ³cbãƒƒS3S“SBÂ3ã#cƒS#sS3BÂãÒÂ³cbãƒcCSƒcc“BÂ3ãƒc“C#ƒƒSbÂãÒÂ³cbãƒƒS““““S“ƒ32Â3ãsss3SCc"ÂãÒÂ³cbãƒcƒƒ“““““s3SRÂ3ã##SS“sƒCC2ÂãÒÂ³cbã“ƒ“““““ƒS’Â3ã#3c#C#sSƒrÂãÒÂ³cbã“SC#S““““s““"Â3ã##“C““““ss#sCBÂãÕÕ××ÒÂ²'G—R#¢$fVGW&R"Â'&÷W'F–W2#¢²$æÖR#¢$§2"Â%7–Ö&öÄ”B#¢#SR'ÒÂ&vVöÖWG'’#¢²'G—R#¢%öÇ–vöâ"Â&6ö÷&F–æFW2#¢µµ³cbãƒC3ƒ““““S“ƒƒbÂ3ã#3s#““““sƒ“s2ÂãÒÂ³cbãƒ“C““““c“#‚Â3ã##3c#c#“S2ÂãÒÂ³cbãƒCS###CÂ3ã#Ccc““““sssRÂãÒÂ³cbãƒC3ƒ““““S“ƒƒbÂ3ã#3s#““““sƒ“s2ÂãÕÕ××ÒÂ²'G—R#¢$fVGW&R"Â'&÷W'F–W2#¢²$æÖR#¢$§2"Â%7–Ö&öÄ”B#¢#SR'ÒÂ&vVöÖWG'’#¢²'G—R#¢%öÇ–vöâ"Â&6ö÷&F–æFW2#¢µµ³cbãƒ#Ss“““““cs3"Â3ã#SCS““““c“ƒ#’ÂãÒÂ³cbãƒSc““““S“SƒrÂ3ã#SC“#Ss“3‚ÂãÒÂ³cbãƒ#SC’Â3ã#c#c““““ScƒsbÂãÒÂ³cbãƒ#Ss“““““cs3"Â3ã#SCS““““c“ƒ#’ÂãÕÕ××ÒÂ²'G—R#¢$fVGW&R"Â'&÷W'F–W2#¢²$æÖR#¢%"Â%7–Ö&öÄ”B#¢#‚'ÒÂ&vVöÖWG'’#¢²'G—R#¢%öÇ–vöâ"Â&6ö÷&F–æFW2#¢µµ³cbãsƒƒ““““sS3s2Â3ã#scsƒ“sbÂãÒÂ³cbãsscS“““““s“#"Â3ã#ƒC“““““c33CbÂãÒÂ³cbãss“#C““““cƒs‚Â3ã#ƒC#3““““csc#ƒ‚ÂãÒÂ³cbãsƒƒ““““sS3s2Â3ã#scsƒ“sbÂãÕÕ××ÒÂ²'G—R#¢$fVGW&R"Â'&÷W'F–W2#¢²$æÖR#¢%"Â%7–Ö&öÄ”B#¢#‚'ÒÂ&vVöÖWG'’#¢²'G—R#¢%öÇ–vöâ"Â&6ö÷&F–æFW2#¢µµ³cbãs“3#CCƒ‚Â3ã#“C##3S#scbÂãÒÂ³cbãsƒcsCCS#"Â3ã3cƒ“‚ÂãÒÂ³cbãs“c““““cCS‚Â3ã#“““s““““sss#3bÂãÒÂ³cbãs“3#CCƒ‚Â3ã#“C##3S#scbÂãÕÕ××ÒÂ²'G—R#¢$fVGW&R"Â'&÷W'F–W2#¢²$æÖR#¢$§2"Â%7–Ö&öÄ”B#¢#SR'ÒÂ&vVöÖWG'’#¢²'G—R#¢%öÇ–vöâ"Â&6ö÷&F–æFW2#¢µµ³cbã““c#““““s““s2Â3ã3ƒc#3CC#2ÂãÒÂ³cbã“ƒsCc““““sCsrÂ3ã3CS3““““sƒ#C"ÂãÒÂ³cbã““sCsCC#"Â3ã3C3C““““sss#2ÂãÒÂ³cbã““c“##Ssƒ’Â3ã3#CSsSbÂãÒÂ³cbã“sCCScsS"Â3ã3ƒƒc““““cSƒ#BÂãÒÂ³cbã“SCƒ3““““Scc3’Â3ã3SSsSSCCbÂãÒÂ³cbã“33s““““Sƒs3bÂ3ã#s“ss“““““Cs“RÂãÒÂ³cbã“CcS“C#ƒ#"Â3ã3Csc3C#2ÂãÒÂ³cbã“s“S#““““c“ƒBÂ3ã3ƒCsCSÂãÒÂ³cbã““c#““““s““s2Â3ã3ƒc#3CC#2ÂãÕÕ××ÒÂ²'G—R#¢$fVGW&R"Â'&÷W'F–W2#¢²$æÖR#¢$§2"Â%7–Ö&öÄ”B#¢#SR'ÒÂ&vVöÖWG'’#¢²'G—R#¢%öÇ–vöâ"Â&6ö÷&F–æFW2#¢µµ³cbã““3““““““CcbÂ3ã3SS33“CssrÂãÒÂ³crãƒ3#3C3bÂ3ã3ƒ#C#ƒ3bÂãÒÂ³crã3s#C“Â3ãCs#“““““ƒ“SCRÂãÒÂ³crãsc““““ƒccBÂ3ã3SC3#““““s#“srÂãÒÂ³cbã““3““““““CcbÂ3ã3SS33“CssrÂãÕÕ××ÒÂ²'G—R#¢$fVGW&R"Â'&÷W'F–W2#¢²$æÖR#¢%""Â%7–Ö&öÄ”B#¢#C’'ÒÂ&vVöÖWG'’#¢²'G—R#¢%öÇ–vöâ"Â&6ö÷&F–æFW2#¢µµ³cbãƒSSc““““c“SsbÂ3ãCƒ33SC#cbÂãÒÂ³cbãƒ#s“C33s‚Â3ã3cSsSbÂãÒÂ³cbãƒ#c3c33‚Â3ã3sSƒs““““sc##"ÂãÒÂ³cbãƒs“S““““cSC2Â3ã3s3Ss““““ƒs“bÂãÒÂ³cbãƒSSc““““c“SsbÂ3ãCƒ33SC#cbÂãÕÕ××ÒÂ²'G—R#¢$fVGW&R"Â'&÷W'F–W2#¢²$æÖR#¢$§B"Â%7–Ö&öÄ”B#¢#R'ÒÂ&vVöÖWG'’#¢²'G—R#¢%öÇ–vöâ"Â&6ö÷&F–æFW2#¢µµ³crã3#C#S“BÂ3ã3Sƒ““““Sscƒc‚ÂãÒÂ³crãC““ƒƒCrÂ3ã3##C“““““#cBÂãÒÂ³crã#S“c“““““Sc"Â3ã3##ƒc“ƒ"ÂãÒÂ³crã#C““““ss#s"Â3ã33““s““““ƒss2ÂãÒÂ³cbã“ƒsSƒ““““ƒsƒcRÂ3ã33“SC““““ƒ3#cƒBÂãÒÂ³crãS#3“““““#c"Â3ã3SScs“““““3#‚ÂãÒÂ³crãsc““““ƒccBÂ3ã3SC3#““““s#“srÂãÒÂ³crã3s#C“Â3ãCs#“““““ƒ“SCRÂãÒÂ³cbã““cC“““““ssS#Â3ã3Sƒ“#Ss““"ÂãÒÂ³cbã““ƒ“s3cS#bÂ3ã3“3c#3ƒ’ÂãÒÂ³crã333S3#32Â3ã3“ƒc““““ƒ3#rÂãÒÂ³crãSc“CC3#BÂ3ãC#3SƒcC‚ÂãÒÂ³crãSc#s“““““##Â3ãCCS““““ƒ3ccRÂãÒÂ³crã3#C#S“BÂ3ã3Sƒ““““Sscƒc‚ÂãÕÕ××ÒÂ²'G—R#¢$fVGW&R"Â'&÷W'F–W2#¢²$æÖR#¢%FöÒ"Â%7–Ö&öÄ”B#¢#c"'ÒÂ&vVöÖWG'’#¢²'G—R#¢%öÇ–vöâ"Â&6ö÷&F–æFW2#¢µµ³cbã“Sss““““ƒCs"Â3ãCsc#ƒ““““Sƒ3ƒSRÂãÒÂ³cbãƒs##3CC#"Â3ãCCCSS“RÂãÒÂ³cbãƒ#ƒ#“““““ƒCSrÂ3ã3“cƒ“s3Cƒ2ÂãÒÂ³cbãsƒcSCC#sbÂ3ã3C“Sc““““cSSsƒRÂãÒÂ³cbãs“C#c#“ƒƒ2Â3ã3sƒ“cƒCCRÂãÒÂ³cbãƒ“sc33“ƒ"Â3ãCƒ3CCCc“bÂãÒÂ³cbã“Sss““““ƒCs"Â3ãCsc#ƒ““““Sƒ3ƒSRÂãÕÕ××ÒÂ²'G—R#¢$fVGW&R"Â'&÷W'F–W2#¢²$æÖR#¢%""Â%7–Ö&öÄ”B#¢#C’'ÒÂ&vVöÖWG'’#¢²'G—R#¢%öÇ–vöâ"Â&6ö÷&F–æFW2#¢µµ³cbãƒ“C#c“’Â3ãS3“#““““ƒC“cRÂãÒÂ³cbã“#C““““s##sRÂ3ãSs““““s#csSbÂãÒÂ³cbã“#SC3s2Â3ãC“ƒS#sCcbÂãÒÂ³cbãƒ“sc33“ƒ"Â3ãCƒ3CCCc“bÂãÒÂ³cbãs“C#c#“ƒƒ2Â3ã3sƒ“cƒCCRÂãÒÂ³cbãsƒ33c“““““#ScBÂ3ã3S#“cC3sSRÂãÒÂ³cbãs“Ss#ss“BÂ3ãCSƒC““““SssƒcrÂãÒÂ³cbãss3“#ƒCƒrÂ3ãC#3c#3“2ÂãÒÂ³cbãƒ3S“##ƒ3rÂ3ãCCCC“sRÂãÒÂ³cbãƒ#ScƒC3rÂ3ãCcs“SCÂãÒÂ³cbãƒc3sc““““cƒSƒÂ3ãCs3CC“““““sS’ÂãÒÂ³cbãƒ“C#c“’Â3ãS3“#““““ƒC“cRÂãÕÕ××ÒÂ²'G—R#¢$fVGW&R"Â'&÷W'F–W2#¢²$æÖR#¢%""Â%7–Ö&öÄ”B#¢#C’'ÒÂ&vVöÖWG'’#¢²'G—R#¢%öÇ–vöâ"Â&6ö÷&F–æFW2#¢µµ³crã“CCs3“#’Â3ãc#SCS““““cs“#cRÂãÒÂ³crãCC“#3Sss’Â3ãcC3SS#C‚ÂãÒÂ³crãcƒ“ƒ““““ƒƒƒc2Â3ãSSƒCC##CrÂãÒÂ³crã“#“““““ƒ“SÂ3ãS3#SC3s#bÂãÒÂ³crã3ƒ“c““““ScS’Â3ãC“c#s““““c##3CRÂãÒÂ³crãCC“C3#2Â3ãCsc““““s#3#3RÂãÒÂ³crãsƒC3#Â3ãC3“C3“““““ScrÂãÒÂ³cbã““c#C3sSs’Â3ãC3sC#33#s“2ÂãÒÂ³cbãƒ“Sc““““s“SsÂ3ã3s3“CCƒ#2ÂãÒÂ³cbãƒSsS"Â3ã#scƒ“ƒƒ"ÂãÒÂ³cbãƒCƒ“s3C"Â3ã3#3C“““““ƒ#SsBÂãÒÂ³cbãƒ#““S3“##rÂ3ã3SCƒ““““ƒ3s2ÂãÒÂ³cbãƒScC#CSƒbÂ3ã33“#3“““““#c"ÂãÒÂ³cbãƒccƒƒ’Â3ã3sssC““““cc#s“rÂãÒÂ³cbãƒ“3s#3sssRÂ3ãC3C##““““ƒCsBÂãÒÂ³cbã“3#sC““““ƒ#rÂ3ãCcC#C3ss2ÂãÒÂ³cbã“#C3“““““cc2Â3ãC3Sc3ƒ‚ÂãÒÂ³cbã“3“SS““““““CbÂ3ãC#CS33c#ƒBÂãÒÂ³cbã“CS3#““““ƒs“c"Â3ãCSƒ#ƒ##SrÂãÒÂ³cbã“SCSc““““sSsrÂ3ãCCSCsCCbÂãÒÂ³cbã“s#““““ƒC“crÂ3ãCc3ƒc3ƒ“3bÂãÒÂ³cbã“S3C““2Â3ãCs#cC33SsƒrÂãÒÂ³cbã“S#cs““““sƒ##"Â3ãCƒƒƒ#c“ÂãÒÂ³cbã““ƒ““““““3BÂ3ãS#Sc““““cƒBÂãÒÂ³cbã“s“#cSBÂ3ãS3CSsSBÂãÒÂ³crãS3s“Cƒ#BÂ3ãS“#C“3S#rÂãÒÂ³crãc#33““““ƒ“RÂ3ãc“C33ssbÂãÒÂ³crã“CCs3“#’Â3ãc#SCS““““cs“#cRÂãÕÕ××ÒÂ²'G—R#¢$fVGW&R"Â'&÷W'F–W2#¢²$æÖR#¢%B"Â%7–Ö&öÄ”B#¢#r'ÒÂ&vVöÖWG'’#¢²'G—R#¢%öÇ–vöâ"Â&6ö÷&F–æFW2#¢µµ³cbãƒ“C#c“’Â3ãS3“#““““ƒC“cRÂãÒÂ³cbãƒc3sc““““cƒSƒÂ3ãCs3CC“““““sS’ÂãÒÂ³cbãƒ#ScƒC3rÂ3ãCcs“SCÂãÒÂ³cbãƒ3S“##ƒ3rÂ3ãCCCC“sRÂãÒÂ³cbãsƒC#scS2Â3ãCc3c““““cƒsƒ2ÂãÒÂ³cbãsƒ3““““ScƒBÂ3ãCƒ3#s“““““s#rÂãÒÂ³cbãƒc3S“3sƒ#‚Â3ãSS#“ƒ3CcBÂãÒÂ³cbãƒ“C#c“’Â3ãS3“#““““ƒC“cRÂãÕÕ××ÒÂ²'G—R#¢$fVGW&R"Â'&÷W'F–W2#¢²$æÖR#¢%""Â%7–Ö&öÄ”B#¢#C’'ÒÂ&vVöÖWG'’#¢²'G—R#¢%öÇ–vöâ"Â&6ö÷&F–æFW2#¢µµ³cbã“C3“““““cƒÂ3ãSc“ƒ##cƒbÂãÒÂ³cbã“3#“““““c33Â3ãS3sS3c##‚ÂãÒÂ³cbã“C“““““ƒƒ‚Â3ãSSc““““ƒsÂãÒÂ³cbã“C3“““““cƒÂ3ãSc“ƒ##cƒbÂãÕÕ××ÒÂ²'G—R#¢$fVGW&R"Â'&÷W'F–W2#¢²$æÖR#¢%"Â%7–Ö&öÄ”B#¢#'ÒÂ&vVöÖWG'’#¢²'G—R#¢%öÇ–vöâ"Â&6ö÷&F–æFW2#¢µµ³cbãsC##S33s3"Â3ãsƒƒ#3““““csc3rÂãÒÂ³cbãss“cs““““s3##RÂ3ãs“Cs““““ƒ##"ÂãÒÂ³cbãƒCS“#ƒSRÂ3ãƒc“C#ƒƒRÂãÒÂ³cbãƒC“““““3ƒÂ3ãƒc#C3sSsƒRÂãÒÂ³cbãsC#s“SƒRÂ3ãscC“3““““ƒƒcRÂãÒÂ³cbãs3c#c““““scsBÂ3ãsCC“c““““ƒcScCbÂãÒÂ³cbãscs#“33332Â3ãs#ssƒSCRÂãÒÂ³cbãƒS#3CCCrÂ3ãsc#“##SsƒRÂãÒÂ³cbã“““sCS#"Â3ãsss3“““““ƒ"ÂãÒÂ³cbã“3cc###ƒ‚Â3ãs“CC“““““csS#‚ÂãÒÂ³cbã“S#3#““““ƒ#“cbÂ3ãsƒ3“cS3“ÂãÒÂ³cbã“SScssC‚Â3ãƒ#S“““““““3bÂãÒÂ³cbã“ƒcS##S"Â3ãƒsS““““ƒ3C“‚ÂãÒÂ³cbã“cs#c“““““c2Â3ãsssC““““““#S"ÂãÒÂ³cbã““ƒ3c3“bÂ3ãs“s3#““““ss“s"ÂãÒÂ³cbã““CscC"Â3ãss#Cc2ÂãÒÂ³crãC#c3“ƒsBÂ3ãsCc“““““ƒS#RÂãÒÂ³crã#c“3“C‚Â3ãsccC““““ƒssbÂãÒÂ³crãSƒƒ““““ƒƒcRÂ3ãsS#C33CC3RÂãÒÂ³crã“C#C3ss2Â3ãsƒC“C3ƒsC2ÂãÒÂ³crãCc““““s3srÂ3ãsƒsc““““s“Ss‚ÂãÒÂ³crãC#SC““““ƒƒ#cRÂ3ãssCcC““““s“ss2ÂãÒÂ³crãƒ“““““ƒ“ccBÂ3ãsƒs#c“““““c"ÂãÒÂ³crãSSC3#“C3bÂ3ãsCC3“““““cc#’ÂãÒÂ³crãƒSSsRÂ3ãsSScCC3s#rÂãÒÂ³crãcSsƒCrÂ3ãs#“SsSSC3BÂãÒÂ³crãs#cC“"Â3ãsS“s““““Sss3‚ÂãÒÂ³crã#““““s3ƒ#RÂ3ãcSc3c““““csSƒ2ÂãÒÂ³crãsƒƒs““““ƒ#‚Â3ãc3“c#BÂãÒÂ³crãSƒCs“3’Â3ãcSS#s#CrÂãÒÂ³crã#sSs#C2Â3ãcScsS““““csC3rÂãÒÂ³crã#33C#“#"Â3ãcCCS#cs3"ÂãÒÂ³crãCCcÂ3ãcCCScsSrÂãÒÂ³crãƒƒƒs““““ƒ#"Â3ãc#S3s#SSSRÂãÒÂ³crãSs“#““““sc“s2Â3ãcƒ“s““““c#s3ÂãÒÂ³crãS3s“Cƒ#BÂ3ãS“#C“3S#rÂãÒÂ³cbã“s“#cSBÂ3ãS3CSsSBÂãÒÂ³cbã““ƒ““““““3BÂ3ãS#Sc““““cƒBÂãÒÂ³cbã“S#cs““““sƒ##"Â3ãCƒƒƒ#c“ÂãÒÂ³cbã“S3C““2Â3ãCs#cC33SsƒrÂãÒÂ³cbã“s#Cƒ““““c3ƒbÂ3ãCs3cC3s3BÂãÒÂ³cbã“ScS3““““s##bÂ3ãCCS“#““““sc“s2ÂãÒÂ³cbã“CS3#““““ƒs“c"Â3ãCSƒ#ƒ##SrÂãÒÂ³cbã“3“SS““““““CbÂ3ãC#CS33c#ƒBÂãÒÂ³cbã“#C3“““““cc2Â3ãC3Sc3ƒ‚ÂãÒÂ³cbã“3“““““sCcs"Â3ãCƒ“#3cCC‚ÂãÒÂ³cbã“#C““““s##sRÂ3ãSs““““s#csSbÂãÒÂ³cbãƒƒcSƒ#ccƒbÂ3ãSCƒs#33ƒ"ÂãÒÂ³cbãƒc3S“3sƒ#‚Â3ãSS#“ƒ3CcBÂãÒÂ³cbãƒ3s#“““““3“bÂ3ãSc#3s“rÂãÒÂ³cbãsƒS#3cBÂ3ãCsCcS3“s#sbÂãÒÂ³cbãƒ#cƒƒ"Â3ãC3“c“““““ƒSsRÂãÒÂ³cbãsC“““““““ƒ"Â3ãCCS#““““ƒCccbÂãÒÂ³cbãs3#s33#‚Â3ãC#33#3s‚ÂãÒÂ³cbãssCƒ#’Â3ã3scS3cSCbÂãÒÂ³cbãsss3s““““sƒs#2Â3ã3Cs“C““““S“#ƒSbÂãÒÂ³cbãs3cC“““““#S’Â3ã3S“ƒC“‚ÂãÒÂ³cbãs3ƒ““““S“33BÂ3ã3c“ƒC#cs#BÂãÒÂ³cbãs##sSC##RÂ3ã#“cƒS##s3‚ÂãÒÂ³cbãsƒ#““““sSCsRÂ3ã#“ƒ#C#“sCRÂãÒÂ³cbãc“ƒ““ƒƒC’Â3ã#C“3ƒƒrÂãÒÂ³cbãcss3SC##rÂ3ã#c#3“#ƒ"ÂãÒÂ³cbãsƒCcÂ3ã#“ƒ#scƒcrÂãÒÂ³cbãcS“##C3’Â3ã##ƒS““““ƒc“sBÂãÒÂ³cbãccCƒ3CC#rÂ3ã#C“““““S“cƒBÂãÒÂ³cbãc#ƒC“““““SsS3RÂ3ã#3s#“33CBÂãÒÂ³cbãSƒs“““““ccS’Â3ã#C“CcSbÂãÒÂ³cbãS“s##s#ƒ2Â3ã#sS#““““cS“‚ÂãÒÂ³cbãSƒs3ƒ2Â3ã3c““““c333"ÂãÒÂ³cbãcc3C““2Â3ã3#SS#3Csƒ‚ÂãÒÂ³cbãcƒs““““cs32Â3ã3CCC““““csƒ"ÂãÒÂ³cbãScsC#BÂ3ã3CS“#“““““c“bÂãÒÂ³cbãS““3c““““ƒ#Sc‚Â3ã3“#sc““““ƒ3ScRÂãÒÂ³cbãccƒ3CCrÂ3ã3“Sc““““sƒs2ÂãÒÂ³cbãc#3#“33332Â3ã3ƒcS““““ƒS“sbÂãÒÂ³cbãcCC3““““ƒc‚Â3ã3“SC“““““ƒ#SsbÂãÒÂ³cbãcC3ƒ““““c3ƒbÂ3ãCCSsC““““Sc#“bÂãÒÂ³cbãc#sƒ3C2Â3ãCCSCS““““cs“3RÂãÒÂ³cbãc#Cƒ#SƒbÂ3ãCcCCs“““““S#bÂãÒÂ³cbãSƒ333#s“3"Â3ãCcSc33“ƒRÂãÒÂ³cbãS“S““““sƒcrÂ3ãCsSSƒ#C2ÂãÒÂ³cbãCƒc33#C#’Â3ãCCCS““““Ss“3cRÂãÒÂ³cbãCS#C“rÂ3ãCCƒƒ3ƒbÂãÒÂ³cbãC3““““““bÂ3ãCSCsS#SS"ÂãÒÂ³cbãCcCƒc“““““SSrÂ3ãCc3““““s#csƒ"ÂãÒÂ³cbãScƒ####ƒrÂ3ãSƒ#sƒ““““cSƒƒBÂãÒÂ³cbãSs3s#SS"Â3ãc“cCƒS“BÂãÒÂ³cbãc#ƒ““““sC3#RÂ3ãc#C3““““scs‚ÂãÒÂ³cbãc“#“““““3CS‚Â3ãcSS#SƒsC3bÂãÒÂ³cbãcc“cCƒS“bÂ3ãcƒƒ“s#cS32ÂãÒÂ³cbãcƒ3““““SSc’Â3ãs#3#s““““cs##ƒbÂãÒÂ³cbãcCscs3“BÂ3ãsc“S““““cC3BÂãÒÂ³cbãcscƒ“bÂ3ãs3“SC3sscbÂãÒÂ³cbãcCsC““““s33#BÂ3ãscCƒs““““ƒ#“BÂãÒÂ³cbãcCC#s““““s###BÂ3ãƒ3cƒ33s‚ÂãÒÂ³cbãccScƒ3#Â3ãsƒs##““““ƒcCcs‚ÂãÒÂ³cbãcƒsc#s3ƒBÂ3ãƒC3#““““s#“sbÂãÒÂ³cbãcƒS#cC“2Â3ãsƒ3c“““““ƒSSs2ÂãÒÂ³cbãcs3Sƒc“BÂ3ãssSC#RÂãÒÂ³cbãcƒ3sC““““cc#ƒBÂ3ãscs#3““““ƒ#cƒ‚ÂãÒÂ³cbãcƒCsc“““““3ScÂ3ãsCCs“““““#BÂãÒÂ³cbãsCsS“““““sCÂ3ãsC3“““““ƒ"ÂãÒÂ³cbãs#ƒsSS"Â3ãsSscSCsS32ÂãÒÂ³cbãs3ƒ3““““ƒcƒrÂ3ãƒ#“#ƒ3“BÂãÒÂ³cbãsC##S33s3"Â3ãsƒƒ#3““““csc3rÂãÕÒÂµ³crã#“3“c#BÂ3ãcS#3s“sBÂãÒÂ³crã3C#33#s’Â3ãcC“3#c#’ÂãÒÂ³crãS#3ƒCBÂ3ãcƒ33##“3’ÂãÒÂ³crã#“3“c#BÂ3ãcS#3s“sBÂãÕÒÂµ³cbã““c“##Ssƒ’Â3ãcC##ƒ““““cƒ3sƒ2ÂãÒÂ³cbã“sƒSs3S3RÂ3ãc3ƒS3###“‚ÂãÒÂ³cbã““s“#ƒC2Â3ãc#Cƒ#SƒbÂãÒÂ³crãsƒC#Sƒ‚Â3ãc#sCƒ““““sc3s#RÂãÒÂ³cbã““c“##Ssƒ’Â3ãcC##ƒ““““cƒ3sƒ2ÂãÕÒÂµ³cbã“scSƒ#ccƒBÂ3ãc#C“cC#2ÂãÒÂ³cbã“Sƒ3CRÂ3ãcS“C““““““#SRÂãÒÂ³cbã“CCc““““c“s‚Â3ãSƒSS3““““cs3ÂãÒÂ³cbã“###3““““ƒsc2Â3ãSsCƒƒ““““Ss3ƒƒBÂãÒÂ³cbã“#Sc““““s‚Â3ãSSs#C“““““ƒsSbÂãÒÂ³cbã“c3ƒ3srÂ3ãSSsC““"ÂãÒÂ³cbã“#33“C’Â3ãS#SsSC“#rÂãÒÂ³cbã“CƒsC#2Â3ãSC3#SƒsCƒ"ÂãÒÂ³cbã“CC#3“#RÂ3ãS#cƒ“s3CÂãÒÂ³cbã“SCsCSCBÂ3ãS#sCƒCs3‚ÂãÒÂ³cbã“cƒƒ3“sRÂ3ãSssssƒSCÂãÒÂ³cbã“ƒ“““““ssRÂ3ãc3C“SRÂãÒÂ³cbã“scSƒ#ccƒBÂ3ãc#C“cC#2ÂãÕÒÂµ³cbã“cc3#““““s#“sBÂ3ãSSSƒ“##33rÂãÒÂ³cbã“ƒ3“s#S3‚Â3ãScc3““““ccƒS‚ÂãÒÂ³cbã“ƒ3ƒ““““S“33‚Â3ãSs3SC““““ƒ3#ccRÂãÒÂ³cbã“cƒ#scC2Â3ãSc““3““““s3#sRÂãÒÂ³cbã“cc3#““““s#“sBÂ3ãSSSƒ“##33rÂãÕÒÂµ³cbãS#C3S“sbÂ3ãCs#S““““s3csS‚ÂãÒÂ³cbãS3c#““““cS332Â3ãCƒ““““““S#bÂãÒÂ³cbãS3sC#3#“RÂ3ãC“33““““ƒƒ“‚ÂãÒÂ³cbãSsc““““cƒƒÂ3ãCƒ3cƒ““““““3SCBÂãÒÂ³cbãS#C3S“sbÂ3ãCs#S““““s3csS‚ÂãÕÒÂµ³cbã“3#“““““c33Â3ãS3sS3c##‚ÂãÒÂ³cbã“C3“““““cƒÂ3ãSc“ƒ##cƒbÂãÒÂ³cbã“C“““““ƒƒ‚Â3ãSSc““““ƒsÂãÒÂ³cbã“3#“““““c33Â3ãS3sS3c##‚ÂãÕÕ××ÒÂ²'G—R#¢$fVGW&R"Â'&÷W'F–W2#¢²$æÖR#¢%""Â%7–Ö&öÄ”B#¢#C’'ÒÂ&vVöÖWG'’#¢²'G—R#¢%öÇ–vöâ"Â&6ö÷&F–æFW2#¢µµ³cbã“cc3#““““s#“sBÂ3ãSSSƒ“##33rÂãÒÂ³cbã“cƒ#scC2Â3ãSc““3““““s3#sRÂãÒÂ³cbã“ƒ3ƒ““““S“33‚Â3ãSs3SC““““ƒ3#ccRÂãÒÂ³cbã“ƒ3“s#S3‚Â3ãScc3““““ccƒS‚ÂãÒÂ³cbã“cc3#““““s#“sBÂ3ãSSSƒ“##33rÂãÕÕ××ÒÂ²'G—R#¢$fVGW&R"Â'&÷W'F–W2#¢²$æÖR#¢%""Â%7–Ö&öÄ”B#¢#C’'ÒÂ&vVöÖWG'’#¢²'G—R#¢%öÇ–vöâ"Â&6ö÷&F–æFW2#¢µµ³cbã“cƒƒ3“sRÂ3ãSssssƒSCÂãÒÂ³cbã“Cƒs“#Sƒ3‚Â3ãS##cC““““s“sc“2ÂãÒÂ³cbã“CƒsC#2Â3ãSC3#SƒsCƒ"ÂãÒÂ³cbã“#33“C’Â3ãS#SsSC“#rÂãÒÂ³cbã“c3ƒ3srÂ3ãSSsC““"ÂãÒÂ³cbã“#Sc““““s‚Â3ãSSs#C“““““ƒsSbÂãÒÂ³cbã“###3““““ƒsc2Â3ãSsCƒƒ““““Ss3ƒƒBÂãÒÂ³cbã“CCc““““c“s‚Â3ãSƒSS3““““cs3ÂãÒÂ³cbã“Sƒ3CRÂ3ãcS“C““““““#SRÂãÒÂ³cbã“ƒ3Sƒ““““ssƒrÂ3ãc#C#3CBÂãÒÂ³cbã“ƒ“““““ssRÂ3ãc3C“SRÂãÒÂ³cbã“cƒƒ3“sRÂ3ãSssssƒSCÂãÕÕ××ÒÂ²'G—R#¢$fVGW&R"Â'&÷W'F–W2#¢²$æÖR#¢%""Â%7–Ö&öÄ”B#¢#C’'ÒÂ&vVöÖWG'’#¢²'G—R#¢%öÇ–vöâ"Â&6ö÷&F–æFW2#¢µµ³cbã““s“#ƒC2Â3ãc#Cƒ#SƒbÂãÒÂ³cbã“sƒcs“““““ƒ#’Â3ãc3#ƒCcS“ƒ2ÂãÒÂ³cbã“ƒƒc3“2Â3ãcC“““““ccS2ÂãÒÂ³crãssC“rÂ3ãc3#3#3cssrÂãÒÂ³cbã““s“#ƒC2Â3ãc#Cƒ#SƒbÂãÕÕ××ÒÂ²'G—R#¢$fVGW&R"Â'&÷W'F–W2#¢²$æÖR#¢%"Â%7–Ö&öÄ”B#¢#‚'ÒÂ&vVöÖWG'’#¢²'G—R#¢%öÇ–vöâ"Â&6ö÷&F–æFW2#¢µµ³cbãscss#3sss‚Â3ã#cc#“Cc"ÂãÒÂ³cbãscS““““““Â3ã#cs#S3ƒs#cBÂãÒÂ³cbãsc3cCƒSƒ’Â3ã#ssC3SsrÂãÒÂ³cbãscss#3sss‚Â3ã#cc#“Cc"ÂãÕÕ××ÒÂ²'G—R#¢$fVGW&R"Â'&÷W'F–W2#¢²$æÖR#¢%B"Â%7–Ö&öÄ”B#¢#r'ÒÂ&vVöÖWG'’#¢²'G—R#¢%öÇ–vöâ"Â&6ö÷&F–æFW2#¢µµ³cbã“3#C“C3#"Â3ãCc#S3s32ÂãÒÂ³cbãƒƒƒƒƒ““““ss3sÂ3ãC#s##““““ƒcCccBÂãÒÂ³cbãƒccƒƒ’Â3ã3sssC““““cc#s“rÂãÒÂ³cbãƒScC#CSƒbÂ3ã33“#3“““““#c"ÂãÒÂ³cbãƒ#““S3“##rÂ3ã3SCƒ““““ƒ3s2ÂãÒÂ³cbãƒCC#c““““scsBÂ3ã3SƒCc““““““SsRÂãÒÂ³cbãƒC““ƒSRÂ3ãC#c#ƒ3ƒSrÂãÒÂ³cbãƒ“ƒ““““““3bÂ3ã3s“##““““ScCƒrÂãÒÂ³cbãƒ#s“C33s‚Â3ã3cSsSbÂãÒÂ³cbãs“SC“““““s#S‚Â3ã3CCC““““scss2ÂãÒÂ³cbãscs“““““ƒsbÂ3ã#ƒ“3c“CBÂãÒÂ³cbãsC““CcC2Â3ã3SS““““ƒCƒs2ÂãÒÂ³cbãs##s““““ƒ##"Â3ã#sCs“SƒCƒ‚ÂãÒÂ³cbãs3#S3sCs‚Â3ã#CƒC““““s#ssC2ÂãÒÂ³cbãs#ƒ3CS2Â3ã#“#““““s“s’ÂãÒÂ³cbãc“cƒs“““““#BÂ3ãsc33““““s““bÂãÒÂ³cbãcc“#““““sc“sÂ3ãsSC““““ss#sBÂãÒÂ³cbãcs3SC““““c3#ƒ2Â3ãSCc#cƒƒ#‚ÂãÒÂ³cbãsS#SƒsS"Â3ãSƒc“““““3c2ÂãÒÂ³cbãcƒƒ#““““““CS"Â3ãƒ#3CS3RÂãÒÂ³cbãcc“sSC“2Â3ãS#3s#s“RÂãÒÂ³cbãccc33#C2Â3ã“#C3““““cc3rÂãÒÂ³cbãc#Sc“3“3#bÂ3ãs#ƒC“sbÂãÒÂ³cbãc#csƒ““““ƒSƒcbÂ3ãSCCƒ““““c3ƒRÂãÒÂ³cbãcCSs#S3’Â3ãs#““““““sS#cbÂãÒÂ³cbãSsc“““““cSrÂ3ãƒ3C““““cS#ƒÂãÒÂ³cbãSƒC“S3C#2Â3ã“3sC““““sc#s3bÂãÒÂ³cbãc#“sC““““cc#‚Â3ã#c3sCC“‚ÂãÒÂ³cbãcc““““sƒsBÂ3ãƒc###“ÂãÒÂ³cbãcƒcS“““““S“Â3ã#3S#s#3CbÂãÒÂ³cbãSscS3Cs#’Â3ã#3CCSS“3‚ÂãÒÂ³cbãc#ƒcƒBÂ3ãCS““““ƒ3C"ÂãÒÂ³cbãSSs3““““cƒ3bÂ3ãC““““cs3#’ÂãÒÂ³cbãS33c#““““ƒ#CsÂ3ãSsCs““““s##sRÂãÒÂ³cbãSS3C““““ss#rÂ3ã##“C3“CCS2ÂãÒÂ³cbãSs##3““““csc2Â3ã##cCs““““ƒS#ƒ‚ÂãÒÂ³cbãS“#S“““““C“Â3ã#C#“3““““ƒƒbÂãÒÂ³cbãccCƒ3CC#rÂ3ã#C“““““S“cƒBÂãÒÂ³cbãcS“##C3’Â3ã##ƒS““““ƒc“sBÂãÒÂ³cbãsƒCcÂ3ã#“ƒ#scƒcrÂãÒÂ³cbãcsc“#3SssrÂ3ã#Ssc““““cc3#’ÂãÒÂ³cbãc“ƒ““ƒƒC’Â3ã#C“3ƒƒrÂãÒÂ³cbãsƒ#““““sSCsRÂ3ã#“ƒ#C#“sCRÂãÒÂ³cbãs##sSC##RÂ3ã#“cƒS##s3‚ÂãÒÂ³cbãs3ƒ““““S“33BÂ3ã3c“ƒC#cs#BÂãÒÂ³cbãs3cC“““““#S’Â3ã3S“ƒC“‚ÂãÒÂ³cbãssƒs3CrÂ3ã3C“ƒcC3ƒc“bÂãÒÂ³cbãsccssCRÂ3ã3“#3““““scƒ#32ÂãÒÂ³cbãs3Csc““““ƒ3Sc’Â3ãCC#“““““ƒCSƒBÂãÒÂ³cbãsC#“S3CBÂ3ãCC#Cs““““ƒS#BÂãÒÂ³cbãƒS3ƒ““““ƒCƒcbÂ3ãC3“C3s#SBÂãÒÂ³cbãss““““cs3#’Â3ãCƒƒƒCcBÂãÒÂ³cbãs“Ss#ss“BÂ3ãCSƒC““““SssƒcrÂãÒÂ³cbãsƒC#C#“s2Â3ã3ƒsƒ““““c3ƒbÂãÒÂ³cbãsƒcSCC#sbÂ3ã3C“Sc““““cSSsƒRÂãÒÂ³cbãƒ#ƒ#“““““ƒCSrÂ3ã3“cƒ“s3Cƒ2ÂãÒÂ³cbãƒs##3CC#"Â3ãCCCSS“RÂãÒÂ³cbã“#ƒ#s““““c##3bÂ3ãC“cƒ#“ƒBÂãÒÂ³cbã“3#C“C3#"Â3ãCc#S3s32ÂãÕÒÂµ³cbãc33#““““cs“s’Â3ãƒ3S“““““CrÂãÒÂ³cbãcS#cC““““ƒ“sc"Â3ã#3ƒ““““cƒƒBÂãÒÂ³cbãc#s3#““““Ss“’Â3ãƒCC#SSƒbÂãÒÂ³cbãc33#““““cs“s’Â3ãƒ3S“““““CrÂãÕÒÂµ³cbãSsƒ“#Ss“RÂ3ãSc3ƒ#3cƒ‚ÂãÒÂ³cbãc##“““““ƒCSbÂ3ãs3“““““ccS#ƒ2ÂãÒÂ³cbãc#CC““““ƒ#rÂ3ã“#ƒ“3s3#c‚ÂãÒÂ³cbãS“s“sSSRÂ3ã“““““ƒsccSBÂãÒÂ³cbãSsƒ“#Ss“RÂ3ãSc3ƒ#3cƒ‚ÂãÕÒÂµ³cbãSs#sƒ#“cƒbÂ3ãc3sSc#CRÂãÒÂ³cbãSSC#332Â3ãs#S“““““““sRÂãÒÂ³cbãSScc3sCCBÂ3ãCs33s“CÂãÒÂ³cbãSs#sƒ#“cƒbÂ3ãc3sSc#CRÂãÕÒÂµ³cbãSsc3“3“ƒ#RÂ3ãsƒss““““ƒ“s2ÂãÒÂ³cbãSƒƒSC###"Â3ãƒS3#““““ss“c“rÂãÒÂ³cbãS“S#CC#2Â3ã“CccSƒ“32ÂãÒÂ³cbãSsS“C““““ƒ“#cbÂ3ã“ccSCS"ÂãÒÂ³cbãSsc3“3“ƒ#RÂ3ãsƒss““““ƒ“s2ÂãÕÕ××ÒÂ²'G—R#¢$fVGW&R"Â'&÷W'F–W2#¢²$æÖR#¢%""Â%7–Ö&öÄ”B#¢#C’'ÒÂ&vVöÖWG'’#¢²'G—R#¢%öÇ–vöâ"Â&6ö÷&F–æFW2#¢µµ³cbãscss3SRÂ3ã#sƒ““““““3ÂãÒÂ³cbãs3##C““““c3sƒ"Â3ã#S#3“3“ƒ#3bÂãÒÂ³cbãs##3‚Â3ã#cCƒs3S2ÂãÒÂ³cbãsC““CcC2Â3ã3SS““““ƒCƒs2ÂãÒÂ³cbãscss3SRÂ3ã#sƒ““““““3ÂãÕÕ××ÒÂ²'G—R#¢$fVGW&R"Â'&÷W'F–W2#¢²$æÖR#¢%"Â%7–Ö&öÄ”B#¢#‚'ÒÂ&vVöÖWG'’#¢²'G—R#¢%öÇ–vöâ"Â&6ö÷&F–æFW2#¢µµ³cbãC“c“C3ƒs’Â3ã3sc3““““ƒcs#"ÂãÒÂ³cbãC“CS#sCƒRÂ3ã3S#C“333ÂãÒÂ³cbãCssC#rÂ3ã3SC“c3SrÂãÒÂ³cbãCƒƒC“bÂ3ã3ss##s“bÂãÒÂ³cbãC“c“C3ƒs’Â3ã3sc3““““ƒcs#"ÂãÕÕ××ÒÂ²'G—R#¢$fVGW&R"Â'&÷W'F–W2#¢²$æÖR#¢%"Â%7–Ö&öÄ”B#¢#‚'ÒÂ&vVöÖWG'’#¢²'G—R#¢%öÇ–vöâ"Â&6ö÷&F–æFW2#¢µµ³cbãS3“#cCCƒs2Â3ã3ƒ“cc3ƒƒ#"ÂãÒÂ³cbãSƒs#C#ss2Â3ã3“#3“#“ƒ3RÂãÒÂ³cbãSScC3S“sbÂ3ãC3SSS““““““CBÂãÒÂ³cbãSc“ƒ3““““cc3bÂ3ãCS““C3ƒ##‚ÂãÒÂ³cbãS3“#cCCƒs2Â3ã3ƒ“cc3ƒƒ#"ÂãÕÕ××ÒÂ²'G—R#¢$fVGW&R"Â'&÷W'F–W2#¢²$æÖR#¢%Fæ2"Â%7–Ö&öÄ”B#¢#3R'ÒÂ&vVöÖWG'’#¢²'G—R#¢%öÇ–vöâ"Â&6ö÷&F–æFW2#¢µµ³cbãS#C3S“sbÂ3ãCs#S““““s3csS‚ÂãÒÂ³cbãSsc““““cƒƒÂ3ãCƒ3cƒ““““““3SCBÂãÒÂ³cbãS3sC#3#“RÂ3ãC“33““““ƒƒ“‚ÂãÒÂ³cbãS3c#““““cS332Â3ãCƒ““““““S#bÂãÒÂ³cbãS#C3S“sbÂ3ãCs#S““““s3csS‚ÂãÕÕ××ÒÂ²'G—R#¢$fVGW&R"Â'&÷W'F–W2#¢²$æÖR#¢%Fç2"Â%7–Ö&öÄ”B#¢#3r'ÒÂ&vVöÖWG'’#¢²'G—R#¢%öÇ–vöâ"Â&6ö÷&F–æFW2#¢µµ³cbãC3““““““bÂ3ãCSCsS#SS"ÂãÒÂ³cbãCCc#“CrÂ3ãC“CcCC3SsÂãÒÂ³cbãS#SSƒsBÂ3ãSƒ#C““““ƒ##cbÂãÒÂ³cbãSscC’Â3ãS““#C““““cƒs‚ÂãÒÂ³cbãCcCƒc“““““SSrÂ3ãCc3““““s#csƒ"ÂãÒÂ³cbãC3““““““bÂ3ãCSCsS#SS"ÂãÕÕ××ÒÂ²'G—R#¢$fVGW&R"Â'&÷W'F–W2#¢²$æÖR#¢%FöÒ"Â%7–Ö&öÄ”B#¢#c"'ÒÂ&vVöÖWG'’#¢²'G—R#¢%öÇ–vöâ"Â&6ö÷&F–æFW2#¢µµ³cbãƒ#C3#CC3’Â3ã“““ƒ““““sƒs3rÂãÒÂ³cbãsCCƒc““““sSs2Â3ã“sS3““““sƒ#3‚ÂãÒÂ³cbãsSsCc#sƒƒRÂ3ã““3cc““““cssrÂãÒÂ³cbãsS#““““ƒcc‚Â3ã#Sc#C3ƒcbÂãÒÂ³cbãc“sS3#“3‚Â3ã#3#S“““““C“bÂãÒÂ³cbãcS#3ƒ3sbÂ3ã“c33““““ƒSccsbÂãÒÂ³cbãcS#“S#C#3bÂ3ã“CcCsrÂãÒÂ³cbãcSCƒ““““cc3‚Â3ã“3S3“““““sƒ‚ÂãÒÂ³cbãc3##““““scCs"Â3ãƒ“3““#3ƒ3sRÂãÒÂ³cbãcSCs3C#‚Â3ãƒ“ƒ3#““““ƒ#“cƒBÂãÒÂ³cbãc““#3Cƒ‚Â3ãƒƒ##“C3RÂãÒÂ³cbãcƒc#““““SƒCƒ’Â3ã“ƒ3s“““““3sƒ‚ÂãÒÂ³cbãsS#““““c33BÂ3ã“3“CCƒ“2ÂãÒÂ³cbãsS“cCƒbÂ3ã“3“3cCsbÂãÒÂ³cbãsc“#C3#S‚Â3ã“3S3s““““cƒs3BÂãÒÂ³cbãsc#C““““cƒ3#’Â3ã“#sc“#bÂãÒÂ³cbãsƒ3“#s“rÂ3ã“#ƒs#““““cƒ“s‚ÂãÒÂ³cbãsƒCCS““““ƒ#“#Â3ã“SC#““““ƒ“Cc3bÂãÒÂ³cbãsSs“333"Â3ãƒSS3““““ƒSccs"ÂãÒÂ³cbãcƒcƒ#cƒ’Â3ãsccCS#cs3SRÂãÒÂ³cbãcs3Sƒc“BÂ3ãssSC#RÂãÒÂ³cbãcƒS#cC“2Â3ãsƒ3c“““““ƒSSs2ÂãÒÂ³cbãcƒsc#s3ƒBÂ3ãƒC3#““““s#“sbÂãÒÂ³cbãccScƒ3#Â3ãsƒs##““““ƒcCcs‚ÂãÒÂ³cbãcCC#s““““s###BÂ3ãƒ3cƒ33s‚ÂãÒÂ³cbãcCsC““““s33#BÂ3ãscCƒs““““ƒ#“BÂãÒÂ³cbãccCc3#ƒƒÂ3ãsC3ƒS3ss#‚ÂãÒÂ³cbãcCSc““““sSSsRÂ3ãsss3““““c3RÂãÒÂ³cbãcƒC““““s#ssbÂ3ãcƒƒ#3““““ƒscCbÂãÒÂ³cbãS“#CcC#ƒs2Â3ãcc3s3““““c3sbÂãÒÂ³cbãSS3ƒ““““s3s’Â3ãccƒS3#s#ƒrÂãÒÂ³cbãS3#““““scs2Â3ãc#“cc““““SsƒcRÂãÒÂ³cbãC“Cs“““““s##rÂ3ãc#sS““““csC3bÂãÒÂ³cbãCscS““““sc“#2Â3ãS“3#3s“sBÂãÒÂ³cbãS#““““SscƒrÂ3ãSƒƒ“cC#"ÂãÒÂ³cbãS#ƒc“bÂ3ãcCC##3s‚ÂãÒÂ³cbãS#c##“3Â3ãSƒ#“C““““ƒC#c“rÂãÒÂ³cbãC3cs“SƒS"Â3ãCs3s3““““ƒƒ"ÂãÒÂ³cbãCCSS3#“3rÂ3ãCCCSsSSrÂãÒÂ³cbãCƒc33#C#’Â3ãCCCS““““Ss“3cRÂãÒÂ³cbãCC#“#““““““cÂ3ã3s“##““““ScCƒrÂãÒÂ³cbãC3#“S““““sC#‚Â3ã3#3ƒ““““s3s3bÂãÒÂ³cbã3c#3#3css’Â3ã#3S3“SRÂãÒÂ³cbã3ƒSs#SCƒrÂ3ãƒ##““““s“s#2ÂãÒÂ³cbã3S3C““““SsƒRÂ3ã3ƒc3sCRÂãÒÂ³cbã3ƒc#““““c#CƒbÂ3ãCcƒ““’ÂãÒÂ³cbã33Ss#C‚Â3ãƒ#33““““c“#rÂãÒÂ³cbã#ƒ#Cc3#ƒ‚Â3ã3SsC“ƒbÂãÒÂ³cbã#3#C““““c##ƒ2Â3ãsƒs““““SccƒSBÂãÒÂ³cbã#cs#“C33"Â3ãƒ#“ƒ3SRÂãÒÂ³cbã3#sƒ““““ƒSƒc‚Â3ã#3#c“#C33“BÂãÒÂ³cbã33##ƒ““““Sƒ3ƒRÂ3ã3Cƒc“SRÂãÒÂ³cbã3cC3ƒ3sBÂ3ãCSSsSSC"ÂãÒÂ³cbã3C3“CƒCbÂ3ãCCScs3s#ƒRÂãÒÂ³cbã3C“#S““““sC“#"Â3ãCƒS“ƒ3scsC"ÂãÒÂ³cbã3ƒ“C#““““S“Cƒ‚Â3ãSC“3c“““““#Sc"ÂãÒÂ³cbãCsƒccS’Â3ãsss#C“ƒrÂãÒÂ³cbãS#CS““““c“ƒ#rÂ3ãƒ#3““““S“c33rÂãÒÂ³cbãSƒCƒS##s3’Â3ã“ƒ“3cƒ#‚ÂãÒÂ³cbãccS#“““““S“S32Â3ãC“ƒsC#32ÂãÒÂ³cbãcƒ“3C““““ƒ#c’Â3ãS3cSbÂãÒÂ³cbãsƒCScsC2Â3ã3#ƒ““ÂãÒÂ³cbãƒ3sƒ““““ƒƒc‚Â3ãsCs“#Sƒ3bÂãÒÂ³cbãƒ3“Ss#C"Â3ãS“3c““““c#SƒS‚ÂãÒÂ³cbãsc#cs“““““ƒ#‚Â3ãc#c““““scs"ÂãÒÂ³cbãƒ#C3#CC3’Â3ã“““ƒ““““sƒs3rÂãÕÒÂµ³cbãCss““““c#cƒbÂ3ãsCs3cc#s‚ÂãÒÂ³cbãSSƒ““““s“3#2Â3ãssc““““cSƒÂãÒÂ³cbãS3c““““sƒs2Â3ãsƒC“#33sbÂãÒÂ³cbãCss““““c#cƒbÂ3ãsCs3cc#s‚ÂãÕÕ××ÒÂ²'G—R#¢$fVGW&R"Â'&÷W'F–W2#¢²$æÖR#¢%B"Â%7–Ö&öÄ”B#¢#r'ÒÂ&vVöÖWG'’#¢²'G—R#¢%öÇ–vöâ"Â&6ö÷&F–æFW2#¢µµ³cbãSƒ“#ƒBÂ3ãcSS33““““ƒCCbÂãÒÂ³cbãScƒ#c“ƒBÂ3ãc#sƒS““““s3“#S‚ÂãÒÂ³cbãSs3s#SS"Â3ãc“cCƒS“BÂãÒÂ³cbãScc3#““3"Â3ãc#S##“sƒ2ÂãÒÂ³cbãS#SSƒsBÂ3ãSƒ#C““““ƒ##cbÂãÒÂ³cbãS#ƒc“bÂ3ãcCC##3s‚ÂãÒÂ³cbãS#““““SscƒrÂ3ãSƒƒ“cC#"ÂãÒÂ³cbãCscS““““sc“#2Â3ãS“3#3s“sBÂãÒÂ³cbãC“Cs“““““s##rÂ3ãc#sS““““csC3bÂãÒÂ³cbãS3#““““scs2Â3ãc#“cc““““SsƒcRÂãÒÂ³cbãSS3ƒ““““s3s’Â3ãccƒS3#s#ƒrÂãÒÂ³cbãSƒ“#ƒBÂ3ãcSS33““““ƒCCbÂãÕÕ××ÒÂ²'G—R#¢$fVGW&R"Â'&÷W'F–W2#¢²$æÖR#¢%Fç2"Â%7–Ö&öÄ”B#¢#3r'ÒÂ&vVöÖWG'’#¢²'G—R#¢%öÇ–vöâ"Â&6ö÷&F–æFW2#¢µµ³cbãSccCƒ““““ƒ3sÂ3ãc#s“““““s#2ÂãÒÂ³cbãScS“““““ScSBÂ3ãc3Sc““33“"ÂãÒÂ³cbãcsC““““c#ƒBÂ3ãcssSƒ““““ssƒs‚ÂãÒÂ³cbãcCs3SCsrÂ3ãc“#cCrÂãÒÂ³cbãcsc3““““cƒc#‚Â3ãc“Cƒ“““““cƒSSrÂãÒÂ³cbãcCscs3“BÂ3ãsc“S““““cC3BÂãÒÂ³cbãcƒ3““““SSc’Â3ãs#3#s““““cs##ƒbÂãÒÂ³cbãcc“cCƒS“bÂ3ãcƒƒ“s#cS32ÂãÒÂ³cbãc“#“““““3CS‚Â3ãcSS#SƒsC3bÂãÒÂ³cbãc#ƒ““““sC3#RÂ3ãc#C3““““scs‚ÂãÒÂ³cbãSccCƒ““““ƒ3sÂ3ãc#s“““““s#2ÂãÕÕ××ÒÂ²'G—R#¢$fVGW&R"Â'&÷W'F–W2#¢²$æÖR#¢%"Â%7–Ö&öÄ”B#¢#'ÒÂ&vVöÖWG'’#¢²'G—R#¢%öÇ–vöâ"Â&6ö÷&F–æFW2#¢µµ³cbã3S#C““““ƒss"Â3ãC“33s3#S#ƒRÂãÒÂ³cbã3C3“CƒCbÂ3ãCCScs3s#ƒRÂãÒÂ³cbã3Scsc““““ƒ3SrÂ3ãC3SCs#"ÂãÒÂ³cbã3cC3ƒ3sBÂ3ãCSSsSSC"ÂãÒÂ³cbã33cC“Sƒ3ƒ3#3"Â3ã3C“S“ƒ3“3SCRÂãÒÂ³cbã33Cs#sc“##“‚Â3ã3ƒ3Ccƒ“ƒ3sccs‚ÂãÒÂ³cbã3SCƒcSc3S“‚Â3ãC#s#s“ssCs3sÂãÒÂ³cbã33ƒ“#CsCs’Â3ãCCc“3ƒcƒsCsC“"ÂãÒÂ³cbã33“ƒ3sS“#“scÂ3ãCs“3s3Sƒc“#RÂãÒÂ³cbã#“sƒ“scSCcS3rÂ3ãS“#“S“c33ƒ#C2ÂãÒÂ³cbã#“SCs3#c3rÂ3ãS##“3“CsCRÂãÒÂ³cbã3#CC““““sssBÂ3ãC“cƒ#“ƒs‚ÂãÒÂ³cbã33sS“““““ƒCrÂ3ãSs“#“““““c“SsbÂãÒÂ³cbãC3c3““““s3c#2Â3ãcC“c““3CrÂãÒÂ³cbã3ƒ“C#““““S“Cƒ‚Â3ãSC“3c“““““#Sc"ÂãÒÂ³cbã3S#C““““ƒss"Â3ãC“33s3#S#ƒRÂãÕÕ××ÒÂ²'G—R#¢$fVGW&R"Â'&÷W'F–W2#¢²$æÖR#¢%Fæ2"Â%7–Ö&öÄ”B#¢#3R'ÒÂ&vVöÖWG'’#¢²'G—R#¢%öÇ–vöâ"Â&6ö÷&F–æFW2#¢µµ³cbãCSC“““““ƒ3rÂ3ãs3#CC#2ÂãÒÂ³cbã3ƒCs##ƒBÂ3ãSs#3““““scƒ#BÂãÒÂ³cbã3#CC““““sssBÂ3ãC“cƒ#“ƒs‚ÂãÒÂ³cbã#ƒ“c3#CSBÂ3ãS#“ƒ“““““3cRÂãÒÂ³cbã#ƒƒCC##rÂ3ãSs3s“““““cs3BÂãÒÂ³cbã3S#sƒ““““sSƒs2Â3ãc“#“““““33"ÂãÒÂ³cbãC3Cc#S3‚Â3ãsCƒ““““cS3ƒ2ÂãÒÂ³cbãCSC“““““ƒ3rÂ3ãs3#CC#2ÂãÕÕ××ÒÂ²'G—R#¢$fVGW&R"Â'&÷W'F–W2#¢²$æÖR#¢$·2"Â%7–Ö&öÄ”B#¢#'ÒÂ&vVöÖWG'’#¢²'G—R#¢%öÇ–vöâ"Â&6ö÷&F–æFW2#¢µµ³cbãCSCS““““Ss“3bÂ3ãcs3c““““ss“bÂãÒÂ³cbã3S#sƒ““““sSƒs2Â3ãc“#“““““33"ÂãÒÂ³cbã3##“““““““S‚Â3ãSƒ3““““cCc3rÂãÒÂ³cbã3cC3ƒ““““S“ƒƒrÂ3ãcS“ƒ3SCS"ÂãÒÂ³cbãCSCS““““Ss“3bÂ3ãcs3c““““ss“bÂãÕÕ××ÒÂ²'G—R#¢$fVGW&R"Â'&÷W'F–W2#¢²$æÖR#¢%"Â%7–Ö&öÄ”B#¢#'ÒÂ&vVöÖWG'’#¢²'G—R#¢%öÇ–vöâ"Â&6ö÷&F–æFW2#¢µµ³cbãCSC“““““ƒ3rÂ3ãs3#CC#2ÂãÒÂ³cbã3cC3ƒ““““S“ƒƒrÂ3ãcS“ƒ3SCS"ÂãÒÂ³cbã#ƒƒCC##rÂ3ãSs3s“““““cs3BÂãÒÂ³cbã#ƒSSƒ#s““sRÂ3ãSS“cS##ƒbÂãÒÂ³cbã#ƒSƒSƒ3ƒƒC’Â3ãSc“#sSCƒ#SssC“RÂãÒÂ³cbã3ƒcSs#33ƒC#“rÂ3ã“33“ssCs“SƒÂãÒÂ³cbãSCscSS3“SCƒC’Â3ã“s3ƒ“cS#3“BÂãÒÂ³cbãCSC“““““ƒ3rÂ3ãs3#CC#2ÂãÕÕ××ÒÂ²'G—R#¢$fVGW&R"Â'&÷W'F–W2#¢²$æÖR#¢%"Â%7–Ö&öÄ”B#¢#Cr'ÒÂ&vVöÖWG'’#¢²'G—R#¢%öÇ–vöâ"Â&6ö÷&F–æFW2#¢µµ³crã#ƒƒcC3c2Â3ãSccCƒS“bÂãÒÂ³crã#cCƒS#sCrÂ3ãS#s#ƒs“2ÂãÒÂ³crã#C3s“““““Ss‚Â3ãS3ƒC#BÂãÒÂ³crã#ss#3ss‚Â3ãS3“cƒ3#3RÂãÒÂ³crã##ssSC“2Â3ãS3c“cƒCs2ÂãÒÂ³crã#ƒƒcC3c2Â3ãSccCƒS“bÂãÕÕ××ÒÂ²'G—R#¢$fVGW&R"Â'&÷W'F–W2#¢²$æÖR#¢%B"Â%7–Ö&öÄ”B#¢#r'ÒÂ&vVöÖWG'’#¢²'G—R#¢%öÇ–vöâ"Â&6ö÷&F–æFW2#¢µµ³crãcc““cBÂ3ãSSƒCcs#bÂãÒÂ³crã“ƒc33ƒ‚Â3ãSƒs3“““““ƒ#"ÂãÒÂ³crãC“#3“““““#c"Â3ãSƒ#“##SsƒC2ÂãÒÂ³crã#“c#33’Â3ãcsc““““cƒs’ÂãÒÂ³crã3CCc#“BÂ3ãcsS3“S3‚ÂãÒÂ³crãC33““““ƒScc‚Â3ãS#ss““““c“s#s2ÂãÒÂ³crãS3“C““““c“#‚Â3ãCƒ“#sC‚ÂãÒÂ³crã“#“““““ƒ“SÂ3ãS3#SC3s#bÂãÒÂ³crãcc““cBÂ3ãSSƒCcs#bÂãÕÕ××ÒÂ²'G—R#¢$fVGW&R"Â'&÷W'F–W2#¢²$æÖR#¢$²"Â%7–Ö&öÄ”B#¢#S‚'ÒÂ&vVöÖWG'’#¢²'G—R#¢%öÇ–vöâ"Â&6ö÷&F–æFW2#¢µµ³crãCƒ““““cƒƒ"Â3ãcƒ“3““““Sƒ3cbÂãÒÂ³crã#ƒS#“#333rÂ3ãS3S“ƒ#scƒ#"ÂãÒÂ³crã#cCc#“Â3ãSC3S““““sC#bÂãÒÂ³crã3SsS3c#3Â3ãScC3““ƒCSbÂãÒÂ³crãCƒ““““cƒƒ"Â3ãcƒ“3““““Sƒ3cbÂãÕÕ××ÒÂ²'G—R#¢$fVGW&R"Â'&÷W'F–W2#¢²$æÖR#¢%"Â%7–Ö&öÄ”B#¢#Cr'ÒÂ&vVöÖWG'’#¢²'G—R#¢%öÇ–vöâ"Â&6ö÷&F–æFW2#¢µµ³crãCS##SbÂ3ãc“cc“““““sSRÂãÒÂ³crã3Cc#3CCrÂ3ãSscsc3s3s‚ÂãÒÂ³crã3#c““““s3#bÂ3ãScsƒ““““““3RÂãÒÂ³crã3ƒ3s“““““cs3"Â3ãcƒ“3“SBÂãÒÂ³crãCS##SbÂ3ãc“cc“““““sSRÂãÕÕ××ÒÂ²'G—R#¢$fVGW&R"Â'&÷W'F–W2#¢²$æÖR#¢%FöÒ"Â%7–Ö&öÄ”B#¢#c"'ÒÂ&vVöÖWG'’#¢²'G—R#¢%öÇ–vöâ"Â&6ö÷&F–æFW2#¢µµ³crã##SS““““ƒCC’Â3ãcs““““Scc“"ÂãÒÂ³crãC“#3“““““#c"Â3ãSƒ#“##SsƒC2ÂãÒÂ³crã“ƒc33ƒ‚Â3ãSƒs3“““““ƒ#"ÂãÒÂ³crã##CS“““““#“"Â3ãc3cC3“s2ÂãÒÂ³crã##SS““““ƒCC’Â3ãcs““““Scc“"ÂãÕÕ××ÒÂ²'G—R#¢$fVGW&R"Â'&÷W'F–W2#¢²$æÖR#¢%FÒ"Â%7–Ö&öÄ”B#¢#sB'ÒÂ&vVöÖWG'’#¢²'G—R#¢%öÇ–vöâ"Â&6ö÷&F–æFW2#¢µµ³crãC#sƒ“C#3#RÂ3ãc#ƒcs““““sƒ##rÂãÒÂ³crã333c3““““Sƒc3RÂ3ãSsc“3“C’ÂãÒÂ³crã3“sƒCrÂ3ãSƒsS#C“sbÂãÒÂ³crã3ccC#“““““CCcÂ3ãccs“““““ƒ#rÂãÒÂ³crã3s3s“““““C#’Â3ãc#““#““““ƒc“cbÂãÒÂ³crãCcc3““““c3c3RÂ3ãc3ss““““cSs#’ÂãÒÂ³crãC#sƒ“C#3#RÂ3ãc#ƒcs““““sƒ##rÂãÕÕ××ÒÂ²'G—R#¢$fVGW&R"Â'&÷W'F–W2#¢²$æÖR#¢%G"Â%7–Ö&öÄ”B#¢#R'ÒÂ&vVöÖWG'’#¢²'G—R#¢%öÇ–vöâ"Â&6ö÷&F–æFW2#¢µµ³crã3s33c#c3ƒbÂ3ãc3#ƒs““RÂãÒÂ³crã3ccC#“““““CCcÂ3ãccs“““““ƒ#rÂãÒÂ³crã3Cƒ33ƒC#bÂ3ãcC33“C#bÂãÒÂ³crã3SC““““ssrÂ3ãc#S#sCBÂãÒÂ³crã3s33c#c3ƒbÂ3ãc3#ƒs““RÂãÕÕ××ÒÂ²'G—R#¢$fVGW&R"Â'&÷W'F–W2#¢²$æÖR#¢%FÒ"Â%7–Ö&öÄ”B#¢#sB'ÒÂ&vVöÖWG'’#¢²'G—R#¢%öÇ–vöâ"Â&6ö÷&F–æFW2#¢µµ³crã3cS3#ƒ"Â3ãcS#sCS‚ÂãÒÂ³crã3s““““ƒc’Â3ãcC3cS““““““"ÂãÒÂ³crã3c3Ss#SS3‚Â3ãcCSCƒ““““sc3sSBÂãÒÂ³crã3cS3#ƒ"Â3ãcS#sCS‚ÂãÕÕ××ÒÂ²'G—R#¢$fVGW&R"Â'&÷W'F–W2#¢²$æÖR#¢%"Â%7–Ö&öÄ”B#¢#‚'ÒÂ&vVöÖWG'’#¢²'G—R#¢%öÇ–vöâ"Â&6ö÷&F–æFW2#¢µµ³crã3#ƒSC““““Sƒ#ƒ’Â3ãƒ#CS#““““SS“’ÂãÒÂ³crã#CccC““““ƒ“scÂ3ãƒ3cC#ƒSƒBÂãÒÂ³crã33“#““““ƒc“c2Â3ãƒ#ƒ“““““s3#bÂãÒÂ³crã3#3CS““““Ss“3rÂ3ãƒS“s3C3“#C"ÂãÒÂ³crã33c#S33s3"Â3ãƒcCs#3#ss“2ÂãÒÂ³crã3#ƒSC““““Sƒ#ƒ’Â3ãƒ#CS#““““SS“’ÂãÕÕ××ÒÂ²'G—R#¢$fVGW&R"Â'&÷W'F–W2#¢²$æÖR#¢%Fâ"Â%7–Ö&öÄ”B#¢#'ÒÂ&vVöÖWG'’#¢²'G—R#¢%öÇ–vöâ"Â&6ö÷&F–æFW2#¢µµ³crã#C“S“““““C"Â3ãƒS#Cs““““sS##3BÂãÒÂ³crãc#ƒ#“ƒBÂ3ãƒ3c#ƒ##C2ÂãÒÂ³crã#3S##CsƒbÂ3ãƒcS3cc3“CbÂãÒÂ³crã“SƒsS‚Â3ãƒSS““““c#cƒC‚ÂãÒÂ³crã#sS#“C33#BÂ3ãƒ““s“““““#sƒ2ÂãÒÂ³crã#C“S“““““C"Â3ãƒS#Cs““““sS##3BÂãÕÕ××ÒÂ²'G—R#¢$fVGW&R"Â'&÷W'F–W2#¢²$æÖR#¢%B"Â%7–Ö&öÄ”B#¢#r'ÒÂ&vVöÖWG'’#¢²'G—R#¢%öÇ–vöâ"Â&6ö÷&F–æFW2#¢µµ³cbãS““““““““cSbÂ3ãcssƒSssS2ÂãÒÂ³cbãcss“““““sƒ’Â3ãc“#cs#SBÂãÒÂ³cbãcCc#““““ƒ#Cs"Â3ãc“S33CS3RÂãÒÂ³cbãcsSs““““cs3bÂ3ãcss3“““““ƒ“rÂãÒÂ³cbãS““““““““cSbÂ3ãcssƒSssS2ÂãÕÕ××ÒÂ²'G—R#¢$fVGW&R"Â'&÷W'F–W2#¢²$æÖR#¢%"Â%7–Ö&öÄ”B#¢#‚'ÒÂ&vVöÖWG'’#¢²'G—R#¢%öÇ–vöâ"Â&6ö÷&F–æFW2#¢µµ³cbãCss““““c#cƒbÂ3ãsCs3cc#s‚ÂãÒÂ³cbãC“s3C“CrÂ3ãssƒ##“3#BÂãÒÂ³cbãScCc“BÂ3ãsss“S““““SSCCÂãÒÂ³cbãCss““““c#cƒbÂ3ãsCs3cc#s‚ÂãÕÕ××ÒÂ²'G—R#¢$fVGW&R"Â'&÷W'F–W2#¢²$æÖR#¢%Fæ2"Â%7–Ö&öÄ”B#¢#3R'ÒÂ&vVöÖWG'’#¢²'G—R#¢%öÇ–vöâ"Â&6ö÷&F–æFW2#¢µµ³cbãCƒ#ƒ““““cƒ3‚Â3ãssƒCC““““ccsƒ#‚ÂãÒÂ³cbãSCƒ#ƒ““““Sƒ3ƒbÂ3ã“sc“S3C"ÂãÒÂ³cbãS“ƒ“““““ƒ3rÂ3ã“““#C##Sƒƒ"ÂãÒÂ³cbãS#CS““““c“ƒ#rÂ3ãƒ#3““““S“c33rÂãÒÂ³cbãCƒ#ƒ““““cƒ3‚Â3ãssƒCC““““ccsƒ#‚ÂãÕÕ××ÒÂ²'G—R#¢$fVGW&R"Â'&÷W'F–W2#¢²$æÖR#¢%B"Â%7–Ö&öÄ”B#¢#r'ÒÂ&vVöÖWG'’#¢²'G—R#¢%öÇ–vöâ"Â&6ö÷&F–æFW2#¢µµ³cbãsCCƒc““““sSs2Â3ã“sS3““““sƒ#3‚ÂãÒÂ³cbãƒScC““““sƒ3#Â3ãƒ3cCS2ÂãÒÂ³cbãss3CsCRÂ3ã“cs#c3Cƒ‚ÂãÒÂ³cbãs“c3c““““SsSƒbÂ3ã“Cƒcs#CCBÂãÒÂ³cbãƒS#cS3“s#bÂ3ã“c#“““““““SBÂãÒÂ³cbãƒ#c“#““““c“ƒBÂ3ã“#c3““““ccƒrÂãÒÂ³cbãsƒCCs““““ƒS#‚Â3ã“Sƒ33SC#ƒRÂãÒÂ³cbãsƒ3“#s“rÂ3ã“#ƒs#““““cƒ“s‚ÂãÒÂ³cbãsc#C““““cƒ3#’Â3ã“#sc“#bÂãÒÂ³cbãscccC““““S“sƒbÂ3ã“3ƒsƒ““““SSƒƒs‚ÂãÒÂ³cbãsS#““““c33BÂ3ã“3“CCƒ“2ÂãÒÂ³cbãcƒc#““““SƒCƒ’Â3ã“ƒ3s“““““3sƒ‚ÂãÒÂ³cbãc““#3Cƒ‚Â3ãƒƒ##“C3RÂãÒÂ³cbãcSCs3C#‚Â3ãƒ“ƒ3#““““ƒ#“cƒBÂãÒÂ³cbãc3##““““scCs"Â3ãƒ“3““#3ƒ3sRÂãÒÂ³cbãcCc““““““SÂ3ã“Ss“ƒCs2ÂãÒÂ³cbãcS#“S#C#3bÂ3ã“CcCsrÂãÒÂ³cbãcS#3ƒ3sbÂ3ã“c33““““ƒSccsbÂãÒÂ³cbãc“sS3#“3‚Â3ã#3#S“““““C“bÂãÒÂ³cbãsS#““““ƒcc‚Â3ã#Sc#C3ƒcbÂãÒÂ³cbãsSsCc#sƒƒRÂ3ã““3cc““““cssrÂãÒÂ³cbãsCCƒc““““sSs2Â3ã“sS3““““sƒ#3‚ÂãÕÕ××ÒÂ²'G—R#¢$fVGW&R"Â'&÷W'F–W2#¢²$æÖR#¢%Fâ"Â%7–Ö&öÄ”B#¢#'ÒÂ&vVöÖWG'’#¢²'G—R#¢%öÇ–vöâ"Â&6ö÷&F–æFW2#¢µµ³crã3sS#““““s3#’Â#’ãƒc3Cc#SbÂãÒÂ³crã3csc“““““ƒSSBÂ#’ãs“Sƒ“““““cƒS#sRÂãÒÂ³crã3cscc““““SsƒbÂ#’ãs3ss##ssƒ‚ÂãÒÂ³crã3#“Cƒ#’Â#’ãsCC#“ƒ3C"ÂãÒÂ³crã33C“““““ƒ#S‚Â#’ãss3#““““s3#S‚ÂãÒÂ³crã3sC““““ƒ33’Â#’ãƒ#C““““c#33rÂãÒÂ³crã3SSss““““ƒCs’Â#’ãƒC“S#C“sbÂãÒÂ³crã3s3“““““cc"Â#’ãƒCƒC““““ƒsscBÂãÒÂ³crã3sS#““““s3#’Â#’ãƒc3Cc#SbÂãÕÕ××ÒÂ²'G—R#¢$fVGW&R"Â'&÷W'F–W2#¢²$æÖR#¢%FÒ"Â%7–Ö&öÄ”B#¢#sB'ÒÂ&vVöÖWG'’#¢²'G—R#¢%öÇ–vöâ"Â&6ö÷&F–æFW2#¢µµ³crã#c3““““ƒƒcBÂ#’ãs“SS2ÂãÒÂ³crã““SC““““s3#srÂ#’ãƒCcCƒ““““ƒ3cƒBÂãÒÂ³crã#33“#““““cc“s‚Â#’ãƒCƒ#3CSS2ÂãÒÂ³crã#3C“33Cs’Â#’ãƒ#3S“““““C2ÂãÒÂ³crã###SS““““cCC3"Â#’ãƒSƒ##“#ƒBÂãÒÂ³crã#c3““““ƒƒcBÂ#’ãs“SS2ÂãÕÕ××ÒÂ²'G—R#¢$fVGW&R"Â'&÷W'F–W2#¢²$æÖR#¢$§B"Â%7–Ö&öÄ”B#¢#R'ÒÂ&vVöÖWG'’#¢²'G—R#¢%öÇ–vöâ"Â&6ö÷&F–æFW2#¢µµ³crã3SS“c““““cSƒrÂ#’ãƒC“““““cƒƒ2ÂãÒÂ³crã33scs““““s3##RÂ#’ãƒ3#sCCS#rÂãÒÂ³crã3“3s““““Sƒs3RÂ#’ãƒCƒ3CssbÂãÒÂ³crã#SsS““““s“#rÂ#’ãƒ##3C“““““S#ScBÂãÒÂ³crã3#SS““““ƒCC’Â#’ãƒScsc“““““3SS‚ÂãÒÂ³crã3SS“c““““cSƒrÂ#’ãƒC“““““cƒƒ2ÂãÕÕ××ÒÂ²'G—R#¢$fVGW&R"Â'&÷W'F–W2#¢²$æÖR#¢$§B"Â%7–Ö&öÄ”B#¢#R'ÒÂ&vVöÖWG'’#¢²'G—R#¢%öÇ–vöâ"Â&6ö÷&F–æFW2#¢µµ³crã#CSS“““““CƒÂ#’ãƒsSSsC#RÂãÒÂ³crã#S#s#“Â#’ãƒssƒc“““““cÂãÒÂ³crã#C#’Â#’ã“3“S“#C#BÂãÒÂ³crã#c3ƒƒc“2Â#’ãƒƒƒcC3ƒs3RÂãÒÂ³crã#CSS“““““CƒÂ#’ãƒsSSsC#RÂãÕÕ××ÒÂ²'G—R#¢$fVGW&R"Â'&÷W'F–W2#¢²$æÖR#¢%"Â%7–Ö&öÄ”B#¢#Cr'ÒÂ&vVöÖWG'’#¢²'G—R#¢%öÇ–vöâ"Â&6ö÷&F–æFW2#¢µµ³crã#S#3ssSBÂ#’ã“ƒss““““ƒ“sRÂãÒÂ³crãƒƒs““““cc#32Â#’ã“ƒ3““““ccƒ3BÂãÒÂ³crãsc#Cƒ’Â#’ã“3#C#sSƒ2ÂãÒÂ³crã#sƒ3SCRÂ#’ã“3S#cSSRÂãÒÂ³crã#S#3ssSBÂ#’ã“ƒss““““ƒ“sRÂãÕÕ××ÒÂ²'G—R#¢$fVGW&R"Â'&÷W'F–W2#¢²$æÖR#¢%FæÒ"Â%7–Ö&öÄ”B#¢#C’'ÒÂ&vVöÖWG'’#¢²'G—R#¢%öÇ–vöâ"Â&6ö÷&F–æFW2#¢µµ³crã3CcS““““ƒ“#"Â#’ãƒ““#3s#sƒbÂãÒÂ³crã3C“s3cS2Â#’ãƒ“3ƒ3““““ƒc‚ÂãÒÂ³crã#sS“““““ƒƒbÂ#’ã“Sƒƒ3““““ƒccC2ÂãÒÂ³crã3CCCCSsBÂ#’ã“#s““““cccƒ#bÂãÒÂ³crã3CcS““““ƒ“#"Â#’ãƒ““#3s#sƒbÂãÕÕ××ÒÂ²'G—R#¢$fVGW&R"Â'&÷W'F–W2#¢²$æÖR#¢%GB"Â%7–Ö&öÄ”B#¢#R'ÒÂ&vVöÖWG'’#¢²'G—R#¢%öÇ–vöâ"Â&6ö÷&F–æFW2#¢µµ³crãC33“3c“C2Â3ã#cCC““““scssRÂãÒÂ³crãCC“S““““cCƒ3"Â#’ã““cS““““ƒ“"ÂãÒÂ³crãCC“#3SssrÂ#’ãƒScSc““““sSsSRÂãÒÂ³crãC#ƒƒ#C#“2Â#’ã“#c““““““SÂãÒÂ³crãC““““sƒƒ"Â#’ã“S3“““““cRÂãÒÂ³crãC3sS#C‚Â#’ã“SSC##ƒƒ2ÂãÒÂ³crãCƒSƒ#ccƒRÂ#’ã“ƒ3s33“CsBÂãÒÂ³crã3“ccƒ““““cC3‚Â#’ã“ƒ#sCSCbÂãÒÂ³crã3“3c“““““ƒS‚Â#’ã“c#c3““““s3c#rÂãÒÂ³crã3ssCsCSRÂ#’ã“s““3““““ƒ3sBÂãÒÂ³crã3ƒƒssC3S#"Â3ã33s““““sƒs##‚ÂãÒÂ³crã3s#SC##“Â3ã3Scƒ3#bÂãÒÂ³crãC#c“““““cS‚Â3ãCcS““““ƒ“ƒ#2ÂãÒÂ³crãC33“3c“C2Â3ã#cCC““““scssRÂãÕÒÂµ³crãC“““33ƒ3"Â3ã33ƒ3CBÂãÒÂ³crãCC3““s‚Â3ãC“““““ƒ3‚ÂãÒÂ³crã3“s“““““ccS’Â3ã3S“c3S3sƒ"ÂãÒÂ³crã3“cc#““““SsCƒ‚Â3ã#s##““““scCsSbÂãÒÂ³crãC“““33ƒ3"Â3ã33ƒ3CBÂãÕÕ××ÒÂ²'G—R#¢$fVGW&R"Â'&÷W'F–W2#¢²$æÖR#¢%B"Â%7–Ö&öÄ”B#¢#r'ÒÂ&vVöÖWG'’#¢²'G—R#¢%öÇ–vöâ"Â&6ö÷&F–æFW2#¢µµ³crã#sS#“C33#BÂ#’ã“S33#Sc3RÂãÒÂ³crã#ƒScƒ““““s“3rÂ#’ã“Cs“““““c#3SrÂãÒÂ³crã#cssC3ƒ"Â#’ã“#sRÂãÒÂ³crã#c3CS3s32Â#’ã“C“3s““““sƒs“rÂãÒÂ³crã##c33CCs’Â#’ã“3“Ccs“ÂãÒÂ³crã#s3““““SS3‚Â#’ã“c#3C#“ƒRÂãÒÂ³crã##“#33’Â#’ã“ƒƒSs““““ƒcsrÂãÒÂ³crã#sS#“C33#BÂ#’ã“S33#Sc3RÂãÕÕ××ÒÂ²'G—R#¢$fVGW&R"Â'&÷W'F–W2#¢²$æÖR#¢%"Â%7–Ö&öÄ”B#¢#‚'ÒÂ&vVöÖWG'’#¢²'G—R#¢%öÇ–vöâ"Â&6ö÷&F–æFW2#¢µµ³crã3“ss““““cC#2Â#’ã“SƒCƒ3Sƒ2ÂãÒÂ³crã3“ccƒ““““cC3‚Â#’ã“ƒ#sCSCbÂãÒÂ³crãCƒSƒ#ccƒRÂ#’ã“ƒ3s33“CsBÂãÒÂ³crãC3sS#C‚Â#’ã“SSC##ƒƒ2ÂãÒÂ³crã3“ss““““cC#2Â#’ã“SƒCƒ3Sƒ2ÂãÕÕ××ÒÂ²'G—R#¢$fVGW&R"Â'&÷W'F–W2#¢²$æÖR#¢%Fâ"Â%7–Ö&öÄ”B#¢#'ÒÂ&vVöÖWG'’#¢²'G—R#¢%öÇ–vöâ"Â&6ö÷&F–æFW2#¢µµ³crã#3C3SS#CbÂ3ãS“c3““““cƒc#ƒ2ÂãÒÂ³crã#cCc#“BÂ3ãCS#““““cC“ƒbÂãÒÂ³crã#sS“S#“#3Â3ãSƒs3CC"ÂãÒÂ³crã#Sƒc3sCC2Â3ã3ƒ###“ƒ“"ÂãÒÂ³crã##ƒcƒ“““““C3S‚Â3ã3cƒS#sS#‚ÂãÒÂ³crã#cCsCCs2Â#’ã“s““““““ƒƒ#2ÂãÒÂ³crã#“S#s#“BÂ#’ã“s“sƒBÂãÒÂ³crã#“s3““““s“c"Â#’ã“ccS““““c“ƒ#s‚ÂãÒÂ³crã3Cƒss33S3"Â#’ã“3SCS“““““s“bÂãÒÂ³crã3#““S““““ƒSCrÂ#’ã“c3S#S#332ÂãÒÂ³crã33ss3ƒ#rÂ#’ã“ccs33ƒ“#C‚ÂãÒÂ³crã3Ss#s#BÂ#’ã“CC3c33s“2ÂãÒÂ³crã3cC“cƒRÂ#’ã“ƒS““““ƒ3ccS‚ÂãÒÂ³crã3ƒ“C#“SƒBÂ#’ã“#““““Ss33’ÂãÒÂ³crã3ƒccC#3S’Â#’ã“#ƒ#C3BÂãÒÂ³crã3scc“2Â#’ã“““C3ƒ#ÂãÒÂ³crã3c#s““““ƒs#"Â#’ã“#3SS#CBÂãÒÂ³crã3Sƒ“#“c2Â#’ã“33#““““cCƒBÂãÒÂ³crã33sS3#3"Â#’ã“3CC““““cƒ33BÂãÒÂ³crã#ƒcss““““c“s#rÂ#’ã“sS3“““““ƒÂãÒÂ³crã#c#“ƒ##cƒ’Â#’ã“sSS3rÂãÒÂ³crã#33C“ƒÂ3ã#ƒs#““““cƒ“‚ÂãÒÂ³crã“3“#ƒbÂ3ãC3“““““cƒ3c2ÂãÒÂ³crã#c3#CCBÂ3ãs“3C“scRÂãÒÂ³crã#3C3SS#CbÂ3ãS“c3““““cƒc#ƒ2ÂãÕÕ××ÒÂ²'G—R#¢$fVGW&R"Â'&÷W'F–W2#¢²$æÖR#¢%"Â%7–Ö&öÄ”B#¢#‚'ÒÂ&vVöÖWG'’#¢²'G—R#¢%öÇ–vöâ"Â&6ö÷&F–æFW2#¢µµ³crã3#CsC““““s#sbÂ3ãc#Sc3C3ƒ‚ÂãÒÂ³crã#ss#cCCƒs2Â3ã#SC3“““““Scc2ÂãÒÂ³crã#S“ƒC#Sƒ’Â3ã3ƒS““““ƒƒ“rÂãÒÂ³crã#ƒsC““““cs#‚Â3ãS“ƒSc“ƒ2ÂãÒÂ³crã3#CsC““““s#sbÂ3ãc#Sc3C3ƒ‚ÂãÕÕ××ÒÂ²'G—R#¢$fVGW&R"Â'&÷W'F–W2#¢²$æÖR#¢%GB"Â%7–Ö&öÄ”B#¢#R'ÒÂ&vVöÖWG'’#¢²'G—R#¢%öÇ–vöâ"Â&6ö÷&F–æFW2#¢µµ³crã3##s“““““s##RÂ3ãcC“ƒC#csRÂãÒÂ³crã#ƒsC““““cs#‚Â3ãS“ƒSc“ƒ2ÂãÒÂ³crã#S“ƒC#Sƒ’Â3ã3ƒS““““ƒƒ“rÂãÒÂ³crã3ƒsƒ“3#32Â#’ã“Cs3ƒƒc“ÂãÒÂ³crã3“ƒ3c#3ƒrÂ#’ã“#C#scCC‚ÂãÒÂ³crã3cƒ#“C2Â#’ã“Ss3““““ƒ’ÂãÒÂ³crã33ss3ƒ#rÂ#’ã“ccs33ƒ“#C‚ÂãÒÂ³crã3#““S““““ƒSCrÂ#’ã“c3S#S#332ÂãÒÂ³crã3Cƒss33S3"Â#’ã“3SCS“““““s“bÂãÒÂ³crã#“s3““““s“c"Â#’ã“ccS““““c“ƒ#s‚ÂãÒÂ³crã#“S#s#“BÂ#’ã“s“sƒBÂãÒÂ³crã#c##3s“BÂ#’ã“ƒ33#3C3RÂãÒÂ³crã##ƒcƒ“““““C3S‚Â3ã3cƒS#sS#‚ÂãÒÂ³crã#s#“3“c#‚Â3ãCsS#C“SRÂãÒÂ³crã#c3#3ƒssBÂ3ã““C“““““sSSbÂãÒÂ³crã#s“ƒ“““““ƒƒSbÂ3ã#Cc3sCC"ÂãÒÂ³crã#c““““ƒsccbÂ3ãƒ#“C““““sC#s3"ÂãÒÂ³crã#“c“S““““sC#bÂ3ã#cSC#“BÂãÒÂ³crã3##s“““““s##RÂ3ãcC“ƒC#csRÂãÕÕ××ÒÂ²'G—R#¢$fVGW&R"Â'&÷W'F–W2#¢²$æÖR#¢%B"Â%7–Ö&öÄ”B#¢#r'ÒÂ&vVöÖWG'’#¢²'G—R#¢%öÇ–vöâ"Â&6ö÷&F–æFW2#¢µµ³crã#CS33““““sC#RÂ3ãs33““““cScƒ2ÂãÒÂ³crã#sCƒC3cSsrÂ3ãScs33ƒ“#‚ÂãÒÂ³crã#SSC““““ss#sRÂ3ãCs3S“““““cCÂãÒÂ³crã#cCc#“BÂ3ãCS#““““cC“ƒbÂãÒÂ³crã#CS33““““sC#RÂ3ãs33““““cScƒ2ÂãÕÕ××ÒÂ²'G—R#¢$fVGW&R"Â'&÷W'F–W2#¢²$æÖR#¢%B"Â%7–Ö&öÄ”B#¢#r'ÒÂ&vVöÖWG'’#¢²'G—R#¢%öÇ–vöâ"Â&6ö÷&F–æFW2#¢µµ³crã““s““““sSs#2Â3ãƒ3ƒSssS"ÂãÒÂ³crãcS#ƒs“2Â3ãCS3c“““““#SSƒ2ÂãÒÂ³crã33ƒ“““““ƒcÂ3ãS3“ƒ“““““3ƒc‚ÂãÒÂ³crã3“###“rÂ3ãscS#““““sS“sBÂãÒÂ³crã““s““““sSs#2Â3ãƒ3ƒSssS"ÂãÕÕ××ÒÂ²'G—R#¢$fVGW&R"Â'&÷W'F–W2#¢²$æÖR#¢$²"Â%7–Ö&öÄ”B#¢#S‚'ÒÂ&vVöÖWG'’#¢²'G—R#¢%öÇ–vöâ"Â&6ö÷&F–æFW2#¢µµ³crã#C3s“““““Ss‚Â3ãssS3#32ÂãÒÂ³crã#3ƒC“““““ssSbÂ3ãc#3““““ccƒBÂãÒÂ³crã#3““3ƒCBÂ3ãsC“#c33BÂãÒÂ³crã####c3bÂ3ã“s3s““““ƒƒsS2ÂãÒÂ³crã##“““““““cSbÂ3ãsCƒ#““““cCƒCBÂãÒÂ³crã#C3s“““““Ss‚Â3ãssS3#32ÂãÕÕ××ÒÂ²'G—R#¢$fVGW&R"Â'&÷W'F–W2#¢²$æÖR#¢$§B"Â%7–Ö&öÄ”B#¢#R'ÒÂ&vVöÖWG'’#¢²'G—R#¢%öÇ–vöâ"Â&6ö÷&F–æFW2#¢µµ³crã#CS#C“ƒ’Â3ãs3S3s##cbÂãÒÂ³crã##“““““““cSbÂ3ãsCƒ#““““cCƒCBÂãÒÂ³crã##3““““ƒ#Â3ã“cƒ““3"ÂãÒÂ³crã#3ƒcC3ƒrÂ3ã#cs#““““ƒƒ“c"ÂãÒÂ³crã#CS#C“ƒ’Â3ãs3S3s##cbÂãÕÕ××ÒÂ²'G—R#¢$fVGW&R"Â'&÷W'F–W2#¢²$æÖR#¢%FVr"Â%7–Ö&öÄ”B#¢#cb'ÒÂ&vVöÖWG'’#¢²'G—R#¢%öÇ–vöâ"Â&6ö÷&F–æFW2#¢µµ³crãCCsCSC2Â3ãcSs#Cs2ÂãÒÂ³crãC#“sƒ3Cc‚Â3ã3S3““““ss#"ÂãÒÂ³crãC#c“““““cS‚Â3ãCcS““““ƒ“ƒ#2ÂãÒÂ³crã3sScƒ#3ƒRÂ3ãC#3““““Scƒ3RÂãÒÂ³crã3ƒƒssC3S#"Â3ã33s““““sƒs##‚ÂãÒÂ³crã3ssCsCSRÂ#’ã“s““3““““ƒ3sBÂãÒÂ³crã33sƒ““““ƒ“3bÂ3ã#“““#3ƒBÂãÒÂ³crã#ƒ““s““““sss#BÂ3ã33cƒ#3ƒ’ÂãÒÂ³crã#c““““ƒsccbÂ3ãƒ#“C““““sC#s3"ÂãÒÂ³crã#s“ƒ“““““ƒƒSbÂ3ã#Cc3sCC"ÂãÒÂ³crã#c3#3ƒssBÂ3ã““C“““““sSSbÂãÒÂ³crã#s3C““““cSsƒÂ3ãcƒC3“““““cBÂãÒÂ³crã#CS33““““sC#RÂ3ãs33““““cScƒ2ÂãÒÂ³crã#C3#““““ƒ#“crÂ3ã#3“““““c332ÂãÒÂ³crã#“ƒc“““““bÂ3ãCscƒ““““c“3s“bÂãÒÂ³crã#3SC““““c3#ƒRÂ3ãcCc““““c3ƒBÂãÒÂ³crãcsCcsƒ“RÂ3ã“3“ƒCƒ“rÂãÒÂ³crã3C“cƒC"Â3ã“ƒs““““S“#3‚ÂãÒÂ³crã3C33CC#’Â3ã##SS“““““sC#rÂãÒÂ³crãcƒss““““ƒ“sBÂ3ã##C#SC3s##2ÂãÒÂ³crãcSSBÂ3ã#S#ScC3“CBÂãÒÂ³crã###S3cSRÂ3ã“S#“““““““S2ÂãÒÂ³crã#“c“3“CbÂ3ãCs3ScC3‚ÂãÒÂ³crã33ƒs#““““Sƒ“ƒrÂ3ãSSC““““sssÂãÒÂ³crãC3“33“3BÂ3ã“c#ƒC#sSrÂãÒÂ³crãCCsCSC2Â3ãcSs#Cs2ÂãÕÕ××ÒÂ²'G—R#¢$fVGW&R"Â'&÷W'F–W2#¢²$æÖR#¢%GB"Â%7–Ö&öÄ”B#¢#R'ÒÂ&vVöÖWG'’#¢²'G—R#¢%öÇ–vöâ"Â&6ö÷&F–æFW2#¢µµ³crã#3“S“#CrÂ3ã#c““““““SSrÂãÒÂ³crã#ƒ#c““Â3ã““S3“C“bÂãÒÂ³crã#C#c“ƒ“2Â3ã3Cƒ3#C3sBÂãÒÂ³crã#cc#““““SsCƒ‚Â3ãCS##CsƒRÂãÒÂ³crã#3“S“#CrÂ3ã#c““““““SSrÂãÕÕ××ÒÂ²'G—R#¢$fVGW&R"Â'&÷W'F–W2#¢²$æÖR#¢%B"Â%7–Ö&öÄ”B#¢#r'ÒÂ&vVöÖWG'’#¢²'G—R#¢%öÇ–vöâ"Â&6ö÷&F–æFW2#¢µµ³crã#3SC““““c3#ƒRÂ3ãcCc““““c3ƒBÂãÒÂ³crã#SC3ƒRÂ3ãc#c“ƒ“RÂãÒÂ³crã#Cs““““s##bÂ3ã#ƒS3cC2ÂãÒÂ³crãcƒs3#ƒ“3"Â3ã#“C3#“C3RÂãÒÂ³crãC3c3““““sƒc#"Â3ã“Ss“ƒCCRÂãÒÂ³crãcsCcsƒ“RÂ3ã“3“ƒCƒ“rÂãÒÂ³crã#3SC““““c3#ƒRÂ3ãcCc““““c3ƒBÂãÕÒÂµ³crã“#33C#“#RÂ3ãSCCS#cs32ÂãÒÂ³crã“3s““““sƒs#"Â3ãcs3““““sScsS2ÂãÒÂ³crãc3#““““c#“ƒ"Â3ãƒCss““““S“s3crÂãÒÂ³crãs#cC“"Â3ãcCCCSsC"ÂãÒÂ³crã“#33C#“#RÂ3ãSCCS#cs32ÂãÕÕ××ÒÂ²'G—R#¢$fVGW&R"Â'&÷W'F–W2#¢²$æÖR#¢%Fâ"Â%7–Ö&öÄ”B#¢#'ÒÂ&vVöÖWG'’#¢²'G—R#¢%öÇ–vöâ"Â&6ö÷&F–æFW2#¢µµ³crãƒcc3sCC2Â3ãS#ƒC#s2ÂãÒÂ³crãc3ƒs““““cc#2Â3ãcƒC“““““ssS#3bÂãÒÂ³crãc3#““““c#“ƒ"Â3ãƒCss““““S“s3crÂãÒÂ³crã“cs“““““sBÂ3ãcs#““““c3“ƒrÂãÒÂ³crãƒcc3sCC2Â3ãS#ƒC#s2ÂãÕÕ××ÒÂ²'G—R#¢$fVGW&R"Â'&÷W'F–W2#¢²$æÖR#¢%FVr"Â%7–Ö&öÄ”B#¢#cb'ÒÂ&vVöÖWG'’#¢²'G—R#¢%öÇ–vöâ"Â&6ö÷&F–æFW2#¢µµ³crã“3#C““““cƒ32Â3ãS“3#““““ss“s"ÂãÒÂ³crã“S“S“#RÂ3ã#“S““““cƒcƒÂãÒÂ³crã“s#“““““S“S3RÂ3ã#ƒC“33#“‚ÂãÒÂ³crã“cs“SƒCÂ3ãS#cSCCbÂãÒÂ³crã“3#C““““cƒ32Â3ãS“3#““““ss“s"ÂãÕÕ××ÒÂ²'G—R#¢$fVGW&R"Â'&÷W'F–W2#¢²$æÖR#¢%GB"Â%7–Ö&öÄ”B#¢#R'ÒÂ&vVöÖWG'’#¢²'G—R#¢%öÇ–vöâ"Â&6ö÷&F–æFW2#¢µµ³c‚ã###“c3sC‚Â3ã3ƒsc“##S3SsBÂãÒÂ³crã“3CC““““s#srÂ3ãssc#“““““#CS’ÂãÒÂ³crã“CcRÂ3ã““C““““sssrÂãÒÂ³crã“3Sc3““““sƒc’Â3ã#Cƒƒ#CRÂãÒÂ³crã“ccc““““SsƒbÂ3ã#c#“““““ƒCSƒRÂãÒÂ³crã“S3“C3“bÂ3ã##ssCCs2ÂãÒÂ³crã“ssc““““cƒS‚Â3ã#3#s““““““#3‚ÂãÒÂ³crãƒƒ#C#CSƒrÂ3ã#Scc“S2ÂãÒÂ³crãƒs3“CƒCBÂ3ã#33cc“#BÂãÒÂ³crã“ƒƒs““““c#3BÂ3ã###“C’ÂãÒÂ³crãƒcc“c““““ScSƒrÂ3ã#ƒC““““csss‚ÂãÒÂ³crãsƒ3““““ƒƒƒ2Â3ã##s“s““““sss#32ÂãÒÂ³crãs3“Ccs“"Â3ã#csc#3c#s“rÂãÒÂ³crãƒSCC3CCC#Â3ã#ƒSC““““s3#sbÂãÒÂ³crã“CcRÂ3ã#Sss““““ƒ“s3BÂãÒÂ³c‚ã###“c3sC‚Â3ã#CƒƒC“ScƒsS‚ÂãÒÂ³crã“““3c“C"Â3ãcCC3CCC’ÂãÒÂ³c‚ã###“c3sC‚Â3ã3ƒsc“##S3SsBÂãÕÕ××ÒÂ²'G—R#¢$fVGW&R"Â'&÷W'F–W2#¢²$æÖR#¢%"Â%7–Ö&öÄ”B#¢##2'ÒÂ&vVöÖWG'’#¢²'G—R#¢%öÇ–vöâ"Â&6ö÷&F–æFW2#¢µµ³crãSSƒS“““““““rÂ3ãcC#cƒCBÂãÒÂ³crãS3scCƒSƒ’Â3ãCƒcSC“rÂãÒÂ³crãSSƒ3““ƒCÂ3ãsCsS“““““sCRÂãÒÂ³crãSSƒS“““““““rÂ3ãcC#cƒCBÂãÕÕ××ÒÂ²'G—R#¢$fVGW&R"Â'&÷W'F–W2#¢²$æÖR#¢%"Â%7–Ö&öÄ”B#¢#‚'ÒÂ&vVöÖWG'’#¢²'G—R#¢%öÇ–vöâ"Â&6ö÷&F–æFW2#¢µµ³crãC#“sƒ3Cc‚Â3ã3S3““““ss#"ÂãÒÂ³crãCSƒ““““““sS#2Â3ãƒ“3cƒ#C‚ÂãÒÂ³crãCcc#““““c#CƒRÂ3ãSsSc#S#‚ÂãÒÂ³crãCcc#S3’Â3ãs3C#“ƒSRÂãÒÂ³crãC#“sƒ3Cc‚Â3ã3S3““““ss#"ÂãÕÕ××ÒÂ²'G—R#¢$fVGW&R"Â'&÷W'F–W2#¢²$æÖR#¢%F2"Â%7–Ö&öÄ”B#¢#'ÒÂ&vVöÖWG'’#¢²'G—R#¢%öÇ–vöâ"Â&6ö÷&F–æFW2#¢µµ³crãsss““““sC##2Â3ãSc“ƒ##cƒs"ÂãÒÂ³crãSscc““““ƒ3c‚Â3ãS“““““““cSsrÂãÒÂ³crãSssS#SBÂ3ãscC#ƒ#“sbÂãÒÂ³crãS“#Cƒ““““ƒ3s"Â3ã“cCScsCÂãÒÂ³crãcƒ#cS““““SS“BÂ3ãcƒc“sBÂãÒÂ³crãc““ƒCCSsRÂ3ã“cC#3SƒRÂãÒÂ³crãsss““““sC##2Â3ãSc“ƒ##cƒs"ÂãÕÕ××ÒÂ²'G—R#¢$fVGW&R"Â'&÷W'F–W2#¢²$æÖR#¢%FR"Â%7–Ö&öÄ”B#¢#cB'ÒÂ&vVöÖWG'’#¢²'G—R#¢%öÇ–vöâ"Â&6ö÷&F–æFW2#¢µµ³crãccƒS#“““““S“SbÂ3ãƒSC#c#"ÂãÒÂ³crãƒ“3ccƒ“‚Â3ã“333#“#’ÂãÒÂ³crã“ƒC““““sƒ3#2Â3ãs3s““““cƒs#‚ÂãÒÂ³c‚ã###“c3sC‚Â3ãS3ƒ33SCc“"ÂãÒÂ³crã“sƒc3“Â3ãS3SS““““ƒ“CRÂãÒÂ³crãƒ“C“““““ƒ3rÂ3ãƒS3s““““Sƒs3bÂãÒÂ³crãccƒS#“““““S“SbÂ3ãƒSC#c#"ÂãÕÕ××ÒÂ²'G—R#¢$fVGW&R"Â'&÷W'F–W2#¢²$æÖR#¢%FVr"Â%7–Ö&öÄ”B#¢#cb'ÒÂ&vVöÖWG'’#¢²'G—R#¢%öÇ–vöâ"Â&6ö÷&F–æFW2#¢µµ³crãsS3C““““ƒ#rÂ3ãƒƒss““““c“s#bÂãÒÂ³crãs“Sƒ““““ƒƒs"Â3ã3c#s““““c##32ÂãÒÂ³crã“#cC“2Â3ã“SC“““““3#c#BÂãÒÂ³crã“##“C3CsÂ3ãƒcC““““s“ssbÂãÒÂ³crãƒ“ƒƒs““““ƒ##Â3ã#3SSsC3BÂãÒÂ³crã“#“3““““sƒ"Â3ã#c“3““““cƒ#rÂãÒÂ³crã“ƒƒ3CSrÂ3ãSScC““““ƒCscBÂãÒÂ³crãƒƒc#S““““c““#’Â3ãƒSc““““cc3#ƒ‚ÂãÒÂ³crãƒc#sS#RÂ3ã#“#CsscrÂãÒÂ³crãƒ#“s3SCsbÂ3ã“sƒc#3ƒƒC‚ÂãÒÂ³crãsƒ3““““ƒƒƒ2Â3ã##s“s““““sss#32ÂãÒÂ³crã“#CS3cSRÂ3ã#“ƒs““““cc##’ÂãÒÂ³crã“##““““ƒS3bÂ3ã“#“3“c#BÂãÒÂ³crã“#cC“““““ƒ3rÂ3ã3C““““ƒ3ƒc2ÂãÒÂ³crã“3sƒ“““““cƒS#rÂ3ã#S#cCCƒc’ÂãÒÂ³crã“3cC“““““ƒsSBÂ3ãSCCs#“3bÂãÒÂ³crã“S#ƒ3““““scc#BÂ3ãCs““““““c3bÂãÒÂ³crã“S33c3c3srÂ3ã“ƒS##“sƒÂãÒÂ³c‚ã###“c3sC‚Â3ãS3#S#ss“SbÂãÒÂ³crã“ƒC““““sƒ3#2Â3ãs3s““““cƒs#‚ÂãÒÂ³crãccs“““““ccS3Â3ãƒS“#““““Sc“ƒRÂãÒÂ³crãcƒsC#ƒ’Â3ãƒƒ“s3cS#bÂãÒÂ³crãs#3SƒcC"Â3ã##“3“CƒSÂãÒÂ³crãs3Cc3S#rÂ3ã#“#““““ƒ3##BÂãÒÂ³crãsS3C““““ƒ#rÂ3ãƒƒss““““c“s#bÂãÕÕ××ÒÂ²'G—R#¢$fVGW&R"Â'&÷W'F–W2#¢²$æÖR#¢%FR"Â%7–Ö&öÄ”B#¢#cB'ÒÂ&vVöÖWG'’#¢²'G—R#¢%öÇ–vöâ"Â&6ö÷&F–æFW2#¢µµ³crãsƒC#ƒ3#ƒÂ3ãƒSƒ““““cƒƒC"ÂãÒÂ³crã“##“C3CsÂ3ãƒcC““““s“ssbÂãÒÂ³crã“#cC“2Â3ã“SC“““““3#c#BÂãÒÂ³crãs“Sƒ““““ƒƒs"Â3ã3c#s““““c##32ÂãÒÂ³crãsC##3CC’Â3ãcCS3S“CbÂãÒÂ³crãs#sƒ““““s3s2Â3ãƒcC#cƒs‚ÂãÒÂ³crãsƒC#ƒ3#ƒÂ3ãƒSƒ““““cƒƒC"ÂãÕÒÂµ³crãsƒ33CC“"Â3ãsC3C““““sS#s3RÂãÒÂ³crãsC#ƒ3“sRÂ3ãsc3#cBÂãÒÂ³crãsƒCsS“““““sC’Â3ãCcƒ““““cS3ƒBÂãÒÂ³crã“s“““““s3’Â3ãS#““““s“sƒ2ÂãÒÂ³crãsƒ33CC“"Â3ãsC3C““““sS#s3RÂãÕÕ××ÒÂ²'G—R#¢$fVGW&R"Â'&÷W'F–W2#¢²$æÖR#¢%Fâ"Â%7–Ö&öÄ”B#¢#'ÒÂ&vVöÖWG'’#¢²'G—R#¢%öÇ–vöâ"Â&6ö÷&F–æFW2#¢µµ³crã“Cƒ#““““sCsRÂ3ãS#“C33#2ÂãÒÂ³crãsƒCsS“““““sC’Â3ãCcƒ““““cS3ƒBÂãÒÂ³crãsC3cC“““““CsS’Â3ãƒ3““““s“c#"ÂãÒÂ³crãsƒ33CC“"Â3ãsC3C““““sS#s3RÂãÒÂ³crã“Cƒ#““““sCsRÂ3ãS#“C33#2ÂãÕÕ××ÒÂ²'G—R#¢$fVGW&R"Â'&÷W'F–W2#¢²$æÖR#¢%B"Â%7–Ö&öÄ”B#¢#r'ÒÂ&vVöÖWG'’#¢²'G—R#¢%öÇ–vöâ"Â&6ö÷&F–æFW2#¢µµ³crãsC#““““S“ƒRÂ3ã#ƒ“3ƒ““““sCƒs"ÂãÒÂ³crãsCs3“C“‚Â3ã#3S#c““““cƒcBÂãÒÂ³crãscƒ3ƒ““““S“ƒƒrÂ3ã#Cc3““SBÂãÒÂ³crãs““s3cS#’Â3ã#SC““““s33#2ÂãÒÂ³crãƒ#“s3SCsbÂ3ã“sƒc#3ƒƒC‚ÂãÒÂ³crãƒc#sS#RÂ3ã#“#CsscrÂãÒÂ³crãƒƒc#S““““c““#’Â3ãƒSc““““cc3#ƒ‚ÂãÒÂ³crã“ƒƒ3CSrÂ3ãSScC““““ƒCscBÂãÒÂ³crã“#“3““““sƒ"Â3ã#c“3““““cƒ#rÂãÒÂ³crãƒsƒsc““““c3SƒBÂ3ã#ƒc““““c3ƒBÂãÒÂ³crãsƒC#ƒ3#ƒÂ3ãƒSƒ““““cƒƒC"ÂãÒÂ³crãs#3SBÂ3ãƒ3cc““““csƒ#bÂãÒÂ³crãsSss#ƒS3"Â3ã“ƒ#“CÂãÒÂ³crãs3Cc3S#rÂ3ã#“#““““ƒ3##BÂãÒÂ³crãs#3SƒcC"Â3ã##“3“CƒSÂãÒÂ³crãc“#““““““sS#rÂ3ã“cSS““““cCC3rÂãÒÂ³crãcSssS““““s#C#RÂ3ã“Csƒ““““ƒSƒcC"ÂãÒÂ³crãcs3““““ƒ#cc’Â3ã#CƒCCSs"ÂãÒÂ³crãcSs“““““ƒ##Â3ã#3S3““““““‚ÂãÒÂ³crãcC3#ƒs’Â3ã#3S3“SRÂãÒÂ³crãScsCrÂ3ã##“Cs““““s##s‚ÂãÒÂ³crãS3CCc2Â3ã#SCc““““““SC"ÂãÒÂ³crãS3#“c““““scSs2Â3ã#scC3CCCCBÂãÒÂ³crãSCƒcC#3Sƒ‚Â3ã#sƒC“sBÂãÒÂ³crãSSc#3“#rÂ3ã#Cƒs““““cs3s2ÂãÒÂ³crãS““““““cRÂ3ã#cS“C““““s“#s#BÂãÒÂ³crãc“C“““““33Â3ã##3Ss#S‚ÂãÒÂ³crãc#Sc3““““cƒc3Â3ã#sS#3CsƒBÂãÒÂ³crãc3sƒ““““sSƒsRÂ3ã#CsC““““cSsƒBÂãÒÂ³crãcSS“““““ƒCbÂ3ã#SC“c““““scSsbÂãÒÂ³crãcCss““““ƒsƒ"Â3ã#sƒ“““““c3S332ÂãÒÂ³crãs“##C#sRÂ3ã#S#c“ƒ“"ÂãÒÂ³crãs#3“c#S3ƒBÂ3ã#s#c3#sC3"ÂãÒÂ³crãscSCsSBÂ3ã#ƒƒ““““““sS#rÂãÒÂ³crãs#sc3C#C#bÂ3ã#“cƒƒC3‚ÂãÒÂ³crãsC#““““S“ƒRÂ3ã#ƒ“3ƒ““““sCƒs"ÂãÕÕ××ÒÂ²'G—R#¢$fVGW&R"Â'&÷W'F–W2#¢²$æÖR#¢%FVr"Â%7–Ö&öÄ”B#¢#cb'ÒÂ&vVöÖWG'’#¢²'G—R#¢%öÇ–vöâ"Â&6ö÷&F–æFW2#¢µµ³crãcS#3#cBÂ3ã“ƒC3CCC#RÂãÒÂ³crãc3“33C‚Â3ã#33##s’ÂãÒÂ³crãcCcs““““c#ƒ3"Â3ã#cSƒ3ccsƒRÂãÒÂ³crãcSs“““““ƒ##Â3ã#3S3““““““‚ÂãÒÂ³crãcs3““““ƒ#cc’Â3ã#CƒCCSs"ÂãÒÂ³crãcs#““““ƒƒCcbÂ3ã#sccCC2ÂãÒÂ³crãcS#3#cBÂ3ã“ƒC3CCC#RÂãÕÕ××ÒÂ²'G—R#¢$fVGW&R"Â'&÷W'F–W2#¢²$æÖR#¢$²"Â%7–Ö&öÄ”B#¢#S‚'ÒÂ&vVöÖWG'’#¢²'G—R#¢%öÇ–vöâ"Â&6ö÷&F–æFW2#¢µµ³crã“3s“““““c#3"Â3ã#“““““3ƒRÂãÒÂ³crãƒsCcs““““ƒƒ#"Â3ã#33“““““ƒcBÂãÒÂ³crãƒsss““““ssƒ#Â3ã#S#““““c“ssbÂãÒÂ³crã“cc3“““““ƒcbÂ3ã#ƒƒC““““c#sƒ"ÂãÒÂ³crã“3s“““““c#3"Â3ã#“““““3ƒRÂãÕÕ××ÒÂ²'G—R#¢$fVGW&R"Â'&÷W'F–W2#¢²$æÖR#¢%B"Â%7–Ö&öÄ”B#¢#r'ÒÂ&vVöÖWG'’#¢²'G—R#¢%öÇ–vöâ"Â&6ö÷&F–æFW2#¢µµ³crã“ss#3C2Â3ãS““““sscs2ÂãÒÂ³crã“ƒcS‚Â3ã#SC“““““ƒ#SSrÂãÒÂ³c‚ã###“c3sC‚Â3ãc3ƒS33CSC#c"ÂãÒÂ³crã“S33c3c3srÂ3ã“ƒS##“sƒÂãÒÂ³crã“S#ƒ3““““scc#BÂ3ãCs““““““c3bÂãÒÂ³crã“3cC“““““ƒsSBÂ3ãSCCs#“3bÂãÒÂ³crã“3sƒ“““““cƒS#rÂ3ã#S#cCCƒc’ÂãÒÂ³crã“#cC“““““ƒ3rÂ3ã3C““““ƒ3ƒc2ÂãÒÂ³crã“##““““ƒS3bÂ3ã“#“3“c#BÂãÒÂ³crã“#CS3cSRÂ3ã#“ƒs““““cc##’ÂãÒÂ³crã“CSS#3CsƒÂ3ã#3cSCsC3BÂãÒÂ³crã“3CC““““s#srÂ3ãssc#“““““#CS’ÂãÒÂ³crã“ss#3C2Â3ãS““““sscs2ÂãÕÕ××ÒÂ²'G—R#¢$fVGW&R"Â'&÷W'F–W2#¢²$æÖR#¢$²"Â%7–Ö&öÄ”B#¢#S‚'ÒÂ&vVöÖWG'’#¢²'G—R#¢%öÇ–vöâ"Â&6ö÷&F–æFW2#¢µµ³c‚ã###“c3sC‚Â3ãc3#ƒc##CƒRÂãÒÂ³crã““3S““““sCƒ#2Â3ãcƒ#““““ƒ“cCBÂãÒÂ³c‚ã###“c3sC‚Â3ãs3sƒƒC“c“S“bÂãÒÂ³c‚ã###“c3sC‚Â3ãc3#ƒc##CƒRÂãÕÕ××ÒÂ²'G—R#¢$fVGW&R"Â'&÷W'F–W2#¢²$æÖR#¢%FR"Â%7–Ö&öÄ”B#¢#cB'ÒÂ&vVöÖWG'’#¢²'G—R#¢%öÇ–vöâ"Â&6ö÷&F–æFW2#¢µµ³crãS#“C“Sƒ’Â3ã#C#cS3‚ÂãÒÂ³crãc3cs3#ƒ“32Â3ã#sC#“BÂãÒÂ³crãS3#3#3cs‚Â3ã#3Csc“““““3Sc#"ÂãÒÂ³crãC“SscCRÂ3ã#s““#““““cc“ssRÂãÒÂ³crãC#3S““““ƒƒcc"Â3ã#ƒcc““““ƒscCBÂãÒÂ³crãCc#cc“““““#S’Â3ã#“#s3C‚ÂãÒÂ³crãCss3#““““cs“‚Â3ã3““C““““““#SrÂãÒÂ³crãCCS“C3#BÂ3ã33C#C#“sCbÂãÒÂ³crã3S####’Â3ã3ƒƒS“““““““RÂãÒÂ³crã#ƒ3“““““ccRÂ3ã3sCsƒ#“cƒ#2ÂãÒÂ³crã“###“3Â3ã3ScƒC“““““#sS’ÂãÒÂ³crãc3CRÂ3ã3ƒs33#“RÂãÒÂ³crã##“CC3SS‚Â3ã“sC““““s33#SbÂãÒÂ³crã3C3c3“RÂ3ãCƒs3““““SS3crÂãÒÂ³crã3cs#3sssrÂ3ãscCƒS“CbÂãÒÂ³crã3“ss#ƒS3bÂ3ã“S#““““““S“bÂãÒÂ³crãC“SSsC2Â3ã#SC3“CBÂãÒÂ³crãCc3S3Â3ãƒccS“““““S“’ÂãÒÂ³crã3sƒ3SS#CrÂ3ã#C3Ss““““ss#rÂãÒÂ³crã3ƒcSsC“’Â3ã#“#“““““sSƒ##bÂãÒÂ³crã3““S"Â3ã3“ƒc3ƒ“2ÂãÒÂ³crãC“s3ƒ#rÂ3ã33c“““““ƒSBÂãÒÂ³crãCSS#C“RÂ3ã#S3“s“““““ssC‚ÂãÒÂ³crã3““ƒ““““ƒƒrÂ3ã#CcƒS““““ƒƒ“#RÂãÒÂ³crãC#“#Sƒ2Â3ã#3s“ƒCCrÂãÒÂ³crãC3“Cs#C3bÂ3ãƒS3c#c3ƒrÂãÒÂ³crãCsC“ƒ#c“RÂ3ãƒsCƒ#ƒ‚ÂãÒÂ³crãCCCCƒS“BÂ3ã#ssS3c##’ÂãÒÂ³crãCC“3“““““3Â#’ã“ƒƒsSS2ÂãÒÂ³crãC33“3c“C2Â3ã#cCC““““scssRÂãÒÂ³crãCcs“#““““cc“ƒ"Â3ãƒsC“““BÂãÒÂ³crãCcc#““““c#CƒRÂ3ãSsSc#S#‚ÂãÒÂ³crãCC3ƒc33ƒƒ"Â3ãcC#““““sƒCs3bÂãÒÂ³crãC3“33“3BÂ3ã“c#ƒC#sSrÂãÒÂ³crã33ƒs#““““Sƒ“ƒrÂ3ãSSC““““sssÂãÒÂ³crã#“c“3“CbÂ3ãCs3ScC3‚ÂãÒÂ³crãƒsƒ3ScsbÂ3ã##3sc3#3ƒrÂãÒÂ³crãƒcS““““ƒS“‚Â3ã#“ccC““““““sSSRÂãÒÂ³crãs#“#““““““cÂ3ã#“#sS#S‚ÂãÒÂ³crã“33CS"Â3ã33S#3““““ƒ#crÂãÒÂ³crãscSS““““ƒCC’Â3ã3Sc“scSS2ÂãÒÂ³crã“ƒ“cC3sbÂ3ã3ƒ“c#3“2ÂãÒÂ³crã3Sc“#“33BÂ3ã3“S“““““ƒCccRÂãÒÂ³crãCsCs3““““ƒS‚Â3ã3#c“c““““scSsÂãÒÂ³crãCƒC#S“““““““BÂ3ã#ƒsCs#C3sbÂãÒÂ³crãSsƒsC#RÂ3ã#ƒC3““““ƒc#"ÂãÒÂ³crãS#“C“Sƒ’Â3ã#C#cS3‚ÂãÕÕ××ÒÂ²'G—R#¢$fVGW&R"Â'&÷W'F–W2#¢²$æÖR#¢$²"Â%7–Ö&öÄ”B#¢#S‚'ÒÂ&vVöÖWG'’#¢²'G—R#¢%öÇ–vöâ"Â&6ö÷&F–æFW2#¢µµ³crãs#“#““““““cÂ3ã#“#sS#S‚ÂãÒÂ³crãScC#bÂ3ã#ƒc#3“ƒC‚ÂãÒÂ³crã“S3CCÂ3ã#ƒ“3““““s3#cBÂãÒÂ³crã“#cS““““cS“2Â3ã#SsC““RÂãÒÂ³crã“c““““ScS’Â3ã#C3““ƒRÂãÒÂ³crã#CS““’Â3ã##sCrÂãÒÂ³crãCCsCS“2Â3ã“Ss““““sC##3BÂãÒÂ³crãCSC““““Ssƒ‚Â3ãsƒCC“““““csS“rÂãÒÂ³crãƒCS#cs3BÂ3ã##C““““c#ƒcBÂãÒÂ³crãƒ#3“““““ccÂ3ã#c3Sƒ““““ssƒs2ÂãÒÂ³crãc#ƒ#CC#sBÂ3ã#S“S#““““c“ƒcrÂãÒÂ³crãs#“#““““““cÂ3ã#“#sS#S‚ÂãÕÕ××ÒÂ²'G—R#¢$fVGW&R"Â'&÷W'F–W2#¢²$æÖR#¢%B"Â%7–Ö&öÄ”B#¢#r'ÒÂ&vVöÖWG'’#¢²'G—R#¢%öÇ–vöâ"Â&6ö÷&F–æFW2#¢µµ³crãcSC3““““cSc3Â3ã#Cƒc“““““3S‚ÂãÒÂ³crãcƒss““““ƒ“sBÂ3ã##C#SC3s##2ÂãÒÂ³crã33Ss“““““s"Â3ã#3cc““““s#sbÂãÒÂ³crã#“sƒCc“’Â3ã##3ƒCSRÂãÒÂ³crã#CS““’Â3ã##sCrÂãÒÂ³crã“c““““ScS’Â3ã#C3““ƒRÂãÒÂ³crã“#cS““““cS“2Â3ã#SsC““RÂãÒÂ³crã“#sCCS#Â3ã#ssƒ3c“s‚ÂãÒÂ³crãScC#bÂ3ã#ƒc#3“ƒC‚ÂãÒÂ³crã#CƒS“bÂ3ã#“#cC33Ss‚ÂãÒÂ³crãƒcS““““ƒS“‚Â3ã#“ccC““““““sSSRÂãÒÂ³crãcSC3““““cSc3Â3ã#Cƒc“““““3S‚ÂãÕÕ××ÒÂ²'G—R#¢$fVGW&R"Â'&÷W'F–W2#¢²$æÖR#¢%FVr"Â%7–Ö&öÄ”B#¢#cb'ÒÂ&vVöÖWG'’#¢²'G—R#¢%öÇ–vöâ"Â&6ö÷&F–æFW2#¢µµ³crãSsSC“““““sSRÂ3ã#ƒs#s#’ÂãÒÂ³crãcc##C“““““3scÂ3ã#ƒ#c3““““c3c32ÂãÒÂ³crãs#ƒ#c’Â3ã#“cs“““““sÂãÒÂ³crãs#3“c#S3ƒBÂ3ã#s#c3#sC3"ÂãÒÂ³crãs“##C#sRÂ3ã#S#c“ƒ“"ÂãÒÂ³crãcCss““““ƒsƒ"Â3ã#sƒ“““““c3S332ÂãÒÂ³crãcSS“““““ƒCbÂ3ã#SC“c““““scSsbÂãÒÂ³crãc3sƒ““““sSƒsRÂ3ã#CsC““““cSsƒBÂãÒÂ³crãc#Sc3““““cƒc3Â3ã#sS#3CsƒBÂãÒÂ³crãc“C“““““33Â3ã##3Ss#S‚ÂãÒÂ³crãS““““““cRÂ3ã#cS“C““““s“#s#BÂãÒÂ³crãSSc#3“#rÂ3ã#Cƒs““““cs3s2ÂãÒÂ³crãSCƒcC#3Sƒ‚Â3ã#sƒC“sBÂãÒÂ³crãS3#“c““““scSs2Â3ã#scC3CCCCBÂãÒÂ³crãS3CCc2Â3ã#SCc““““““SC"ÂãÒÂ³crãSS“#““““ƒ3’Â3ã#3ss““““cCs2ÂãÒÂ³crãSCsS33“3BÂ3ã#3#c““““s3#‚ÂãÒÂ³crãS###3““““Ssc3bÂ3ã#C“#S3ƒs#3RÂãÒÂ³crãSsƒsC#RÂ3ã#ƒC3““““ƒc#"ÂãÒÂ³crãCƒƒS““““cƒ“2Â3ã#“#“33Cs"ÂãÒÂ³crãCƒ#ƒ““““sS3s2Â3ã3“ƒ““““c3ƒC2ÂãÒÂ³crãCS##Csc"Â3ã3C#“““““CcÂãÒÂ³crã3““C3#bÂ3ã3“CC““““c##ƒÂãÒÂ³crã#ƒcsS#C‚Â3ã3“Scc““““SsƒƒRÂãÒÂ³crã“ƒ“cC3sbÂ3ã3ƒ“c#3“2ÂãÒÂ³crãscSS““““ƒCC’Â3ã3Sc“scSS2ÂãÒÂ³crã“33CS"Â3ã33S#3““““ƒ#crÂãÒÂ³crãsC3“““““cbÂ3ã#“c“#S33CBÂãÒÂ³crãc#sc3s3srÂ3ã#S“c3S3s’ÂãÒÂ³crãCƒsCCs‚Â3ã#S“CsCC#rÂãÒÂ³crãS“3c““““c#SƒbÂ3ã3“ccƒ“srÂãÒÂ³crãsƒ“#S33RÂ3ã3“C“#Ss““BÂãÒÂ³crã3ssƒ““““ƒƒs"Â3ãCSC#cbÂãÒÂ³crã3SC#““““““CSÂ3ãC#cC““““sCss2ÂãÒÂ³crãSsScs““““ƒ3#‚Â3ã3SScS3Cs#ƒ"ÂãÒÂ³crãS3Sc3#CCbÂ3ã3Sƒ#““““SSCƒcbÂãÒÂ³crãS3“““““s3RÂ3ã3s#s3#’ÂãÒÂ³crãC3c3““““Sc3bÂ3ã3s#C##ƒ#ƒ2ÂãÒÂ³crãSsSC“““““sSRÂ3ã#ƒs#s#’ÂãÕÕ××ÒÂ²'G—R#¢$fVGW&R"Â'&÷W'F–W2#¢²$æÖR#¢%FVr"Â%7–Ö&öÄ”B#¢#cb'ÒÂ&vVöÖWG'’#¢²'G—R#¢%öÇ–vöâ"Â&6ö÷&F–æFW2#¢µµ³crã#cCCc““““c“s’Â3ãCƒ3S““““s“#s2ÂãÒÂ³crãc3s“““““Ss3bÂ3ãCƒ#CsS“s‚ÂãÒÂ³crã“Cƒ"Â3ã3ccC““““sss“‚ÂãÒÂ³crãSc#s“““““##Â3ãCCS““““ƒ3ccRÂãÒÂ³crã#ƒ3C““"Â3ãC33ƒ3#SC3sRÂãÒÂ³crãCcSC###Â3ãCSCƒ““““ƒc3cc‚ÂãÒÂ³crã“#3ƒ3s"Â3ãCS“ƒc3“C2ÂãÒÂ³crã##“3““““sScsrÂ3ãCƒC33ƒC#‚ÂãÒÂ³crã#cCCc““““c“s’Â3ãCƒ3S““““s“#s2ÂãÕÕ××ÒÂ²'G—R#¢$fVGW&R"Â'&÷W'F–W2#¢²$æÖR#¢$§2"Â%7–Ö&öÄ”B#¢#SR'ÒÂ&vVöÖWG'’#¢²'G—R#¢%öÇ–vöâ"Â&6ö÷&F–æFW2#¢µµ³crãcSc““““sS‚Â3ãCc“ƒ“3#3#’ÂãÒÂ³crãCS“s#SCÂ3ãCC“C““““sSss32ÂãÒÂ³crã#ƒ3C““"Â3ãC33ƒ3#SC3sRÂãÒÂ³crãsƒ#3ƒBÂ3ãC3“ƒcC3ƒs#‚ÂãÒÂ³crãcSc““““sS‚Â3ãCc“ƒ“3#3#’ÂãÕÕ××ÒÂ²'G—R#¢$fVGW&R"Â'&÷W'F–W2#¢²$æÖR#¢%G"Â%7–Ö&öÄ”B#¢#R'ÒÂ&vVöÖWG'’#¢²'G—R#¢%öÇ–vöâ"Â&6ö÷&F–æFW2#¢µµ³crã#cƒCS““BÂ3ãC3“ƒC“““““ssSƒ"ÂãÒÂ³crã33CC“rÂ3ãCƒƒ3“““““cc"ÂãÒÂ³crã3C“C““BÂ3ãCƒƒ“ƒ##cƒ’ÂãÒÂ³crã#cƒCS““BÂ3ãC3“ƒC“““““ssSƒ"ÂãÕÕ××ÒÂ²'G—R#¢$fVGW&R"Â'&÷W'F–W2#¢²$æÖR#¢%G"Â%7–Ö&öÄ”B#¢#R'ÒÂ&vVöÖWG'’#¢²'G—R#¢%öÇ–vöâ"Â&6ö÷&F–æFW2#¢µµ³crãcƒcS“sC2Â3ãCƒƒC“““““csS#“‚ÂãÒÂ³crãscCScsCRÂ3ãCS“C““““cs#ssRÂãÒÂ³crãc#ƒC#cSƒrÂ3ãCs#““““ƒ3CcƒBÂãÒÂ³crã3##c“ƒ“2Â3ãCcCsc““““ƒ3ScS2ÂãÒÂ³crãCCs#““““cƒ“s’Â3ãCƒS#sS2ÂãÒÂ³crãcƒcS“sC2Â3ãCƒƒC“““““csS#“‚ÂãÕÕ××ÒÂ²'G—R#¢$fVGW&R"Â'&÷W'F–W2#¢²$æÖR#¢%"Â%7–Ö&öÄ”B#¢#Cr'ÒÂ&vVöÖWG'’#¢²'G—R#¢%öÇ–vöâ"Â&6ö÷&F–æFW2#¢µµ³crã##C“S““““sC#RÂ3ãS#cs““““sƒ##2ÂãÒÂ³crã#S#SS3ƒ##bÂ3ãSsC““““ƒSscSrÂãÒÂ³crãsCCƒ““““s3s‚Â3ãCsCSs““““ƒcsbÂãÒÂ³crãcsCrÂ3ãCƒƒ“3C“CrÂãÒÂ³crã##C“S““““sC#RÂ3ãS#cs““““sƒ##2ÂãÕÕ××ÒÂ²'G—R#¢$fVGW&R"Â'&÷W'F–W2#¢²$æÖR#¢$§2"Â%7–Ö&öÄ”B#¢#SR'ÒÂ&vVöÖWG'’#¢²'G—R#¢%öÇ–vöâ"Â&6ö÷&F–æFW2#¢µµ³crã#cCs#C#ssbÂ3ãS#SSc““““SSS’ÂãÒÂ³crã#S#“33Cƒ"Â3ãS“33"ÂãÒÂ³crã#c3““““ccƒ3Â3ãS#3S““““ccC2ÂãÒÂ³crã##CCCcBÂ3ãS3ƒ3#C3’ÂãÒÂ³crã#cCs#C#ssbÂ3ãS#SSc““““SSS’ÂãÕÕ××ÒÂ²'G—R#¢$fVGW&R"Â'&÷W'F–W2#¢²$æÖR#¢%B"Â%7–Ö&öÄ”B#¢#r'ÒÂ&vVöÖWG'’#¢²'G—R#¢%öÇ–vöâ"Â&6ö÷&F–æFW2#¢µµ³crã““C“s““““c#s32Â3ã#Cƒƒ““““ƒƒcCBÂãÒÂ³crã“S#Cƒ’Â3ã#Sƒ““““ccƒƒRÂãÒÂ³crã“CcC“3CBÂ3ã#Ss“““““ƒƒRÂãÒÂ³crã“ƒ3sƒ““““ƒƒs"Â3ã#c“cc““““SsƒRÂãÒÂ³c‚ã###“c3sC‚Â3ã#cSƒƒcs#C“3S2ÂãÒÂ³crã““C“s““““c#s32Â3ã#Cƒƒ““““ƒƒcCBÂãÕÕ××ÒÂ²'G—R#¢$fVGW&R"Â'&÷W'F–W2#¢²$æÖR#¢%GB"Â%7–Ö&öÄ”B#¢#R'ÒÂ&vVöÖWG'’#¢²'G—R#¢%öÇ–vöâ"Â&6ö÷&F–æFW2#¢µµ³crã“ƒ3sƒ““““ƒƒs"Â3ã#c“cc““““SsƒRÂãÒÂ³crã“C#“ƒ““““cƒƒs’Â3ã#Ss#cCƒ“bÂãÒÂ³crãƒ“csCSÂ3ã#“#3““““sc#"ÂãÒÂ³crã“ƒ3sƒ““““ƒƒs"Â3ã#c“cc““““SsƒRÂãÕÕ××ÒÂ²'G—R#¢$fVGW&R"Â'&÷W'F–W2#¢²$æÖR#¢$²"Â%7–Ö&öÄ”B#¢#S‚'ÒÂ&vVöÖWG'’#¢²'G—R#¢%öÇ–vöâ"Â&6ö÷&F–æFW2#¢µµ³c‚ã###“c3sC‚Â3ã3“““ƒCCƒƒCBÂãÒÂ³crã“#ƒss““““““sbÂ3ã3c3S““““sC#‚ÂãÒÂ³crã“#3C““““sS#s"Â3ã3#3S33“#’ÂãÒÂ³c‚ã###“c3sC‚Â3ã3“““ƒCCƒƒCBÂãÕÕ××ÒÂ²'G—R#¢$fVGW&R"Â'&÷W'F–W2#¢²$æÖR#¢$²"Â%7–Ö&öÄ”B#¢#S‚'ÒÂ&vVöÖWG'’#¢²'G—R#¢%öÇ–vöâ"Â&6ö÷&F–æFW2#¢µµ³crã““S“S““““ƒSCbÂ3ã3CS##s#ƒ#RÂãÒÂ³crã“c3cC3“s2Â3ã3c3c““““s#SsS2ÂãÒÂ³crã“cCC“rÂ3ã3ƒC“““““s“cs"ÂãÒÂ³crã“ƒS““““Sc“3’Â3ã3ƒ3#ƒ““““s33s3BÂãÒÂ³crã“c“““““““s#’Â3ã3s3ƒC“SBÂãÒÂ³crã““S“S““““ƒSCbÂ3ã3CS##s#ƒ#RÂãÕÕ××ÒÂ²'G—R#¢$fVGW&R"Â'&÷W'F–W2#¢²$æÖR#¢%FVr"Â%7–Ö&öÄ”B#¢#cb'ÒÂ&vVöÖWG'’#¢²'G—R#¢%öÇ–vöâ"Â&6ö÷&F–æFW2#¢µµ³crãss3cs#s32Â3ã#3ƒCS““ƒ2ÂãÒÂ³crãsCs3“C“‚Â3ã#3S#c““““cƒcBÂãÒÂ³crãsCs3ƒ“3’Â3ã#cc““““c“SscrÂãÒÂ³crãss3cs#s32Â3ã#3ƒCS““ƒ2ÂãÕÕ××ÒÂ²'G—R#¢$fVGW&R"Â'&÷W'F–W2#¢²$æÖR#¢#"Â%7–Ö&öÄ”B#¢#'ÒÂ&vVöÖWG'’#¢²'G—R#¢%öÇ–vöâ"Â&6ö÷&F–æFW2#¢µµ³crã“S#Cƒ’Â3ã#Sƒ““““ccƒƒRÂãÒÂ³crãƒƒƒƒ3“““““cc‚Â3ã#sC33C#“#CRÂãÒÂ³crãƒSCC3CCC#Â3ã#ƒSC““““s3#sbÂãÒÂ³crãƒ“csCSÂ3ã#“#3““““sc#"ÂãÒÂ³crã“S#Cƒ’Â3ã#Sƒ““““ccƒƒRÂãÕÕ××ÒÂ²'G—R#¢$fVGW&R"Â'&÷W'F–W2#¢²$æÖR#¢%"Â%7–Ö&öÄ”B#¢#‚'ÒÂ&vVöÖWG'’#¢²'G—R#¢%öÇ–vöâ"Â&6ö÷&F–æFW2#¢µµ³crãsƒS#3ƒssBÂ3ã33CC"ÂãÒÂ³crãssc#c#“RÂ3ã#“c#ƒ““““Sƒ3ƒRÂãÒÂ³crãss3““““Scƒ3bÂ3ã#c“C““““s33#bÂãÒÂ³crãsCC#c“ƒƒ’Â3ã#sscRÂãÒÂ³crãs#Cƒ“““““S3bÂ3ã#““ƒ3S#‚ÂãÒÂ³crãsƒS#3ƒssBÂ3ã33CC"ÂãÕÕ××ÒÂ²'G—R#¢$fVGW&R"Â'&÷W'F–W2#¢²$æÖR#¢%"Â%7–Ö&öÄ”B#¢#'ÒÂ&vVöÖWG'’#¢²'G—R#¢%öÇ–vöâ"Â&6ö÷&F–æFW2#¢µµ³crãƒ#S#3““““s#c#RÂ3ã#ƒƒC““““ƒ#sc“BÂãÒÂ³crãs“c#““““ƒƒCcBÂ3ã#s#C“bÂãÒÂ³crãsc“3CC“"Â3ã#sƒ3c3“’ÂãÒÂ³crãssC#S““““S““3BÂ3ã3“c““““ƒSc“rÂãÒÂ³crãƒ#“““““ƒCSRÂ3ã3CSsSCSrÂãÒÂ³crãƒscC““““sCssRÂ3ã#ƒsƒC’ÂãÒÂ³crãƒ#““s#S3‚Â3ã3SS3““““ƒsCBÂãÒÂ³crãƒCsƒ3S2Â3ã3c“““““cS’ÂãÒÂ³crãƒ#S#3““““s#c#RÂ3ã#ƒƒC““““ƒ#sc“BÂãÕÕ××ÒÂ²'G—R#¢$fVGW&R"Â'&÷W'F–W2#¢²$æÖR#¢%FVr"Â%7–Ö&öÄ”B#¢#cb'ÒÂ&vVöÖWG'’#¢²'G—R#¢%öÇ–vöâ"Â&6ö÷&F–æFW2#¢µµ³crãƒs““ƒCbÂ3ã#“#s3C‚ÂãÒÂ³crãƒSCC3CCC#Â3ã#ƒSC““““s3#sbÂãÒÂ³crãƒ3#c““““cSƒ"Â3ã#ƒscC#3s2ÂãÒÂ³crãƒCƒ3“““““cbÂ3ã3#c“““““3cÂãÒÂ³crãƒs““ƒCbÂ3ã#“#s3C‚ÂãÕÕ××ÒÂ²'G—R#¢$fVGW&R"Â'&÷W'F–W2#¢²$æÖR#¢%FVr"Â%7–Ö&öÄ”B#¢#cb'ÒÂ&vVöÖWG'’#¢²'G—R#¢%öÇ–vöâ"Â&6ö÷&F–æFW2#¢µµ³crãƒ#““““““ccS#’Â3ã33ƒs““““sc##bÂãÒÂ³crãƒ3Ss““““ƒs"Â3ã#ƒ3“C““““s“#c“bÂãÒÂ³crãƒ3#S““““cC“2Â3ã#ƒC33##“3sBÂãÒÂ³crãs“s3ƒƒrÂ3ã3S“c“““““SS’ÂãÒÂ³crãƒ#““““““ccS#’Â3ã33ƒs““““sc##bÂãÕÕ××ÒÂ²'G—R#¢$fVGW&R"Â'&÷W'F–W2#¢²$æÖR#¢%FVr"Â%7–Ö&öÄ”B#¢#cb'ÒÂ&vVöÖWG'’#¢²'G—R#¢%öÇ–vöâ"Â&6ö÷&F–æFW2#¢µµ³crãss3s3#S32Â3ã#“#Cc““““c“ƒÂãÒÂ³crãscSCsSBÂ3ã#ƒƒ““““““sS#rÂãÒÂ³crãs#sc3C#C#bÂ3ã#“cƒƒC3‚ÂãÒÂ³crãss3s3#S32Â3ã#“#Cc““““c“ƒÂãÕÕ××ÒÂ²'G—R#¢$fVGW&R"Â'&÷W'F–W2#¢²$æÖR#¢$§B"Â%7–Ö&öÄ”B#¢#R'ÒÂ&vVöÖWG'’#¢²'G—R#¢%öÇ–vöâ"Â&6ö÷&F–æFW2#¢µµ³crã“cs“C3#2Â3ã3#ƒ#S““““ƒ““2ÂãÒÂ³crã“#3C““““sS#s"Â3ã3#3S33“#’ÂãÒÂ³c‚ã###“c3sC‚Â3ã3#cƒccƒCCC“S2ÂãÒÂ³c‚ã###“c3sC‚Â3ã#cSƒƒcs#C“3S2ÂãÒÂ³crãƒC33S3#3BÂ3ã3sC##3#ƒcrÂãÒÂ³crãsC##3##ƒBÂ3ã3S#““““s3CsSrÂãÒÂ³crãcc##C“““““3scÂ3ã#ƒ#c3““““c3c32ÂãÒÂ³crãSs#C“““““ssS#2Â3ã#“#CS2ÂãÒÂ³crãc#“#““““““c2Â3ã3c3““““cc#“‚ÂãÒÂ³crãcSC“S“rÂ3ã3SCCƒ3SsrÂãÒÂ³crãcƒ3“#““““cc“ƒ2Â3ã3S##“ƒ3CƒRÂãÒÂ³crãcƒ3ƒSc“BÂ3ã3c#“ƒ““““sƒƒs3‚ÂãÒÂ³crãsCS#CC#Ss"Â3ã3Cƒ“““““C3‚ÂãÒÂ³crãsS“ƒc3ƒ“2Â3ã3s3ƒ#“#“c"ÂãÒÂ³crã“cs“C3#2Â3ã3#ƒ#S““““ƒ““2ÂãÕÕ××ÒÂ²'G—R#¢$fVGW&R"Â'&÷W'F–W2#¢²$æÖR#¢$²"Â%7–Ö&öÄ”B#¢#S‚'ÒÂ&vVöÖWG'’#¢²'G—R#¢%öÇ–vöâ"Â&6ö÷&F–æFW2#¢µµ³crãsS“c33BÂ3ã3ƒ3ƒ““““““ƒSSbÂãÒÂ³crã“CsC#“Sƒ2Â3ã3S#s#““““cƒ“sSrÂãÒÂ³crã““sƒƒ#cƒ2Â3ã33s“#““““sc“rÂãÒÂ³c‚ã###“c3sC‚Â3ã3#cC#ƒ#sS“RÂãÒÂ³crãsc“ƒ““““““ƒSbÂ3ã3s3C““““c3332ÂãÒÂ³crãsC““#CssrÂ3ã3csC3“““““ScRÂãÒÂ³crãsCS#CC#Ss"Â3ã3Cƒ“““““C3‚ÂãÒÂ³crãcsC#s#c3‚Â3ã3ccc“CC3#BÂãÒÂ³crãcsC3““CrÂ3ã3Ss3c3"ÂãÒÂ³crãcSC“S“rÂ3ã3SCCƒ3SsrÂãÒÂ³crãc#“#““““““c2Â3ã3c3““““cc#“‚ÂãÒÂ³crãScc3S“““““CBÂ3ã#ƒ“ƒ3““““ƒc“RÂãÒÂ³crãSs“s““““ƒ#sbÂ3ã33ƒ“““““sƒSƒrÂãÒÂ³crãc3sƒC‚Â3ã3“ƒ#“#“’ÂãÒÂ³crãc“cc#ƒ“"Â3ã3cCs“““““ccS‚ÂãÒÂ³crãcCC#3#“ƒ"Â3ã3cCSƒ““““ƒ#ƒc“RÂãÒÂ³crãcs#s“““““s#bÂ3ã3ƒ#“““““c“S#s2ÂãÒÂ³crãsSc3C3s‚Â3ã3Ss“#Cc3c2ÂãÒÂ³crãs#SsƒCBÂ3ã3SƒcƒC2ÂãÒÂ³crãsS“c33BÂ3ã3ƒ3ƒ““““““ƒSSbÂãÕÕ××ÒÂ²'G—R#¢$fVGW&R"Â'&÷W'F–W2#¢²$æÖR#¢%G"Â%7–Ö&öÄ”B#¢#R'ÒÂ&vVöÖWG'’#¢²'G—R#¢$×VÇF•öÇ–vöâ"Â&6ö÷&F–æFW2#¢µµµ³crãs3s3#3sƒ"Â3ãCcƒcc““““ƒ#c’ÂãÒÂ³crãs“sSC#sƒ2Â3ãCc“CƒƒƒrÂãÒÂ³crãƒCC“S3C#2Â3ãCssƒ#CcƒcBÂãÒÂ³crã“cC###“ƒ‚Â3ã3ƒccS““““SS“3SbÂãÒÂ³crã“c3cC3“s2Â3ã3c3c““““s#SsS2ÂãÒÂ³c‚ã###“c3sC‚Â3ã33cssƒC“ƒ#rÂãÒÂ³crãssSƒsRÂ3ã3ƒS3““““s##3bÂãÒÂ³crãsSc3C3s‚Â3ã3Ss“#Cc3c2ÂãÒÂ³crãcs#s“““““s#bÂ3ã3ƒ#“““““c“S#s2ÂãÒÂ³crãcCC#3#“ƒ"Â3ã3cCSƒ““““ƒ#ƒc“RÂãÒÂ³crãc3Sc“““““SSbÂ3ã3c#cC“RÂãÒÂ³crãc3sƒC‚Â3ã3“ƒ#“#“’ÂãÒÂ³crãSs“s““““ƒ#sbÂ3ã33ƒ“““““sƒSƒrÂãÒÂ³crãScc3S“““““CBÂ3ã#ƒ“ƒ3““““ƒc“RÂãÒÂ³crãC3c3““““Sc3bÂ3ã3s#C##ƒ#ƒ2ÂãÒÂ³crãS3“““““s3RÂ3ã3s#s3#’ÂãÒÂ³crãS3Sc3#CCbÂ3ã3Sƒ#““““SSCƒcbÂãÒÂ³crãSsScs““““ƒ3#‚Â3ã3SScS3Cs#ƒ"ÂãÒÂ³crãC#“““““““SRÂ3ãCc“““““bÂãÒÂ³crã3#SSC““““s3#sBÂ3ãCsCCsc‚ÂãÒÂ³crã3333s“CrÂ3ãC3sƒ3“““““c“2ÂãÒÂ³crã3#cCc““““ƒ“cbÂ3ãCS#c““““c3ƒRÂãÒÂ³crã3cs“#““““ƒc“cbÂ3ãCc33#“C2ÂãÒÂ³crãCSssƒ““““sƒs‚Â3ãCSc““““sscsC2ÂãÒÂ³crãSCsSs“““““sÂ3ãCsSs#S3ƒRÂãÒÂ³crãcS##scCbÂ3ãCCs3“““““2ÂãÒÂ³crãcSC3#“C3RÂ3ãCƒƒ#““““cSCs“"ÂãÒÂ³crãSCsCsCRÂ3ãCƒcs“““““3#"ÂãÒÂ³crãS3CCCS“rÂ3ãC“sSC““““s3#srÂãÒÂ³crãc3C3#cC2Â3ãS3cs#s33‚ÂãÒÂ³crãcƒs#c3CƒsrÂ3ãC“s“s““““sss#RÂãÒÂ³crãc“33s“S"Â3ãCƒcs3Cƒ3bÂãÒÂ³crãcsƒƒƒSÂ3ãCsƒ#s““““c##3bÂãÒÂ³crãs3s3#3sƒ"Â3ãCcƒcc““““ƒ#c’ÂãÕÒÂµ³crãcsS““““““ƒ‚Â3ãC3sƒ““““cƒƒRÂãÒÂ³crãcƒcC““““sCss"Â3ãC3ƒscsC"ÂãÒÂ³crãcsCS3cs#‚Â3ãCC#S33c32ÂãÒÂ³crãcsS““““““ƒ‚Â3ãC3sƒ““““cƒƒRÂãÕÒÂµ³crãS3Ss3#3“3rÂ3ãC#ƒ““““ƒcƒc#bÂãÒÂ³crãS#ƒ“#s33BÂ3ãCS3cC33sBÂãÒÂ³crãCƒS“sƒC‚Â3ãC#3“#s“SRÂãÒÂ³crãCc““““ƒ#3bÂ3ãCCS3s#SSC‚ÂãÒÂ³crã3c#SC“““““ƒ#SRÂ3ãCCƒC3#CbÂãÒÂ³crã3ƒsC““““ssrÂ3ãC#ƒ#“““““SCSƒ"ÂãÒÂ³crãC“S3#s“BÂ3ãC3c““““ƒ#SsBÂãÒÂ³crãS3Ss3#3“3rÂ3ãC#ƒ““““ƒcƒc#bÂãÕÒÂµ³crãs3“ƒs““““cc#3"Â3ãC#““““ccƒ2ÂãÒÂ³crãsS3S““““c3C2Â3ãC#ƒ3S#S#3RÂãÒÂ³crãs3“ƒSssS"Â3ãC##“#“c3#bÂãÒÂ³crãs3“ƒs““““cc#3"Â3ãC#““““ccƒ2ÂãÕÒÂµ³crãsCƒ““““ƒC3RÂ3ãCSs“““““ss#2ÂãÒÂ³crãc“Ssc##3“Â3ãC#c3#““““s#“ssBÂãÒÂ³crãcƒ“sƒCBÂ3ãC#Ssc“““““ƒSSbÂãÒÂ³crãsCƒ““““ƒC3RÂ3ãCSs“““““ss#2ÂãÕÒÂµ³crãƒCs#““““ƒ3"Â3ã3“C“3S#"ÂãÒÂ³crãsƒ“c““““ss‚Â3ãC#“C33#"ÂãÒÂ³crãsSSc“““““ƒSSRÂ3ãC3s#““““ƒ3“c“rÂãÒÂ³crãƒ#ƒ#ƒ32Â3ã3ƒ#S#“s“2ÂãÒÂ³crãƒSs#Cƒ‚Â3ã3ƒ#ƒS““““cƒ“#ƒ‚ÂãÒÂ³crãƒCs#““““ƒ3"Â3ã3“C“3S#"ÂãÕÕÒÂµµ³crã““CƒC“““““#sc"Â3ã3“““““ƒƒ‚ÂãÒÂ³crã“Cs3S““““scC#"Â3ã3###ƒ““““sƒ3s"ÂãÒÂ³crã“#c“3“CbÂ3ã3#3S““““““CƒbÂãÒÂ³crã“ƒSCC3SSsrÂ3ã33sƒ“c“‚ÂãÒÂ³c‚ã###“c3sC‚Â3ã3#cC#ƒ#sS“RÂãÒÂ³crã““CƒC“““““#sc"Â3ã3“““““ƒƒ‚ÂãÕÕÕ××ÒÂ²'G—R#¢$fVGW&R"Â'&÷W'F–W2#¢²$æÖR#¢%"Â%7–Ö&öÄ”B#¢#'ÒÂ&vVöÖWG'’#¢²'G—R#¢$×VÇF•öÇ–vöâ"Â&6ö÷&F–æFW2#¢µµµ³crã“““S#““““““cÂ3ãCƒc““cCƒbÂãÒÂ³crã“cƒc““BÂ3ãC“#cs“““““ƒ#CRÂãÒÂ³crã“Cƒs#CSBÂ3ãS3sSSRÂãÒÂ³c‚ã###“c3sC‚Â3ãC“sCscSƒ#CbÂãÒÂ³crã“““S#““““““cÂ3ãCƒc““cCƒbÂãÕÕÒÂµµ³crã“““ƒ“3#33"Â3ãS##s““““ss#C‚ÂãÒÂ³crãƒ“cƒ““““sS3srÂ3ãS3#ƒ#““““ƒCcsbÂãÒÂ³crãƒ“s#““““s3#‚Â3ãSCCs““““ƒsrÂãÒÂ³crã“#cC“2Â3ãSC“####“#"ÂãÒÂ³crã“S“““““““RÂ3ãScS3cCCbÂãÒÂ³crãsƒƒ“ƒ3#cƒ2Â3ãSs“““““3ƒs"ÂãÒÂ³crãƒ3“““““““CcbÂ3ãSsƒ3C3“scrÂãÒÂ³crãs“sCc““““sCsrÂ3ãSƒƒCƒ“““““3c3BÂãÒÂ³crãƒscƒ3#bÂ3ãS“3ƒƒc“ƒbÂãÒÂ³c‚ã###“c3sC‚Â3ãSs“3“3SCƒ“ƒ‚ÂãÒÂ³crã“““ƒ“3#33"Â3ãS##s““““ss#C‚ÂãÕÒÂµ³crã“ƒƒƒ“““““ƒ3SbÂ3ãSC“cs““““ƒ3#cRÂãÒÂ³crã“cs#““““cCƒRÂ3ãSSS3#““““Ss“ƒBÂãÒÂ³crã“C#C“““““#cÂ3ãSS#3c#3ƒcbÂãÒÂ³crã“ƒƒƒ“““““ƒ3SbÂ3ãSC“cs““““ƒ3#cRÂãÕÕÕ××ÒÂ²'G—R#¢$fVGW&R"Â'&÷W'F–W2#¢²$æÖR#¢$§2"Â%7–Ö&öÄ”B#¢#SR'ÒÂ&vVöÖWG'’#¢²'G—R#¢%öÇ–vöâ"Â&6ö÷&F–æFW2#¢µµ³crã“““s““““csƒ#’Â3ãSs“#““““c33crÂãÒÂ³crã“sƒS““““S“ƒ3RÂ3ãSsss““““ƒC#rÂãÒÂ³crã“s“ƒ““““s3ƒsRÂ3ãSƒsCCScbÂãÒÂ³c‚ã###“c3sC‚Â3ãS“3#“##33“ƒS“bÂãÒÂ³crã“““s““““csƒ#’Â3ãSs“#““““c33crÂãÕÕ××ÒÂ²'G—R#¢$fVGW&R"Â'&÷W'F–W2#¢²$æÖR#¢%FöVâ"Â%7–Ö&öÄ”B#¢#S’'ÒÂ&vVöÖWG'’#¢²'G—R#¢%öÇ–vöâ"Â&6ö÷&F–æFW2#¢µµ³cRãC33cS““““ƒ“#Â#‚ãccƒCCcS‚ÂãÒÂ³cRãC#ƒ3“s’Â#‚ãccƒ33““““ƒ“CRÂãÒÂ³cRãC3sS“““““ƒC’Â#‚ãcsc“3cƒ#RÂãÒÂ³cRãC33cS““““ƒ“#Â#‚ãccƒCCcS‚ÂãÕÕ××ÒÂ²'G—R#¢$fVGW&R"Â'&÷W'F–W2#¢²$æÖR#¢%FöVâ"Â%7–Ö&öÄ”B#¢#S’'ÒÂ&vVöÖWG'’#¢²'G—R#¢%öÇ–vöâ"Â&6ö÷&F–æFW2#¢µµ³cRãSs“3CbÂ#‚ãc“C#““““ƒ“Cc3‚ÂãÒÂ³cRãCƒC33““““S“3‚Â#‚ãc“S#ƒ#sƒRÂãÒÂ³cRãCcs“3c“C’Â#‚ãcS“ƒ““““““332ÂãÒÂ³cRãCsƒƒs““““c#32Â#‚ãc33s#ƒ3#rÂãÒÂ³cRãCsSs“““““csrÂ#‚ãS“ScC##2ÂãÒÂ³cRãCS“CS““““ss“"Â#‚ãS“s““C3ƒ#CBÂãÒÂ³cRãCS#SS“““““CCrÂ#‚ãc#3S““““cCƒ#“RÂãÒÂ³cRãC3ƒCs3“#‚Â#‚ãS“Css““““ƒ“s#‚ÂãÒÂ³cRãC“ƒsrÂ#‚ãcSS“““““sC#cBÂãÒÂ³cRãCcƒ“RÂ#‚ãSs#S“““““3cSƒRÂãÒÂ³cRã3sSS#CCsrÂ#‚ãSsC““““ƒsc‚ÂãÒÂ³cRã3c“CsBÂ#‚ãSSs“#Cc3S"ÂãÒÂ³cRã3ƒS“““““““RÂ#‚ãSSsCc““““sCsbÂãÒÂ³cRã3sCSc““““ƒSsÂ#‚ãS3“CCSS“3RÂãÒÂ³cRã#ƒsCƒ#bÂ#‚ãS33ƒ““““cCƒs’ÂãÒÂ³cRã#ƒC#s“““““##’Â#‚ãS#3#C“““““ƒsSrÂãÒÂ³cRã3#Sƒ#ccƒ2Â#‚ãSCs3“C“#2ÂãÒÂ³cRã33“S3““““SsBÂ#‚ãSs“s““““csƒ#sRÂãÒÂ³cRã3“S“““““c"Â#‚ãc#C“#33‚ÂãÒÂ³cRãC“CsCCRÂ#‚ãc3c3ƒ3s3bÂãÒÂ³cRãCCcƒS#sC‚Â#‚ãcCC#3#RÂãÒÂ³cRãCS##33s‚Â#‚ãcccC“““““SsS3cRÂãÒÂ³cRãCCcc#3#‚Â#‚ãc“Ss“Cƒ#3‚ÂãÒÂ³cRãC#c“““““c“csbÂ#‚ãc“ƒ3ƒ#3cƒS2ÂãÒÂ³cRãC#C““““““sSRÂ#‚ãs3“C““2ÂãÒÂ³cRãC“ƒ#““““ƒSCcRÂ#‚ãcƒ3#“““““““S2ÂãÒÂ³cRãCCS““““cs“#‚Â#‚ãs3cs““““sccs2ÂãÒÂ³cRã3“S33#s“32Â#‚ãc“Sss3ƒS#cbÂãÒÂ³cRã3ƒƒCcsrÂ#‚ãc“sSƒ#cƒsBÂãÒÂ³cRã3c#3ssSC"Â#‚ãs33S‚ÂãÒÂ³cRã3CC3““““sc#’Â#‚ãs#s“C3##2ÂãÒÂ³cRã3Cƒ3#cC"Â#‚ãsc#C“ƒRÂãÒÂ³cRã33cƒC““““c#sƒ"Â#‚ãssSS“3sƒ#bÂãÒÂ³cRã3SCS“##ƒ3rÂ#‚ãs“CcC#3SƒbÂãÒÂ³cRã33#“““““sCS#RÂ#‚ãsƒ33“3Cƒ#srÂãÒÂ³cRã3cCƒS#"Â#‚ãƒ#““““s#3#ƒbÂãÒÂ³cRã3“ƒ““““scsÂ#‚ãƒccsC3SssBÂãÒÂ³cRã3ƒS##cBÂ#‚ãƒ3c3#CS‚ÂãÒÂ³cRã3“ƒ3““ƒ3’Â#‚ãƒ#c#““““cS3#’ÂãÒÂ³cRã3ƒS#3C3"Â#‚ãƒC3C“““““S#Sƒ2ÂãÒÂ³cRã3“SsC““““ƒc#c’Â#‚ãsƒSƒ““““““3cbÂãÒÂ³cRãCscc““““ƒscrÂ#‚ãƒs#C3#SƒRÂãÒÂ³cRãCSƒ““““sƒs’Â#‚ãƒ3SS3““““Ss3‚ÂãÒÂ³cRãC3c3#cs“BÂ#‚ãƒSs“““““#ƒrÂãÒÂ³cRãC3csccCBÂ#‚ãƒcƒ“““““c“csrÂãÒÂ³cRãCƒ3SC#Cs2Â#‚ãƒsS###3“RÂãÒÂ³cRãSc“““““3cBÂ#‚ãƒƒƒSc““““ƒSs#RÂãÒÂ³cRãSCƒ“3S"Â#‚ã“s“3““““ƒ3c"ÂãÒÂ³cRãSC“cS3“RÂ#‚ã“CCƒ““““cƒƒÂãÒÂ³cRãS“cSCsCrÂ#‚ã“3Sƒs““““sc##"ÂãÒÂ³cRãcS#cCBÂ#‚ãƒƒ“S3Ss#bÂãÒÂ³cRãc#sƒSs"Â#‚ãƒS3#“““““#“c2ÂãÒÂ³cRãc#c“s““““ƒ#s"Â#‚ãƒ“SC#sƒ2ÂãÒÂ³cRãS“3#““““s3#RÂ#‚ãsCƒc“““““ScÂãÒÂ³cRãSs“3CbÂ#‚ãc“C#““““ƒ“Cc3‚ÂãÕÕ××ÒÂ²'G—R#¢$fVGW&R"Â'&÷W'F–W2#¢²$æÖR#¢%FöVâ"Â%7–Ö&öÄ”B#¢#S’'ÒÂ&vVöÖWG'’#¢²'G—R#¢%öÇ–vöâ"Â&6ö÷&F–æFW2#¢µµ³cRãcCsC“““““#bÂ#‚ãs3“#“33S"ÂãÒÂ³cRãSSC#““““““CSÂ#‚ãcSScSCsC3"ÂãÒÂ³cRãS33C#““““s“Cc’Â#‚ãcC“ƒ““““s3sS‚ÂãÒÂ³cRãS3sS3Ss#‚Â#‚ãccƒ3““““““cbÂãÒÂ³cRãSs3S##3‚Â#‚ãcs3c“““““sSSRÂãÒÂ³cRãS“““##sƒrÂ#‚ãsCƒ3C““““cS#ƒrÂãÒÂ³cRãcs“#“““““c“S#rÂ#‚ãsƒ33#Sc33bÂãÒÂ³cRãs#3#“Cƒ2Â#‚ãƒs3C#CƒCrÂãÒÂ³cRãsS3““““ƒs3rÂ#‚ãƒ#CC“scrÂãÒÂ³cRãs#C“cCRÂ#‚ãs“#“Cc2ÂãÒÂ³cRãcCsC“““““#bÂ#‚ãs3“#“33S"ÂãÕÕ××ÒÂ²'G—R#¢$fVGW&R"Â'&÷W'F–W2#¢²$æÖR#¢%FöVâ"Â%7–Ö&öÄ”B#¢#S’'ÒÂ&vVöÖWG'’#¢²'G—R#¢%öÇ–vöâ"Â&6ö÷&F–æFW2#¢µµ³cRãc“ƒS““““s3“#‚Â#‚ãscƒcC““““S“sƒrÂãÒÂ³cRãc3c“scSRÂ#‚ãsƒ“c“3“3#RÂãÒÂ³cRãcƒ#Cs“3’Â#‚ãƒSCs“ƒbÂãÒÂ³cRãccƒ“cC3s2Â#‚ãsƒCsccS#RÂãÒÂ³cRãc“ƒS““““s3“#‚Â#‚ãscƒcC““““S“sƒrÂãÕÕ××ÒÂ²'G—R#¢$fVGW&R"Â'&÷W'F–W2#¢²$æÖR#¢%B"Â%7–Ö&öÄ”B#¢#r'ÒÂ&vVöÖWG'’#¢²'G—R#¢%öÇ–vöâ"Â&6ö÷&F–æFW2#¢µµ³cRã“Cc““““ƒCc‚Â#’ãcC“““““ƒ“cc#"ÂãÒÂ³cRãƒS#ƒ3“‚Â#‚ã““#“S““““sC#ƒ2ÂãÒÂ³cRãƒS#C“C3#BÂ#‚ã“sc##3#rÂãÒÂ³cRãƒ“3#C““““SƒsƒRÂ#’ã#CC##BÂãÒÂ³cRãƒsS#CC"Â#‚ã“ƒ3sS3c#3bÂãÒÂ³cRãƒ“#cƒ““““ƒC3rÂ#‚ã“sSS3s##S2ÂãÒÂ³cRãƒS“c““““““SSrÂ#‚ã“SƒS3cCrÂãÒÂ³cRãƒc#C#C’Â#‚ã“S3s““““sƒs#RÂãÒÂ³cRãƒ3sc333ƒ"Â#‚ãƒc“““““3ƒ"ÂãÒÂ³cRãƒC3s3ƒ2Â#‚ãsS“3““““s“cƒrÂãÒÂ³cRãƒC3c#3ƒrÂ#‚ãsCƒ#ƒ##"ÂãÒÂ³cRãƒCc3sCC’Â#‚ãs#3““““ƒƒƒ#rÂãÒÂ³cRãƒ#SC#““““ƒ“CcRÂ#‚ãssS“““““ƒCbÂãÒÂ³cRãƒ3““““ƒc‚Â#‚ãcƒ##s““““s###SRÂãÒÂ³cRãƒƒs3#ƒ“3RÂ#‚ãccƒsƒ3“cs3rÂãÒÂ³cRãs“ƒS##S2Â#‚ãcc““““scs"ÂãÒÂ³cRãƒccƒ““‚Â#‚ãcCCSs““““Scs3ƒBÂãÒÂ³cRãss#sC““““c#ƒrÂ#‚ãc“SC#S"ÂãÒÂ³cRãsc#sƒ““““ƒSƒc‚Â#‚ãS3Scƒ33ƒÂãÒÂ³cRãsƒƒcƒƒ’Â#‚ãScSsC“crÂãÒÂ³cRãs3SSC#CsBÂ#‚ãSc3sƒ#Ccƒ‚ÂãÒÂ³cRãs#s“#Cc3rÂ#‚ãSsS#““““s“sS2ÂãÒÂ³cRãccS3S3#3BÂ#‚ãSƒs3#“CƒrÂãÒÂ³cRãccƒ3cC’Â#‚ãS“csC“““““#c‚ÂãÒÂ³cRãc““3#““““ss“rÂ#‚ãS“sS““““ƒƒccSBÂãÒÂ³cRãcƒc3SS#CbÂ#‚ãcscC#ƒSƒ"ÂãÒÂ³cRãScc3#““““ƒ#“c’Â#‚ãS“3““““sƒƒ"ÂãÒÂ³cRãSƒC3c33ƒBÂ#‚ãccc3““““ƒ3c“RÂãÒÂ³cRãcs3sƒC"Â#‚ãc###S“““““““s2ÂãÒÂ³cRãc#Ccc’Â#‚ãc3CC“““““csS32ÂãÒÂ³cRãc#ƒƒC““““s#ss‚Â#‚ãcSƒS#sS2ÂãÒÂ³cRãScCc3cƒs‚Â#‚ãc#3““ƒC“bÂãÒÂ³cRãS“ccC““““S“sƒBÂ#‚ãcCƒ#CsS“rÂãÒÂ³cRãScSs““““ƒSsRÂ#‚ãcCƒS3S“SÂãÒÂ³cRãcc3CC“rÂ#‚ãcƒSC3ƒÂãÒÂ³cRãss3#Css"Â#‚ãcƒ“S3“““““s’ÂãÒÂ³cRãc“sSS““““““CBÂ#‚ãs3ƒ““““““3c2ÂãÒÂ³cRãS“c#C#“sRÂ#‚ãcƒsS#3CsssBÂãÒÂ³cRãc#css““““S“s3rÂ#‚ãs33Sƒ““““ssƒrÂãÒÂ³cRãcƒCcS““““SS“CÂ#‚ãsc#cC‚ÂãÒÂ³cRãsS3““““ƒs3rÂ#‚ãƒ#CC“scrÂãÒÂ³cRãs#3#“Cƒ2Â#‚ãƒs3C#CƒCrÂãÒÂ³cRãcs“#“““““c“S#rÂ#‚ãsƒ33#Sc33bÂãÒÂ³cRãS“““##sƒrÂ#‚ãsCƒ3C““““cS#ƒrÂãÒÂ³cRãS#sc““““cƒ‚Â#‚ãcƒSƒ““““s3sbÂãÒÂ³cRãSƒSc#C3’Â#‚ãc“CSC3#sƒRÂãÒÂ³cRãS““S““““sCƒ#"Â#‚ãsSc3#CCƒ’ÂãÒÂ³cRãc#c“s““““ƒ#s"Â#‚ãƒ“SC#sƒ2ÂãÒÂ³cRãc#sƒSs"Â#‚ãƒS3#“““““#“c2ÂãÒÂ³cRãcCƒ3c““““csSƒ"Â#‚ãƒ“cs““““ƒ“#RÂãÒÂ³cRãS“cSCsCrÂ#‚ã“3Sƒs““““sc##"ÂãÒÂ³cRãSC“cS3“RÂ#‚ã“CCƒ““““cƒƒÂãÒÂ³cRãSCƒ“3S"Â#‚ã“s“3““““ƒ3c"ÂãÒÂ³cRãSc“““““3cBÂ#‚ãƒƒƒSc““““ƒSs#RÂãÒÂ³cRãCƒ3SC#Cs2Â#‚ãƒsS###3“RÂãÒÂ³cRãC3csccCBÂ#‚ãƒcƒ“““““c“csrÂãÒÂ³cRãC3c3#cs“BÂ#‚ãƒSs“““““#ƒrÂãÒÂ³cRãCSƒ““““sƒs’Â#‚ãƒ3SS3““““Ss3‚ÂãÒÂ³cRãCscc““““ƒscrÂ#‚ãƒs#C3#SƒRÂãÒÂ³cRã3“SsC““““ƒc#c’Â#‚ãsƒSƒ““““““3cbÂãÒÂ³cRã3ƒS#3C3"Â#‚ãƒC3C“““““S#Sƒ2ÂãÒÂ³cRã3“ƒ3““ƒ3’Â#‚ãƒ#c#““““cS3#’ÂãÒÂ³cRã3ƒS##cBÂ#‚ãƒ3c3#CS‚ÂãÒÂ³cRã3“ƒ““““scsÂ#‚ãƒccsC3SssBÂãÒÂ³cRãCS“ƒc““““ƒs2Â#‚ã“3s“#3sƒ#rÂãÒÂ³cRãc33S#Cs“BÂ#’ã“s““““““ssbÂãÒÂ³cRãsCƒ#“’Â#’ã“C#c““““ccƒÂãÒÂ³cRãsƒSs3“S#‚Â#’ãSƒƒ3CCCBÂãÒÂ³cRãƒ3““C3ƒ"Â#’ãSsS“““““Cƒ‚ÂãÒÂ³cRãs“ƒ3#cCÂ#’ã#s“““““s3s"ÂãÒÂ³cRãƒscssC3S#"Â#’ãs3“Cƒ#2ÂãÒÂ³cRã“Cc““““ƒCc‚Â#’ãcC“““““ƒ“cc#"ÂãÕÒÂµ³cRãc““c3““““cƒc#rÂ#’ãC“#sCƒ"ÂãÒÂ³cRãsSSSƒ““““csƒƒ"Â#’ãƒ3C#““““s“Cs2ÂãÒÂ³cRãsc“3C“#RÂ#’ã“cs““““cs32ÂãÒÂ³cRãc““c3““““cƒc#rÂ#’ãC“#sCƒ"ÂãÕÒÂµ³cRãc“##C““““s3ss2Â#‚ã“cS#““““sS“sSRÂãÒÂ³cRãƒC3c“““““sSS#BÂ#‚ã“ƒ“““““cƒ3RÂãÒÂ³cRãƒ3ƒcƒ#ƒƒBÂ#‚ã““#S#““““cS“s‚ÂãÒÂ³cRãƒcSCS““““Ss“BÂ#’ã3sc“#“33ÂãÒÂ³cRãƒSss“““““SsÂ#’ãc3ƒ#Cƒƒ"ÂãÒÂ³cRãƒ3#ss#3S3rÂ#’ãc333s“CsRÂãÒÂ³cRãsS3c““““cc332Â#’ã#ssC3S#BÂãÒÂ³cRãs#ƒ““““sC3#BÂ#‚ã“Ssc““““SƒSƒRÂãÒÂ³cRãc“S3#c3BÂ#‚ã“3CcC3S“rÂãÒÂ³cRãc“##C““““s3ss2Â#‚ã“cS#““““sS“sSRÂãÕÒÂµ³cRãs“3S““““ƒcCBÂ#‚ãƒC“Cc#sƒƒBÂãÒÂ³cRãsCCScCC2Â#‚ãƒS#SC##ƒrÂãÒÂ³cRãsƒ#“#““““c“ƒRÂ#‚ã“CS3sCsCBÂãÒÂ³cRãsƒ3“““““cc32Â#‚ãƒs““C““““s“#rÂãÒÂ³cRãs“3S““““ƒcCBÂ#‚ãƒC“Cc#sƒƒBÂãÕÒÂµ³cRãCs3#““““sC“sBÂ#‚ãƒ“3ss3ƒS#CbÂãÒÂ³cRãS3#333#“2Â#‚ã“c3““““Sc3‚ÂãÒÂ³cRãS##3C““’Â#‚ã“C3ƒ““““ƒ“3RÂãÒÂ³cRãS3#s#’Â#‚ã“#“S““““sC#‚ÂãÒÂ³cRãCs3#““““sC“sBÂ#‚ãƒ“3ss3ƒS#CbÂãÕÒÂµ³cRãc“ƒS““““s3“#‚Â#‚ãscƒcC““““S“sƒrÂãÒÂ³cRãcsCCCCSsRÂ#‚ãsƒƒ“c““““ScSƒ“2ÂãÒÂ³cRãcƒ#Cs“3’Â#‚ãƒSCs“ƒbÂãÒÂ³cRãc3c“scSRÂ#‚ãsƒ“c“3“3#RÂãÒÂ³cRãc“ƒS““““s3“#‚Â#‚ãscƒcC““““S“sƒrÂãÕÕ××ÒÂ²'G—R#¢$fVGW&R"Â'&÷W'F–W2#¢²$æÖR#¢%FöVâ"Â%7–Ö&öÄ”B#¢#S’'ÒÂ&vVöÖWG'’#¢²'G—R#¢%öÇ–vöâ"Â&6ö÷&F–æFW2#¢µµ³cRãs“3S““““ƒcCBÂ#‚ãƒC“Cc#sƒƒBÂãÒÂ³cRãsƒ3“““““cc32Â#‚ãƒs““C““““s“#rÂãÒÂ³cRãscs3#3CBÂ#‚ã“3#“““““ƒ“SbÂãÒÂ³cRãsƒcss““““““srÂ#‚ã“3#“Cƒ2ÂãÒÂ³cRãsCC#C3srÂ#‚ãƒccSC““““cƒ#ssRÂãÒÂ³cRãsCCScCC2Â#‚ãƒS#SC##ƒrÂãÒÂ³cRãs“3S““““ƒcCBÂ#‚ãƒC“Cc#sƒƒBÂãÕÕ××ÒÂ²'G—R#¢$fVGW&R"Â'&÷W'F–W2#¢²$æÖR#¢$·2"Â%7–Ö&öÄ”B#¢#'ÒÂ&vVöÖWG'’#¢²'G—R#¢%öÇ–vöâ"Â&6ö÷&F–æFW2#¢µµ³cRãC3c#““““s#Cs‚Â#‚ãƒƒ“C#c#2ÂãÒÂ³cRã3csS##CsƒRÂ#‚ãƒc“33s“3’ÂãÒÂ³cRã3“C3ssSS2Â#‚ã“33#s“S‚ÂãÒÂ³cRã3“Cc#ƒ3ƒ"Â#‚ã“#c““““Sc3CBÂãÒÂ³cRãCCC3C“““““S#S‚Â#‚ã“33CsCCbÂãÒÂ³cRãC3c#““““s#Cs‚Â#‚ãƒƒ“C#c#2ÂãÕÕ××ÒÂ²'G—R#¢$fVGW&R"Â'&÷W'F–W2#¢²$æÖR#¢%FV²"Â%7–Ö&öÄ”B#¢#c'ÒÂ&vVöÖWG'’#¢²'G—R#¢%öÇ–vöâ"Â&6ö÷&F–æFW2#¢µµ³cRãCsƒ““““S“33RÂ#‚ãƒ“cs“““““ƒ#rÂãÒÂ³cRãC#SCC““““ƒss"Â#‚ã“S“““““sCcsbÂãÒÂ³cRãCS“ƒc““““ƒs2Â#‚ã“3s“#3sƒ#rÂãÒÂ³cRãCCs“C3RÂ#‚ã“cSC3c#32ÂãÒÂ³cRãCsƒ““““S“33RÂ#‚ãƒ“cs“““““ƒ#rÂãÕÕ××ÒÂ²'G—R#¢$fVGW&R"Â'&÷W'F–W2#¢²$æÖR#¢%FöVâ"Â%7–Ö&öÄ”B#¢#S’'ÒÂ&vVöÖWG'’#¢²'G—R#¢%öÇ–vöâ"Â&6ö÷&F–æFW2#¢µµ³cRãCsCsƒ““““ƒSƒcrÂ#‚ãƒƒ“3ƒ#ƒcƒRÂãÒÂ³cRãCƒCs#““““Sƒ“ƒ’Â#‚ã“ƒ#c3“ƒsBÂãÒÂ³cRãS3#s#’Â#‚ã“#“S““““sC#‚ÂãÒÂ³cRãScƒCcbÂ#‚ã“C#33““““““srÂãÒÂ³cRãS33#c““““cƒrÂ#‚ã“33CS““““cs“3BÂãÒÂ³cRãS3#333#“2Â#‚ã“c3““““Sc3‚ÂãÒÂ³cRãCsCsƒ““““ƒSƒcrÂ#‚ãƒƒ“3ƒ#ƒcƒRÂãÕÕ××ÒÂ²'G—R#¢$fVGW&R"Â'&÷W'F–W2#¢²$æÖR#¢%G""Â%7–Ö&öÄ”B#¢#’'ÒÂ&vVöÖWG'’#¢²'G—R#¢%öÇ–vöâ"Â&6ö÷&F–æFW2#¢µµ³cRãccCs““““SccƒrÂ#’ãCCs““““““#RÂãÒÂ³cRãCcƒs“SƒCBÂ#‚ã“CC#S2ÂãÒÂ³cRã3“Cc#ƒ3ƒ"Â#‚ã“#c““““Sc3CBÂãÒÂ³cRã3“C3ssSS2Â#‚ã“33#s“S‚ÂãÒÂ³cRã3csC““““css’Â#‚ãƒs#c“CC3#C"ÂãÒÂ³cRã3ƒsC“““““c#cÂ#‚ãƒc3s““““ƒSsS"ÂãÒÂ³cRã3#3C““““SS#“"Â#‚ãƒ#sssƒSC‚ÂãÒÂ³cRã#Ss“““““sCcsBÂ#‚ãsS3cs“““““3#2ÂãÒÂ³cRã#33sc““““ƒƒSc"Â#‚ãsC3““““s“c#BÂãÒÂ³cRã#3ƒ“ƒ#s2Â#‚ãƒS##s#ƒSBÂãÒÂ³cRã#ƒ“scSCBÂ#‚ãƒccsc“““““3Sc#rÂãÒÂ³cRãCSs3““““SSc“Â#’ã3C#“Sƒ2ÂãÒÂ³cRãSS“ƒC““““SssƒbÂ#’ã#S“3#c“3BÂãÒÂ³cRãs3S#3Css‚Â#’ã“cs#s3rÂãÒÂ³cRãccCs““““SccƒrÂ#’ãCCs““““““#RÂãÕÒÂµ³cRãcS3ƒƒ““““s#3s’Â#’ãSc3S““““sC#’ÂãÒÂ³cRãcƒC“““““ƒSƒRÂ#’ãcssSC“SrÂãÒÂ³cRãcƒC“s3cS2Â#’ãsSC#““““S“CƒbÂãÒÂ³cRãcS3ƒƒ““““s#3s’Â#’ãSc3S““““sC#’ÂãÕÒÂµ³cRãC#CsC“““““#cRÂ#‚ã“cSƒ““““““3s2ÂãÒÂ³cRãScsc““““s3Ss‚Â#’ã33s“““““ƒs32ÂãÒÂ³cRãc#3cS‚Â#’ã3ƒƒ3csS2ÂãÒÂ³cRãCCc3““3’Â#‚ã“ƒc“3“““““ƒsRÂãÒÂ³cRãC#CsC“““““#cRÂ#‚ã“cSƒ““““““3s2ÂãÕÒÂµ³cRã33c““““cSƒÂ#‚ãƒsc#““““““SCRÂãÒÂ³cRãCs“““““ƒcS‚Â#‚ã“Css“Cƒ#CrÂãÒÂ³cRãCS“#““““ƒc“crÂ#‚ã“Ss“““““ƒcS3bÂãÒÂ³cRã33c““““cSƒÂ#‚ãƒsc#““““““SCRÂãÕÒÂµ³cRã3“ƒ““““SƒƒƒbÂ#‚ãƒccƒS““““Sƒ“33rÂãÒÂ³cRã3“ƒCƒ’Â#‚ãƒsc“ƒC#cs#rÂãÒÂ³cRã3ƒƒC““““ƒ#scbÂ#‚ãƒcss“““““Ss"ÂãÒÂ³cRã3“ƒ““““SƒƒƒbÂ#‚ãƒccƒS““““Sƒ“33rÂãÕÒÂµ³cRã#cƒ“““““ƒbÂ#‚ãƒ3CƒS#sCbÂãÒÂ³cRã#SCƒ#“ƒ"Â#‚ãƒC3“ƒ““““ƒ3ƒc“‚ÂãÒÂ³cRã#S##S“““““““rÂ#‚ãƒ3S3C““““ƒ#s"ÂãÒÂ³cRã#cƒ“““““ƒbÂ#‚ãƒ3CƒS#sCbÂãÕÒÂµ³cRã#css33S2Â#‚ãsƒs3s“““““ƒs‚ÂãÒÂ³cRã#ƒSc“““““sSS#RÂ#‚ãƒ#Sƒ““““c3ƒRÂãÒÂ³cRã#ƒS3ƒ#ƒcƒbÂ#‚ãƒ3Css3SS"ÂãÒÂ³cRã#SC3ssSCÂ#‚ãƒ#ƒC#s‚ÂãÒÂ³cRã#css33S2Â#‚ãsƒs3s“““““ƒs‚ÂãÕÕ××ÒÂ²'G—R#¢$fVGW&R"Â'&÷W'F–W2#¢²$æÖR#¢%G""Â%7–Ö&öÄ”B#¢#’'ÒÂ&vVöÖWG'’#¢²'G—R#¢%öÇ–vöâ"Â&6ö÷&F–æFW2#¢µµ³cBãƒ““““rÂ#‚ãƒƒsƒ““““ƒSƒcsRÂãÒÂ³cBãƒSCƒc““““sSsRÂ#‚ãƒ3c3#CSCbÂãÒÂ³cBãƒS3SS““““S“C3‚Â#‚ãƒ#ƒCcBÂãÒÂ³cBãƒ““““rÂ#‚ãƒƒsƒ““““ƒSƒcsRÂãÕÕ××ÒÂ²'G—R#¢$fVGW&R"Â'&÷W'F–W2#¢²$æÖR#¢%"Â%7–Ö&öÄ”B#¢#‚'ÒÂ&vVöÖWG'’#¢²'G—R#¢%öÇ–vöâ"Â&6ö÷&F–æFW2#¢µµ³cBãƒS3Cc“““““CcÂ#‚ãƒ#3CSBÂãÒÂ³cBãƒS3sS““““ƒ#C"Â#‚ãƒ#3Cƒ““RÂãÒÂ³cBãƒS3SS““““S“C3‚Â#‚ãƒ#ƒCcBÂãÒÂ³cBãƒS3Cc“““““CcÂ#‚ãƒ#3CSBÂãÕÕ××ÒÂ²'G—R#¢$fVGW&R"Â'&÷W'F–W2#¢²$æÖR#¢%G""Â%7–Ö&öÄ”B#¢#’'ÒÂ&vVöÖWG'’#¢²'G—R#¢%öÇ–vöâ"Â&6ö÷&F–æFW2#¢µµ³cBãƒC““““““ƒ‚Â#‚ãƒ3sc3““S‚ÂãÒÂ³cBãƒS##““““ƒCrÂ#‚ãƒ“c#““““s#Csƒ"ÂãÒÂ³cBãƒ#CsS““““ssC#BÂ#‚ãƒƒ33#“SRÂãÒÂ³cBãƒC““““““ƒ‚Â#‚ãƒ3sc3““S‚ÂãÕÕ××ÒÂ²'G—R#¢$fVGW&R"Â'&÷W'F–W2#¢²$æÖR#¢%FÖò"Â%7–Ö&öÄ”B#¢#’'ÒÂ&vVöÖWG'’#¢²'G—R#¢%öÇ–vöâ"Â&6ö÷&F–æFW2#¢µµ³cRã#3ƒ“3“““““ƒ‚Â#‚ãƒCƒ“S3S2ÂãÒÂ³cRã#Ccc““““s#sRÂ#‚ãsƒcC“““““##bÂãÒÂ³cRã##3#33cC#RÂ#‚ãscC#c3“ƒs3RÂãÒÂ³cRãS““33ƒ#’Â#‚ãsc“3C“BÂãÒÂ³cRãs##“““““cCbÂ#‚ãssS“““““ƒCbÂãÒÂ³cRãs#ƒC#sRÂ#‚ãƒsS“““““ƒC“2ÂãÒÂ³cRãC3C#3#“‚Â#‚ãƒƒS##S#"ÂãÒÂ³cRãCƒ““““Scƒ‚Â#‚ãƒC##c3ƒ"ÂãÒÂ³cRãƒs#cc3‚Â#‚ãƒCs3S““““ccC3"ÂãÒÂ³cRãcCs““““ss#‚Â#‚ãƒS“s““““cC#3CrÂãÒÂ³cRãSscC#ƒSƒbÂ#‚ãƒ“CS““““s#“#s2ÂãÒÂ³cRãƒc#ƒƒ‚Â#‚ã“ƒƒc#2ÂãÒÂ³cRãC3“ƒCrÂ#‚ãƒƒsCs3C#s"ÂãÒÂ³cRã#sƒc3“RÂ#‚ãƒc“c““““ƒSrÂãÒÂ³cRãS###S#“rÂ#‚ãƒsƒ33““#crÂãÒÂ³cRã#3ƒ“3“““““ƒ‚Â#‚ãƒCƒ“S3S2ÂãÕÕ××ÒÂ²'G—R#¢$fVGW&R"Â'&÷W'F–W2#¢²$æÖR#¢%B"Â%7–Ö&öÄ”B#¢#r'ÒÂ&vVöÖWG'’#¢²'G—R#¢%öÇ–vöâ"Â&6ö÷&F–æFW2#¢µµ³cRã#c3SƒCcsrÂ#‚ãƒ3“CC“sBÂãÒÂ³cRã#S##S“““““““rÂ#‚ãƒ3S3C““““ƒ#s"ÂãÒÂ³cRã#SCƒ#“ƒ"Â#‚ãƒC3“ƒ““““ƒ3ƒc“‚ÂãÒÂ³cRã#c3SƒCcsrÂ#‚ãƒ3“CC“sBÂãÕÕ××ÒÂ²'G—R#¢$fVGW&R"Â'&÷W'F–W2#¢²$æÖR#¢%FÖò"Â%7–Ö&öÄ”B#¢#’'ÒÂ&vVöÖWG'’#¢²'G—R#¢%öÇ–vöâ"Â&6ö÷&F–æFW2#¢µµ³cBãƒS“3SC##2Â#‚ãƒC“cC3sSBÂãÒÂ³cBãƒccs3RÂ#‚ãƒSS3““““s##c2ÂãÒÂ³cBã“33#c“““““cBÂ#‚ãƒC“3#““““cs“ƒÂãÒÂ³cBã“Sƒc3ƒ“BÂ#‚ãƒcSƒC#Sƒƒ2ÂãÒÂ³cBã“ƒSsƒRÂ#‚ãƒ3ƒcs““““Sƒ#3ƒ"ÂãÒÂ³cBã“SSc#ƒ“Â#‚ãƒcCc#ƒ“#rÂãÒÂ³cBã“#3sƒ#Cc’Â#‚ãƒ3#C#cC"ÂãÒÂ³cBãƒS“3SC##2Â#‚ãƒC“cC3sSBÂãÕÕ××ÒÂ²'G—R#¢$fVGW&R"Â'&÷W'F–W2#¢²$æÖR#¢%B"Â%7–Ö&öÄ”B#¢#r'ÒÂ&vVöÖWG'’#¢²'G—R#¢%öÇ–vöâ"Â&6ö÷&F–æFW2#¢µµ³cBãƒs#C““““ƒƒsc2Â#‚ãs“#3CC’ÂãÒÂ³cBãscsƒ#““““SSCƒbÂ#‚ãƒC3ƒ““““““ƒS#RÂãÒÂ³cBãsCC#““““s“Cs"Â#‚ãs““33BÂãÒÂ³cBãs#ƒ3cSbÂ#‚ãƒ3ƒƒ““““c#3ƒ3BÂãÒÂ³cBãsCc#ƒC#s2Â#‚ãƒ#s“““““ƒƒ#"ÂãÒÂ³cBãƒS“s““““sss#Â#‚ãƒ#“33““““cC3"ÂãÒÂ³cBãs“C3““sbÂ#‚ãƒSƒ33#“CSbÂãÒÂ³cBãƒ“ƒ#3“#s‚Â#‚ãƒS“““““Sƒ3ƒ‚ÂãÒÂ³cBãƒ#Sc#33’Â#‚ãƒ“S““““s“ƒƒrÂãÒÂ³cBãƒ33C““““ƒSsc‚Â#‚ãƒs3Sc“3“bÂãÒÂ³cBãƒC3sƒCsRÂ#‚ãƒƒ3C““““ƒs#crÂãÒÂ³cBãƒS#“33CrÂ#‚ãƒS3##““““ccCs’ÂãÒÂ³cBãƒs#“ƒ3#cƒ2Â#‚ãƒcs““““ƒƒƒ3"ÂãÒÂ³cBãƒ“#SC““““ƒƒ#cRÂ#‚ãƒcs33C“#srÂãÒÂ³cBãƒ##C“““““ƒsSbÂ#‚ãƒC#C#sSƒCRÂãÒÂ³cBãƒ“““““ScSBÂ#‚ãƒS“S““““SSC3cbÂãÒÂ³cBãƒs#C““““ƒƒsc2Â#‚ãs“#3CC’ÂãÕÕ××ÒÂ²'G—R#¢$fVGW&R"Â'&÷W'F–W2#¢²$æÖR#¢%B"Â%7–Ö&öÄ”B#¢#r'ÒÂ&vVöÖWG'’#¢²'G—R#¢%öÇ–vöâ"Â&6ö÷&F–æFW2#¢µµ³cRã3ss““““ƒC#‚Â#‚ãƒsCS#sCƒRÂãÒÂ³cRã3ƒcc““““c#ƒbÂ#‚ãƒs#3“““““cc32ÂãÒÂ³cRã3cSsRÂ#‚ãƒsƒ“c““““ScSƒc‚ÂãÒÂ³cRã3ss““““ƒC#‚Â#‚ãƒsCS#sCƒRÂãÕÕ××ÒÂ²'G—R#¢$fVGW&R"Â'&÷W'F–W2#¢²$æÖR#¢%FÖò"Â%7–Ö&öÄ”B#¢#’'ÒÂ&vVöÖWG'’#¢²'G—R#¢%öÇ–vöâ"Â&6ö÷&F–æFW2#¢µµ³cBã“ƒcS“““““3cc2Â#‚ãƒ“#S#““““ƒS“csbÂãÒÂ³cRãcc““““cS‚Â#‚ãƒƒs#3ƒssc‚ÂãÒÂ³cRãC3Cc#2Â#‚ãƒS#C#sSƒCbÂãÒÂ³cRãc#S3sCrÂ#‚ãƒS3#cCƒ“cBÂãÒÂ³cBã“ƒcS“““““3cc2Â#‚ãƒ“#S#““““ƒS“csbÂãÕÕ××ÒÂ²'G—R#¢$fVGW&R"Â'&÷W'F–W2#¢²$æÖR#¢%B"Â%7–Ö&öÄ”B#¢#r'ÒÂ&vVöÖWG'’#¢²'G—R#¢%öÇ–vöâ"Â&6ö÷&F–æFW2#¢µµ³cRã33“s3S3"Â#‚ãƒs3cCƒS’ÂãÒÂ³cRã33css““““““s‚Â#‚ãƒ“3“C““““c“#s‚ÂãÒÂ³cRãCS“#““““ƒc“crÂ#‚ã“Ss“““““ƒcS3bÂãÒÂ³cRã3ƒS““““c“3rÂ#‚ã“C“3“““““ƒs2ÂãÒÂ³cRã33“s3S3"Â#‚ãƒs3cCƒS’ÂãÕÕ××ÒÂ²'G—R#¢$fVGW&R"Â'&÷W'F–W2#¢²$æÖR#¢%FöÒ"Â%7–Ö&öÄ”B#¢#c"'ÒÂ&vVöÖWG'’#¢²'G—R#¢%öÇ–vöâ"Â&6ö÷&F–æFW2#¢µµ³cbã#s#C““““s##s’Â#‚ã“3s“#ƒC2ÂãÒÂ³cbã#cS““““sc“#2Â#‚ãƒc#33““““s“#2ÂãÒÂ³cbã#C#ƒ’Â#‚ãƒ#ƒC3S“ƒrÂãÒÂ³cbã##c3‚Â#‚ãƒSCC““““sss“rÂãÒÂ³cbã#C“3SrÂ#‚ãƒ“ƒ“SC#S3"ÂãÒÂ³cbã#S3SC3ss‚Â#‚ã“C#ƒ#“ÂãÒÂ³cbã#s#C““““s##s’Â#‚ã“3s“#ƒC2ÂãÕÕ××ÒÂ²'G—R#¢$fVGW&R"Â'&÷W'F–W2#¢²$æÖR#¢%"Â%7–Ö&öÄ”B#¢#‚'ÒÂ&vVöÖWG'’#¢²'G—R#¢%öÇ–vöâ"Â&6ö÷&F–æFW2#¢µµ³cbã#s3cc““““cs‚Â#‚ãƒƒsc3ƒs“rÂãÒÂ³cbã#sC3c““““SsSƒrÂ#‚ãƒƒsCs“““““#“‚ÂãÒÂ³cbã#sCcSBÂ#‚ãƒƒs““““ƒsÂãÒÂ³cbã#s3cc““““cs‚Â#‚ãƒƒsc3ƒs“rÂãÕÕ××ÒÂ²'G—R#¢$fVGW&R"Â'&÷W'F–W2#¢²$æÖR#¢%"Â%7–Ö&öÄ”B#¢#‚'ÒÂ&vVöÖWG'’#¢²'G—R#¢%öÇ–vöâ"Â&6ö÷&F–æFW2#¢µµ³cbã#sƒcS““““SS“CÂ#‚ãƒƒc#c““““ƒccCBÂãÒÂ³cbã#ƒC#3##ƒÂ#‚ãƒ“3#““““sCsrÂãÒÂ³cbã#ƒsc#ƒ’Â#‚ãƒ“3C#““““““CScrÂãÒÂ³cbã#sƒcS““““SS“CÂ#‚ãƒƒc#c““““ƒccCBÂãÕÕ××ÒÂ²'G—R#¢$fVGW&R"Â'&÷W'F–W2#¢²$æÖR#¢%FVâ"Â%7–Ö&öÄ”B#¢#SB'ÒÂ&vVöÖWG'’#¢²'G—R#¢%öÇ–vöâ"Â&6ö÷&F–æFW2#¢µµ³cbã#““##C3rÂ#‚ã“S3#CssRÂãÒÂ³cbã#ƒ“sS““““s#C#RÂ#‚ã“3#C#crÂãÒÂ³cbã#sS3#C‚Â#‚ãƒ“sS3#“3s"ÂãÒÂ³cbã#s“##““““scCsÂ#‚ã“S“ƒ#scƒ‚ÂãÒÂ³cbã#““##C3rÂ#‚ã“S3#CssRÂãÕÕ××ÒÂ²'G—R#¢$fVGW&R"Â'&÷W'F–W2#¢²$æÖR#¢%"Â%7–Ö&öÄ”B#¢#‚'ÒÂ&vVöÖWG'’#¢²'G—R#¢%öÇ–vöâ"Â&6ö÷&F–æFW2#¢µµ³cbã#33““““ss‚Â#‚ã“#Sƒcc“"ÂãÒÂ³cbã#3“S““““ƒSCRÂ#‚ã“3sƒCCcs3bÂãÒÂ³cbã#CS3s“““““ƒsRÂ#‚ã“3S3ccCÂãÒÂ³cbã#C#S##“sƒ"Â#‚ã“3####ƒ“bÂãÒÂ³cbã#33““““ss‚Â#‚ã“#Sƒcc“"ÂãÕÕ××ÒÂ²'G—R#¢$fVGW&R"Â'&÷W'F–W2#¢²$æÖR#¢%"Â%7–Ö&öÄ”B#¢#‚'ÒÂ&vVöÖWG'’#¢²'G—R#¢%öÇ–vöâ"Â&6ö÷&F–æFW2#¢µµ³cbã#c“C““““ƒs#cBÂ#‚ã“CSƒCCc“"ÂãÒÂ³cbã#sS““““Sc“3bÂ#‚ã“csSc““““sSSsÂãÒÂ³cbã#ƒ“#ƒ““““c33ƒÂ#‚ã“s“ƒ““““cƒƒ#RÂãÒÂ³cbã#ƒƒƒ“““““c3S2Â#‚ã“cS3““““ƒSccƒbÂãÒÂ³cbã#c“C““““ƒs#cBÂ#‚ã“CSƒCCc“"ÂãÕÕ××ÒÂ²'G—R#¢$fVGW&R"Â'&÷W'F–W2#¢²$æÖR#¢$§2"Â%7–Ö&öÄ”B#¢#SR'ÒÂ&vVöÖWG'’#¢²'G—R#¢%öÇ–vöâ"Â&6ö÷&F–æFW2#¢µµ³cbãCSc#C3’Â#‚ã“sS3““““cScƒRÂãÒÂ³cbãC#cCc3#ƒ‚Â#‚ã““C““BÂãÒÂ³cbãC3sCÂ#’ã#ƒ#““““ƒCcsRÂãÒÂ³cbãCSC3ƒ““““S“ƒƒRÂ#’ãCs““““ss3##rÂãÒÂ³cbãCCS#““““sC“s"Â#’ã#c3c33sƒrÂãÒÂ³cbãCc#c3sCSÂ#‚ã“Sc#C##sÂãÒÂ³cbã3“ƒ3““““ƒccbÂ#‚ã“3cƒ““““ƒ“3c"ÂãÒÂ³cbãCSc#C3’Â#‚ã“sS3““““cScƒRÂãÕÕ××ÒÂ²'G—R#¢$fVGW&R"Â'&÷W'F–W2#¢²$æÖR#¢%FVâ"Â%7–Ö&öÄ”B#¢#SB'ÒÂ&vVöÖWG'’#¢²'G—R#¢%öÇ–vöâ"Â&6ö÷&F–æFW2#¢µµ³cbã3cc33““““S“3’Â#’ãCSSs““““ss#SbÂãÒÂ³cbã3s“3ƒƒc“2Â#’ã3S“#““““ƒc“c2ÂãÒÂ³cbã3ƒScƒ#3’Â#’ã“S““““s#cs2ÂãÒÂ³cbãCƒS3s2Â#’ã#Cc“CBÂãÒÂ³cbãC3ƒs““““Sc#3‚Â#’ãƒƒƒcƒƒ’ÂãÒÂ³cbã333S3“C‚Â#‚ã“ƒƒ3“““““ƒcs‚ÂãÒÂ³cbã##c3‚Â#‚ãƒSCC““““sss“rÂãÒÂ³cbã#C#ƒ’Â#‚ãƒ#ƒC3S“ƒrÂãÒÂ³cbã““3““““s“c‚Â#‚ãƒSS“““““Cƒ“BÂãÒÂ³cbã#SSƒ##“#ƒ2Â#‚ãƒ#CS““““Ss“3bÂãÒÂ³cbã##3s““““cSs2Â#‚ãsƒ##3#“s“BÂãÒÂ³cbãƒS3“C’Â#‚ãscƒƒc#ƒƒƒBÂãÒÂ³cbãc“c3S3ƒ"Â#‚ãsCCc#ƒ“ƒ3bÂãÒÂ³cbã#“““““3ƒ‚Â#‚ãcƒSSs“““““s3‚ÂãÒÂ³cbã##S#““““SS“’Â#‚ãcCc““““““cS#’ÂãÒÂ³cbã“3#““““ƒ3CrÂ#‚ãc3C3“““““Sc“RÂãÒÂ³cbã“#C“RÂ#‚ãsCC““cBÂãÒÂ³cbãsc#3CCbÂ#‚ãƒ#cƒ3“s“2ÂãÒÂ³cbã#cC3#““““s#“sBÂ#‚ã“Scsc3s3ssrÂãÒÂ³cbã#S3S““““ccC3"Â#‚ã“cCC““““s#s3‚ÂãÒÂ³cbã#S3““““ss#"Â#‚ã“3sc““““ƒ“ScbÂãÒÂ³cbã#CƒC““““s#ssBÂ#‚ã“c#sƒ““““cSƒƒÂãÒÂ³cbã#cSc““““““SSrÂ#’ãCSC##ƒ‚ÂãÒÂ³cbã3SƒCcrÂ#’ãC#ƒc““““sSsS‚ÂãÒÂ³cbã3#cC““““s##sbÂ#’ã#“ƒ3SCSRÂãÒÂ³cbã3ƒ#“““““sSƒ#bÂ#’ã3c3““Cc2ÂãÒÂ³cbã3ƒƒC““““c#sƒbÂ#’ã3csc“““““crÂãÒÂ³cbã3“#c3cƒsbÂ#’ã3#3S#S#3cbÂãÒÂ³cbã3S3s3SCsbÂ#’ã#Sƒ#C#“3rÂãÒÂ³cbã33ƒ3““““scƒ"Â#’ãsSƒc“““““c2ÂãÒÂ³cbã#“ƒ“cC3s"Â#’ã“Scƒ“c2ÂãÒÂ³cbã3c#s““““c##3BÂ#’ãCCƒS“““““ƒ“S‚ÂãÒÂ³cbã3cc33““““S“3’Â#’ãCSSs““““ss#SbÂãÕÒÂµ³cbã#C“c““““ƒcSc‚Â#‚ã“S““sSSrÂãÒÂ³cbã#“ƒ““““cS3ƒBÂ#’ãSƒƒ““““s#3sc2ÂãÒÂ³cbã#ƒSCrÂ#’ãƒSC““““ƒSsc2ÂãÒÂ³cbã#S“SCsÂ#’ãS3Cƒ##RÂãÒÂ³cbã#SC““““c##ƒbÂ#’ã3S“““““CÂãÒÂ³cbã##cƒ3ƒs‚Â#‚ã“ƒƒc##“sBÂãÒÂ³cbã###““““““CSÂ#‚ã“sCsC3Sss‚ÂãÒÂ³cbã#C“c““““ƒcSc‚Â#‚ã“S““sSSrÂãÕÒÂµ³cbã#“3“ƒ““““c3ƒƒ"Â#’ãcƒ“““““S3Sƒ‚ÂãÒÂ³cbã3c#3#ƒBÂ#’ã3S3C“#C‚ÂãÒÂ³cbã3#sSrÂ#’ã3ƒƒCcs#bÂãÒÂ³cbã#“SSCsÂ#’ã33#““““cCƒ#bÂãÒÂ³cbã#“3“ƒ““““c3ƒƒ"Â#’ãcƒ“““““S3Sƒ‚ÂãÕÒÂµ³cbã#c“C““““ƒs#cBÂ#‚ã“CSƒCCc“"ÂãÒÂ³cbã#ƒƒƒ“““““c3S2Â#‚ã“cS3““““ƒSccƒbÂãÒÂ³cbã#ƒ“#ƒ““““c33ƒÂ#‚ã“s“ƒ““““cƒƒ#RÂãÒÂ³cbã#cs#“““““3RÂ#‚ã“cSsSSS2ÂãÒÂ³cbã#c“C““““ƒs#cBÂ#‚ã“CSƒCCc“"ÂãÕÒÂµ³cbã3sCC““““csƒBÂ#‚ãs3#s““ÂãÒÂ³cbãcCc3““““ƒ3c"Â#‚ãssƒcs3##’ÂãÒÂ³cbãCSC#sƒ‚Â#‚ãss3Sc““““ƒSSc‚ÂãÒÂ³cbãƒ#“““““ƒCS‚Â#‚ãs3ƒC“““““SsS3crÂãÒÂ³cbã#“ƒ#sbÂ#‚ãcsc“s3cS#bÂãÒÂ³cbãCs#3““““c#c3"Â#‚ãs#“C“““““33ÂãÒÂ³cbã3sCC““““csƒBÂ#‚ãs3#s““ÂãÕÕ××ÒÂ²'G—R#¢$fVGW&R"Â'&÷W'F–W2#¢²$æÖR#¢%FVâ"Â%7–Ö&öÄ”B#¢#SB'ÒÂ&vVöÖWG'’#¢²'G—R#¢%öÇ–vöâ"Â&6ö÷&F–æFW2#¢µµ³cbã3“#s““““sccsBÂ#‚ã“s“#Cc3BÂãÒÂ³cbãC#C“““““#cBÂ#’ã#s“ƒS3bÂãÒÂ³cbãCCƒ3C““““ƒS#crÂ#’ãCCsCCcBÂãÒÂ³cbãC#cCc3#ƒ‚Â#‚ã““C““BÂãÒÂ³cbã3“#s““““sccsBÂ#‚ã“s“#Cc3BÂãÕÕ××ÒÂ²'G—R#¢$fVGW&R"Â'&÷W'F–W2#¢²$æÖR#¢%"Â%7–Ö&öÄ”B#¢#‚'ÒÂ&vVöÖWG'’#¢²'G—R#¢%öÇ–vöâ"Â&6ö÷&F–æFW2#¢µµ³cbã#“3“ƒ““““c3ƒƒ"Â#’ãcƒ“““““S3Sƒ‚ÂãÒÂ³cbã#“SSCsÂ#’ã33#““““cCƒ#bÂãÒÂ³cbã3#sSrÂ#’ã3ƒƒCcs#bÂãÒÂ³cbã3#ƒc“““““SS’Â#’ãSc3“3s2ÂãÒÂ³cbã#“3“ƒ““““c3ƒƒ"Â#’ãcƒ“““““S3Sƒ‚ÂãÕÕ××ÒÂ²'G—R#¢$fVGW&R"Â'&÷W'F–W2#¢²$æÖR#¢$¶²"Â%7–Ö&öÄ”B#¢#S'ÒÂ&vVöÖWG'’#¢²'G—R#¢%öÇ–vöâ"Â&6ö÷&F–æFW2#¢µµ³cRã3#3cCSÂ#‚ã“#s#ƒ33‚ÂãÒÂ³cRãcƒ““’Â#‚ã“#s33#s“3rÂãÒÂ³cRã#sc““““s3Ss2Â#‚ã“c#Ss““““ƒcsbÂãÒÂ³cRã3Cƒƒ#’Â#‚ã“CCsƒ““““cSƒs‚ÂãÒÂ³cRã3#3cCSÂ#‚ã“#s#ƒ33‚ÂãÕÕ××ÒÂ²'G—R#¢$fVGW&R"Â'&÷W'F–W2#¢²$æÖR#¢$¶²"Â%7–Ö&öÄ”B#¢#S'ÒÂ&vVöÖWG'’#¢²'G—R#¢%öÇ–vöâ"Â&6ö÷&F–æFW2#¢µµ³cRãCSƒ#““““S““ƒbÂ#’ã3“ƒSBÂãÒÂ³cRã#S3s““““ƒƒsRÂ#‚ãƒS#S#“s’ÂãÒÂ³cRã##“SCC#"Â#‚ãƒS#““““s“s2ÂãÒÂ³cRãS###S#“rÂ#‚ãƒsƒ33““#crÂãÒÂ³cRã#sƒc3“RÂ#‚ãƒc“c““““ƒSrÂãÒÂ³cRãC3“ƒCrÂ#‚ãƒƒsCs3C#s"ÂãÒÂ³cRãƒc#ƒƒ‚Â#‚ã“ƒƒc#2ÂãÒÂ³cRãSscC#ƒSƒbÂ#‚ãƒ“CS““““s#“#s2ÂãÒÂ³cRãcCs““““ss#‚Â#‚ãƒS“s““““cC#3CrÂãÒÂ³cRãƒs#cc3‚Â#‚ãƒCs3S““““ccC3"ÂãÒÂ³cRãCƒ““““Scƒ‚Â#‚ãƒC##c3ƒ"ÂãÒÂ³cRãC#3S““““ƒC#Â#‚ãƒ#“3cƒ#SrÂãÒÂ³cBã“CcSc3C3ƒ"Â#‚ãs“#cSCSbÂãÒÂ³cBãƒS3SS““““S“C3‚Â#‚ãƒ#ƒCcBÂãÒÂ³cBãƒSsc“2Â#‚ãƒ3Sc“““““sSS#c2ÂãÒÂ³cBã“#3sƒ#Cc’Â#‚ãƒ3#C#cC"ÂãÒÂ³cBã“s#Cc"Â#‚ãƒ#C33““#3bÂãÒÂ³cBã“ƒ3SS““““c“C3Â#‚ãƒCC““““ƒccrÂãÒÂ³cBã“S“#“33C‚Â#‚ãƒcC“#Sƒ"ÂãÒÂ³cBã“33#c“““““cBÂ#‚ãƒC“3#““““cs“ƒÂãÒÂ³cBãƒcSC“#c33‚Â#‚ãƒCƒ#3““““ssc#BÂãÒÂ³cBã“cSCbÂ#‚ãƒsSS3#S#‚ÂãÒÂ³cBã“#“s3“““““2Â#‚ãƒcƒƒc““““cSƒ#bÂãÒÂ³cBã“ƒscs3s#bÂ#‚ãƒƒ“c3CS2ÂãÒÂ³cRãC3Cc#2Â#‚ãƒS#C#sSƒCbÂãÒÂ³cRãcc““““cS‚Â#‚ãƒƒs#3ƒssc‚ÂãÒÂ³cBã“ƒc3c#3ƒ’Â#‚ãƒ““s““““ƒSsSBÂãÒÂ³cRãCs““““s#ƒ#RÂ#‚ã“#SsS““““ƒ#C#ÂãÒÂ³cRãSƒS3ss#rÂ#‚ãƒƒc3ƒC3cs"ÂãÒÂ³cRã33#cCƒ“rÂ#‚ã““ƒCCSs#rÂãÒÂ³cRãSƒ#c“ƒ“‚Â#‚ã“c#C3ss2ÂãÒÂ³cRãS“S“#sƒ3"Â#‚ã“3Cs““““sccsÂãÒÂ³cRãcS3S“S2Â#‚ã“#Sss““““ƒCs‚ÂãÒÂ³cRã#S3““““s##RÂ#‚ã“3sCS““““ss“#rÂãÒÂ³cRãC#sƒ““““cSƒƒ"Â#‚ã“3“““““ccS3"ÂãÒÂ³cRãSC“cƒCbÂ#‚ã“C#“s““““ƒ#ss2ÂãÒÂ³cRãsS““““““CccÂ#‚ã“#3“““““3BÂãÒÂ³cRã“3C““““ƒSscBÂ#‚ã“S33““““c“c#s2ÂãÒÂ³cRã#ƒ“““““ƒ“ccRÂ#‚ã“CsC““““sc#sRÂãÒÂ³cRã#SSƒ““““csƒ‚Â#‚ã“s3#ƒÂãÒÂ³cRã#3Sc#C3ƒ‚Â#‚ã“s#sC3#"ÂãÒÂ³cRã#3#3““““ƒsc‚Â#‚ã“S#C““““c3sƒ32ÂãÒÂ³cRã#CSC##3#ƒRÂ#‚ã“sSs3““““s#bÂãÒÂ³cRã#ss““““c#ƒ3BÂ#‚ã“c“C““““S“#ƒ3"ÂãÒÂ³cRã#“CS““““SƒCBÂ#’ã“““““s3“bÂãÒÂ³cRã3“SSƒ““““csƒ‚Â#’ãsS##Csƒ3rÂãÒÂ³cRã3c“cSCCs#"Â#’ãs33““““ƒCrÂãÒÂ³cRãC3##SC3s#RÂ#’ã33S“““““ƒcSc2ÂãÒÂ³cRãC#SsSc#CRÂ#’ãC““CC3sRÂãÒÂ³cRãCS““ƒ“““““3ƒcÂ#’ãcS““C3ƒ#RÂãÒÂ³cRãSC#“““““S3‚Â#’ãc#C#“““““CCSƒBÂãÒÂ³cRãSCs#“C33#BÂ#’ã“ƒc“““““ƒS#bÂãÒÂ³cRãSscƒ““““c“3srÂ#’ã“SC““““c333RÂãÒÂ³cRãSS“3c3c3srÂ#’ãsSs““““cC#2ÂãÒÂ³cRãCSƒ#““““S““ƒbÂ#’ã3“ƒSBÂãÕÕ××ÒÂ²'G—R#¢$fVGW&R"Â'&÷W'F–W2#¢²$æÖR#¢%G""Â%7–Ö&öÄ”B#¢#’'ÒÂ&vVöÖWG'’#¢²'G—R#¢%öÇ–vöâ"Â&6ö÷&F–æFW2#¢µµ³cBãC“““““““sƒ#"Â#‚ã“s##““““S““ƒs"ÂãÒÂ³cBãCcƒ3#CCƒ‚Â#‚ã“c#ccƒ“CrÂãÒÂ³cBãCS#“““““Cc"Â#‚ã“S##““““cCƒc"ÂãÒÂ³cBãC3C#3#C3rÂ#‚ã“ssC““““ƒ33bÂãÒÂ³cBãC“““““““sƒ#"Â#‚ã“s##““““S““ƒs"ÂãÕÕ××ÒÂ²'G—R#¢$fVGW&R"Â'&÷W'F–W2#¢²$æÖR#¢%B"Â%7–Ö&öÄ”B#¢#r'ÒÂ&vVöÖWG'’#¢²'G—R#¢%öÇ–vöâ"Â&6ö÷&F–æFW2#¢µµ³cBãc#33C3C#bÂ#‚ã“c“33“CsS2ÂãÒÂ³cBãc#c#CsbÂ#‚ã“ƒSƒ“““““cƒS#s2ÂãÒÂ³cBãccssƒ““““sƒsbÂ#‚ã““3c33ƒC"ÂãÒÂ³cBãc3Cƒc““““cSƒRÂ#‚ã“cs““““cƒƒ#“2ÂãÒÂ³cBãc#33C3C#bÂ#‚ã“c“33“CsS2ÂãÕÕ××ÒÂ²'G—R#¢$fVGW&R"Â'&÷W'F–W2#¢²$æÖR#¢%G""Â%7–Ö&öÄ”B#¢#’'ÒÂ&vVöÖWG'’#¢²'G—R#¢%öÇ–vöâ"Â&6ö÷&F–æFW2#¢µµ³cBãSC##“““““ƒCSrÂ#‚ã““ƒc#3ƒƒƒrÂãÒÂ³cBãSƒ3“““““cÂ#‚ã“ss“S““““SSCBÂãÒÂ³cBãCSsƒsC#RÂ#‚ã“““Sƒ““““csƒs’ÂãÒÂ³cBãS#““C3#BÂ#’ã#sƒ““““SSƒƒ’ÂãÒÂ³cBãSC##“““““ƒCSrÂ#‚ã““ƒc#3ƒƒƒrÂãÕÕ××ÒÂ²'G—R#¢$fVGW&R"Â'&÷W'F–W2#¢²$æÖR#¢%G""Â%7–Ö&öÄ”B#¢#’'ÒÂ&vVöÖWG'’#¢²'G—R#¢%öÇ–vöâ"Â&6ö÷&F–æFW2#¢µµ³cBãC3#s#cc3RÂ#‚ã“ƒcc3sCS2ÂãÒÂ³cBã3“3C“““““s#S#BÂ#‚ã“ƒSSC““““s3#srÂãÒÂ³cBã3“sƒ““““ƒ3sÂ#’ã3s3SCs“rÂãÒÂ³cBãC#33C“S2Â#’ãs““3ƒCc‚ÂãÒÂ³cBãCC““3““““ƒ3"Â#’ãCS#“sƒsbÂãÒÂ³cBãC3#s#cc3RÂ#‚ã“ƒcc3sCS2ÂãÕÕ××ÒÂ²'G—R#¢$fVGW&R"Â'&÷W'F–W2#¢²$æÖR#¢%G""Â%7–Ö&öÄ”B#¢#’'ÒÂ&vVöÖWG'’#¢²'G—R#¢%öÇ–vöâ"Â&6ö÷&F–æFW2#¢µµ³cBãC#““““S“ƒrÂ#’ãƒ3#c‚ÂãÒÂ³cBã3ƒcƒƒ#ƒrÂ#’ãSs““““ssƒ#BÂãÒÂ³cBãCS3s3Â#’ã#“““““sƒ#CbÂãÒÂ³cBãC#““““S“ƒrÂ#’ãƒ3#c‚ÂãÕÕ××ÒÂ²'G—R#¢$fVGW&R"Â'&÷W'F–W2#¢²$æÖR#¢%G""Â%7–Ö&öÄ”B#¢#’'ÒÂ&vVöÖWG'’#¢²'G—R#¢%öÇ–vöâ"Â&6ö÷&F–æFW2#¢µµ³cBãSsCS##SBÂ#’ã#S““““cƒcsrÂãÒÂ³cBãSSCC##ƒ#ƒRÂ#’ãcsCSbÂãÒÂ³cBãSC“ƒ“““““3ƒcÂ#’ã“C#C3#srÂãÒÂ³cBãSS####ƒrÂ#’ã#3c““““cƒsƒbÂãÒÂ³cBãSsCS##SBÂ#’ã#S““““cƒcsrÂãÕÕ××ÒÂ²'G—R#¢$fVGW&R"Â'&÷W'F–W2#¢²$æÖR#¢%G""Â%7–Ö&öÄ”B#¢#’'ÒÂ&vVöÖWG'’#¢²'G—R#¢%öÇ–vöâ"Â&6ö÷&F–æFW2#¢µµ³cBãC“sCCsRÂ#’ã3SSc“3““BÂãÒÂ³cBãCssSc#CÂ#’ãCccc#SƒƒBÂãÒÂ³cBãCC#sS#C‚Â#’ãS3c““““ƒ#Sc‚ÂãÒÂ³cBãC3ƒ3“ƒ2Â#’ã3cSC3#ƒ#bÂãÒÂ³cBãC“sCCsRÂ#’ã3SSc“3““BÂãÕÕ××ÒÂ²'G—R#¢$fVGW&R"Â'&÷W'F–W2#¢²$æÖR#¢%FæB"Â%7–Ö&öÄ”B#¢#3r'ÒÂ&vVöÖWG'’#¢²'G—R#¢%öÇ–vöâ"Â&6ö÷&F–æFW2#¢µµ³cBãc3ss“““““ƒsBÂ#’ãcC““““““sSc2ÂãÒÂ³cBãcS3c““““s#SsrÂ#‚ã“c#CCS“"ÂãÒÂ³cBãSƒC##3sƒrÂ#‚ã“ƒ#sccSBÂãÒÂ³cBãSƒ3c“““““sSSrÂ#‚ã“SCƒƒ““““Ss3ƒ‚ÂãÒÂ³cBãSCC3“CBÂ#‚ã“c#s3c#SBÂãÒÂ³cBãSCs##““““ccCƒÂ#‚ã“CC“crÂãÒÂ³cBãSƒcs3#3Â#‚ã“#sƒ3c“sSrÂãÒÂ³cBãCƒSCƒ#’Â#‚ã“#“3C3C#BÂãÒÂ³cBãCs“#c#CƒƒrÂ#‚ã“Cc““““““SScbÂãÒÂ³cBãCS“C3s#’Â#‚ã“#cCs““““sS##CbÂãÒÂ³cBãC#““““sC“s2Â#‚ã“3sƒ“““““ƒSƒrÂãÒÂ³cBãCS3ScSBÂ#‚ã“SS“““““S“33‚ÂãÒÂ³cBãSSƒ33ƒC#’Â#‚ã““ƒc““““s3ssBÂãÒÂ³cBãc#s““““ƒ#ƒ’Â#’ã3s3C3C#C2ÂãÒÂ³cBãƒs“C#’Â#’ã3CC“cRÂãÒÂ³cBãƒs33““““““2Â#’ãƒc“S#C#3ƒ"ÂãÒÂ³cBãƒ3#sS“““““sC’Â#’ãcs3““““sƒ#‚ÂãÒÂ³cBãƒ#“#s“‚Â#’ãC3“3““““ƒ3“bÂãÒÂ³cBãƒss3S“““““cC’Â#’ãSC3C““““cS#‚ÂãÒÂ³cBã“sccRÂ#’ãƒSC#s33‚ÂãÒÂ³cBã“ƒ3ScsbÂ#’ã“Sƒ““““c3ƒSBÂãÒÂ³cBã“Sc““““““SSÂ#’ã#“3“““““ƒRÂãÒÂ³cRã#sc#S““““c““#‚Â#’ãƒ““““c#cƒ2ÂãÒÂ³cRã3Csƒ#“3Â#’ãƒƒƒSC#s#3rÂãÒÂ³cRã3ss#S““““sC“#BÂ#’ãsC3#“““““#“c#bÂãÒÂ³cRã33c###S#ƒrÂ#’ãSs#“S33‚ÂãÒÂ³cRãsCƒ#““““cCƒrÂ#’ã#Cc3S3ÂãÒÂ³cRã3C#C““““s3ss2Â#’ã3ƒc““s2ÂãÒÂ³cRã3#ƒƒ“““““s3bÂ#’ãs3“““““s#CBÂãÒÂ³cRãs“#“C33#"Â#’ã#cƒS““““sƒ“’ÂãÒÂ³cRãssC““““cc#‚Â#’ãS#c““““ssC"ÂãÒÂ³cBã“3“c3#CS"Â#’ãS3ƒCCc"ÂãÒÂ³cBã“##cS#“s3"Â#’ãsƒ3c“s’ÂãÒÂ³cBãƒƒc3ƒ““““““ƒS‚Â#’ã#c“3C3#“‚ÂãÒÂ³cBãƒcC3#““““ƒ#“c’Â#‚ã““C3#3css“2ÂãÒÂ³cBãƒsc““““cƒs‚Â#‚ã““#“““““s3#CbÂãÒÂ³cBãssc3S3S#2Â#’ã“#ƒ#sƒc2ÂãÒÂ³cBãc3ss“““““ƒsBÂ#’ãcC““““““sSc2ÂãÕÕ××ÒÂ²'G—R#¢$fVGW&R"Â'&÷W'F–W2#¢²$æÖR#¢%FöVâ"Â%7–Ö&öÄ”B#¢#S’'ÒÂ&vVöÖWG'’#¢²'G—R#¢%öÇ–vöâ"Â&6ö÷&F–æFW2#¢µµ³cRãƒcSC“bÂ#’ãCƒC““““Sƒ33bÂãÒÂ³cRãƒ3ƒcƒ#ƒƒBÂ#‚ã““#S#““““cS“s‚ÂãÒÂ³cRãƒC3c“““““sSS#BÂ#‚ã“ƒ“““““cƒ3RÂãÒÂ³cRãc“##C““““s3ss2Â#‚ã“cS#““““sS“sSRÂãÒÂ³cRãc“S3#c3BÂ#‚ã“3CcC3S“rÂãÒÂ³cRãs#ƒ““““sC3#BÂ#‚ã“Ssc““““SƒSƒRÂãÒÂ³cRãsc3c“““““SSSBÂ#’ã#C3““““ƒcrÂãÒÂ³cRãƒC#C““““ƒ3sc‚Â#’ãcC333#“#s‚ÂãÒÂ³cRãƒSss“““““SsÂ#’ãc3ƒ#Cƒƒ"ÂãÒÂ³cRãƒcSC“bÂ#’ãCƒC““““Sƒ33bÂãÕÕ××ÒÂ²'G—R#¢$fVGW&R"Â'&÷W'F–W2#¢²$æÖR#¢%B"Â%7–Ö&öÄ”B#¢#r'ÒÂ&vVöÖWG'’#¢²'G—R#¢%öÇ–vöâ"Â&6ö÷&F–æFW2#¢µµ³cRãC3S““““c3C2Â#‚ã“cCƒs#S3SrÂãÒÂ³cRãCCc3““3’Â#‚ã“ƒc“3“““““ƒsRÂãÒÂ³cRãc#3cS‚Â#’ã3ƒƒ3csS2ÂãÒÂ³cRãScsc““““s3Ss‚Â#’ã33s“““““ƒs32ÂãÒÂ³cRãSsCC““““csƒRÂ#‚ã““c3ƒCCƒ‚ÂãÒÂ³cRãC3S““““c3C2Â#‚ã“cCƒs#S3SrÂãÕÕ××ÒÂ²'G—R#¢$fVGW&R"Â'&÷W'F–W2#¢²$æÖR#¢%FöVâ"Â%7–Ö&öÄ”B#¢#S’'ÒÂ&vVöÖWG'’#¢²'G—R#¢%öÇ–vöâ"Â&6ö÷&F–æFW2#¢µµ³cRãcs#ƒC3cS‚Â#’ãCƒc““““c3ƒSBÂãÒÂ³cRãcsƒ“““““ƒcBÂ#’ãƒC“““““#Sƒ"ÂãÒÂ³cRãSc#c““““ƒccBÂ#‚ã“sCs3“#cBÂãÒÂ³cRãcs#ƒC3cS‚Â#’ãCƒc““““c3ƒSBÂãÕÕ××ÒÂ²'G—R#¢$fVGW&R"Â'&÷W'F–W2#¢²$æÖR#¢%"Â%7–Ö&öÄ”B#¢#‚'ÒÂ&vVöÖWG'’#¢²'G—R#¢%öÇ–vöâ"Â&6ö÷&F–æFW2#¢µµ³cRãcsS#““““s3CsbÂ#’ãSSƒC““““SssƒCRÂãÒÂ³cRãcScC3S“s‚Â#’ãc#“ƒ33ƒbÂãÒÂ³cRãcƒC“s3cS2Â#’ãsSC#““““S“CƒbÂãÒÂ³cRãcsS#““““s3CsbÂ#’ãSSƒC““““SssƒCRÂãÕÕ××ÒÂ²'G—R#¢$fVGW&R"Â'&÷W'F–W2#¢²$æÖR#¢%FöVâ"Â%7–Ö&öÄ”B#¢#S’'ÒÂ&vVöÖWG'’#¢²'G—R#¢%öÇ–vöâ"Â&6ö÷&F–æFW2#¢µµ³cRãsSCC“s2Â#’ãCƒ3#3csscrÂãÒÂ³cRãssC3“‚Â#’ãs33““““ƒCC2ÂãÒÂ³cRãsc“3C“#RÂ#’ã“cs““““cs32ÂãÒÂ³cRãsSSSƒ““““csƒƒ"Â#’ãƒ3C#““““s“Cs2ÂãÒÂ³cRãsSCC“s2Â#’ãCƒ3#3csscrÂãÕÕ××ÒÂ²'G—R#¢$fVGW&R"Â'&÷W'F–W2#¢²$æÖR#¢%"Â%7–Ö&öÄ”B#¢#‚'ÒÂ&vVöÖWG'’#¢²'G—R#¢%öÇ–vöâ"Â&6ö÷&F–æFW2#¢µµ³cRãs#S##“sƒRÂ#’ãsCƒ““““ƒS3cBÂãÒÂ³cRãs3#c““““ƒc’Â#’ãsSs“S3ƒRÂãÒÂ³cRãs3c““““SƒƒbÂ#’ãsCS““““ƒ“ƒC2ÂãÒÂ³cRãs#S##“sƒRÂ#’ãsCƒ““““ƒS3cBÂãÕÕ××ÒÂ²'G—R#¢$fVGW&R"Â'&÷W'F–W2#¢²$æÖR#¢%FæB"Â%7–Ö&öÄ”B#¢#3r'ÒÂ&vVöÖWG'’#¢²'G—R#¢%öÇ–vöâ"Â&6ö÷&F–æFW2#¢µµ³cRãc““““““scS‚Â#’ãƒsƒs“““““c#rÂãÒÂ³cRãSS“ƒC““““SssƒbÂ#’ã#S“3#c“3BÂãÒÂ³cRãCSƒ3ƒ33csrÂ#’ã33s##S3“2ÂãÒÂ³cRãs#3C3CsrÂ#’ãSs““3ƒS#BÂãÒÂ³cRãs#3“3CrÂ#’ã3c““““ƒc3sbÂãÒÂ³cRãc““““““scS‚Â#’ãƒsƒs“““““c#rÂãÕÕ××ÒÂ²'G—R#¢$fVGW&R"Â'&÷W'F–W2#¢²$æÖR#¢%B"Â%7–Ö&öÄ”B#¢#r'ÒÂ&vVöÖWG'’#¢²'G—R#¢%öÇ–vöâ"Â&6ö÷&F–æFW2#¢µµ³cRãSSƒsccS2Â#’ãsCccSƒ““‚ÂãÒÂ³cRãSscƒ““““c“3srÂ#’ã“SC““““c333RÂãÒÂ³cRãSSƒ“““““c3S2Â#’ã“ƒƒƒ#bÂãÒÂ³cRãSc3#c“““““c2Â#’ãs3#Sc3C‚ÂãÒÂ³cRãcCƒS#““““ƒS“cRÂ#’ãSƒ3C3"ÂãÒÂ³cRãSSƒsccS2Â#’ãsCccSƒ““‚ÂãÕÕ××ÒÂ²'G—R#¢$fVGW&R"Â'&÷W'F–W2#¢²$æÖR#¢$¶²"Â%7–Ö&öÄ”B#¢#S'ÒÂ&vVöÖWG'’#¢²'G—R#¢%öÇ–vöâ"Â&6ö÷&F–æFW2#¢µµ³cRãCsC““ƒƒRÂ#’ã#“““““c“cƒbÂãÒÂ³cRãSC#Cs““““ƒS#bÂ#’ã3c“C3C2ÂãÒÂ³cRãScc“c““““ccSs’Â#’ã3#ƒ#“SrÂãÒÂ³cRãS#SS#““““s“sbÂ#’ã“““c3S3ƒ2ÂãÒÂ³cRãCsC““ƒƒRÂ#’ã#“““““c“cƒbÂãÕÕ××ÒÂ²'G—R#¢$fVGW&R"Â'&÷W'F–W2#¢²$æÖR#¢%FV²"Â%7–Ö&öÄ”B#¢#c'ÒÂ&vVöÖWG'’#¢²'G—R#¢%öÇ–vöâ"Â&6ö÷&F–æFW2#¢µµ³cRãs3#c““““ƒc’Â#’ãsSs“S3ƒRÂãÒÂ³cRãs3S#3Css‚Â#’ã“cs#s3rÂãÒÂ³cRãc“#cƒC"Â#’ã“3C““““cS#‚ÂãÒÂ³cRãs#3“3CrÂ#’ã3c““““ƒc3sbÂãÒÂ³cRãs#3C3CsrÂ#’ãSs““3ƒS#BÂãÒÂ³cRãssCSC3#ƒ2Â#’ãƒƒCC“““““csSƒ‚ÂãÒÂ³cRãs3C##“3BÂ#’ãS“SS““““S“C3cBÂãÒÂ³cRãs3ƒ“3#3#’Â#’ãCss““““cC#2ÂãÒÂ³cRãsccSƒcc“2Â#’ãSc#3s“CbÂãÒÂ³cRãs#c#C#sBÂ#’ã#““3ƒS#"ÂãÒÂ³cRãsC3ƒC““““cssƒ"Â#’ã###““““cCƒBÂãÒÂ³cRãs3#c““““ƒc’Â#’ãsSs“S3ƒRÂãÕÕ××ÒÂ²'G—R#¢$fVGW&R"Â'&÷W'F–W2#¢²$æÖR#¢%"Â%7–Ö&öÄ”B#¢#‚'ÒÂ&vVöÖWG'’#¢²'G—R#¢%öÇ–vöâ"Â&6ö÷&F–æFW2#¢µµ³c2ãcƒcƒ3ƒ’Â#’ãC“ƒ““““c3ƒƒ3‚ÂãÒÂ³c2ãcƒSƒ#3“#scbÂ#’ãCsS““““SsC3SrÂãÒÂ³c2ãc“3Sc““““ƒSScBÂ#’ã3cS““““cS“3RÂãÒÂ³c2ãcƒcƒ3ƒ’Â#’ãC“ƒ““““c3ƒƒ3‚ÂãÕÕ××ÒÂ²'G—R#¢$fVGW&R"Â'&÷W'F–W2#¢²$æÖR#¢%B"Â%7–Ö&öÄ”B#¢#r'ÒÂ&vVöÖWG'’#¢²'G—R#¢%öÇ–vöâ"Â&6ö÷&F–æFW2#¢µµ³cBãc3s#sS3BÂ#’ã3Ss““““cSs3bÂãÒÂ³cBãSCƒsSbÂ#‚ã““CC““““Sƒ33ƒbÂãÒÂ³cBãS#““C3#BÂ#’ã#sƒ““““SSƒƒ’ÂãÒÂ³cBãCSsƒsC#RÂ#‚ã“““Sƒ““““csƒs’ÂãÒÂ³cBãS#c“““““3Â#‚ã“scƒc““““cSƒ2ÂãÒÂ³cBãCC#3C““““cS#ƒ2Â#‚ã“s“Cƒ“““““c3Sc"ÂãÒÂ³cBã3“ƒ“““““cƒS‚Â#‚ã“Ccƒ““““c“3s‚ÂãÒÂ³cBã##sCs““““c#3BÂ#‚ã“ƒSS““““ƒCCS‚ÂãÒÂ³cBã3#SC“““““ƒ#SRÂ#‚ã“3sc“““““ƒSS’ÂãÒÂ³cBã3c““““““3"Â#‚ã“cSc#C#2ÂãÒÂ³cBã3Cc33sC#‚Â#‚ã“ƒ3S“sƒC#BÂãÒÂ³cBã#ƒs3#ƒBÂ#’ãƒ3#““““ƒ#“c“‚ÂãÒÂ³cBã#ƒs““““““s‚Â#‚ã“SCC3S“sƒ2ÂãÒÂ³cBã#c3C“C’Â#‚ã“3“ƒC#csSrÂãÒÂ³cBã#3S##ƒsƒRÂ#‚ã““ƒƒ““““ƒcƒcSrÂãÒÂ³cBã#SSC#sƒBÂ#‚ã“#ƒ3CRÂãÒÂ³cBã##CS3““““ƒ##"Â#‚ã“###C““““ƒ3scsRÂãÒÂ³cBã“ƒƒ““““ccƒs‚Â#‚ã“cs33Sc#“"ÂãÒÂ³cBã#sS““““c3C3Â#‚ã“C3ƒ““““s“ƒcƒbÂãÒÂ³cBã3SsCS#RÂ#‚ãƒƒsC#s3bÂãÒÂ³cBã3ƒ#“ƒrÂ#‚ãƒcc3““““““c“RÂãÒÂ³cBãƒs##ssƒrÂ#‚ãƒs““C““““s“#rÂãÒÂ³cBãCC““““““#S"Â#‚ãƒSƒ#S3sSRÂãÒÂ³cBã3cƒ33ƒ"Â#‚ãƒ#ƒC““““SssƒcBÂãÒÂ³cBãc“3#“3rÂ#‚ãsƒƒSsSScBÂãÒÂ³c2ã““#3ƒCBÂ#‚ãsƒ333““““ƒC’ÂãÒÂ³c2ã“s“3“CƒSÂ#‚ãs“s#SƒsRÂãÒÂ³c2ã““S“3c“CBÂ#‚ãƒs#sƒ“c“S"ÂãÒÂ³cBãSC“c3C"Â#‚ãƒsSƒCc"ÂãÒÂ³c2ã““sc3#3ƒ3bÂ#‚ãƒƒc#““““csCs“RÂãÒÂ³c2ã“C3s“““““sƒÂ#‚ãƒ3“CS““““Ss“3’ÂãÒÂ³c2ã“3ƒ#3“““““scsbÂ#‚ãsƒS#““““sS“s"ÂãÒÂ³c2ã“#ƒƒCRÂ#‚ãsc#“““““ƒ3bÂãÒÂ³c2ã““S““““ƒ3CrÂ#‚ãƒ#“#S33s"ÂãÒÂ³c2ã“cCC““““ccsƒRÂ#‚ãƒ3“cS"ÂãÒÂ³c2ãƒc“SBÂ#‚ãƒCƒ33c2ÂãÒÂ³c2ãƒ“C“SC#CCBÂ#‚ãƒ#“#s““““Ss#3RÂãÒÂ³c2ãƒcS3cCbÂ#‚ãƒ#“S“““““C"ÂãÒÂ³c2ãƒS#Ss““““Scs3SBÂ#‚ãƒC33S#SCRÂãÒÂ³c2ãs3“33#s“3#BÂ#‚ãsƒ##C“““““3sc"ÂãÒÂ³c2ãc“S3s3BÂ#‚ãsƒ3““3“"ÂãÒÂ³c2ãcC3s3“S#2Â#‚ãsc#“““““c“S#c‚ÂãÒÂ³c2ãc3s““““SccƒsRÂ#‚ãs“Csƒ“““““SƒS“bÂãÒÂ³c2ãs#ƒCCSsBÂ#‚ãƒ3#ssC3S#3"ÂãÒÂ³c2ãscƒ““““SƒƒrÂ#‚ãƒCƒs““““S“#3S‚ÂãÒÂ³c2ãcs“s“““““ss#BÂ#‚ãƒS“CC““““csƒ#2ÂãÒÂ³c2ãsCsƒ3SCCcRÂ#‚ãƒ“S#s3#’ÂãÒÂ³c2ãsS“SƒcC’Â#‚ãƒcƒCS““““c#“3RÂãÒÂ³c2ãss33##sƒ’Â#‚ãƒ“Ss#3ssscBÂãÒÂ³c2ãss#C“ƒBÂ#‚ã“#“ƒc3“BÂãÒÂ³c2ãs“ScS"Â#‚ã“3C#““ƒ‚ÂãÒÂ³c2ãƒs#sCcBÂ#‚ã“#c3““““Sƒc3sRÂãÒÂ³c2ãƒSSs““““Ssƒ3SRÂ#‚ã“SƒCS“cRÂãÒÂ³c2ãƒc#ƒ““““ƒƒ3cbÂ#‚ã“s“““““c33#BÂãÒÂ³c2ãƒ3“““““ƒSƒrÂ#‚ã“s3ƒƒ#cƒ2ÂãÒÂ³c2ãƒ#c““““s3#rÂ#‚ã“Sc#“3’ÂãÒÂ³c2ãsSC#““““ƒS3RÂ#‚ã“ScS““““““ÂãÒÂ³c2ãs3SSƒ““““SsƒƒRÂ#‚ã“3SC#3#“‚ÂãÒÂ³c2ãsCCScCC3rÂ#‚ã“C3ƒ““““s“ƒcƒbÂãÒÂ³c2ãscsƒ““““SSƒ’Â#‚ã“3Ccƒ““““sC3sBÂãÒÂ³c2ãscC““““sƒ3#Â#‚ã“s3#s““““Ss#3SRÂãÒÂ³c2ãs#“##SsƒRÂ#‚ã“cƒ3C““““sS#s‚ÂãÒÂ³c2ãc“ƒC““““Sƒ33’Â#‚ã“c##““““ccCs“RÂãÒÂ³c2ãs#sƒC““““css‚Â#‚ã“ScSsC“ƒ"ÂãÒÂ³c2ãc3ƒ“3“SÂ#‚ã“#“3#“Cƒ"ÂãÒÂ³c2ãcsscƒ3#Â#’ã“#CC#Ss3BÂãÒÂ³c2ãc#c““““ssrÂ#‚ã“Sƒs3S#s‚ÂãÒÂ³c2ãSsSs“““““ƒs2Â#‚ã“sS“333BÂãÒÂ³c2ãcS3“ScbÂ#’ã#C“3““““Sƒ3c2ÂãÒÂ³c2ãcƒCƒ““’Â#’ã#ƒ“scSC2ÂãÒÂ³c2ãƒsC#s3sRÂ#’ãcss““““scsƒ2ÂãÒÂ³c2ãƒccsccS"Â#’ãcScS#rÂãÒÂ³c2ãƒs“S3C“#bÂ#’ãƒCƒƒ“‚ÂãÒÂ³c2ã“CS#3C3"Â#’ãSC#““““ƒ“Cc#RÂãÒÂ³c2ã“ƒ3ƒ3ScƒÂ#’ã“s3#““““Ss“ƒrÂãÒÂ³cBãsƒs3““““SS3rÂ#’ã3#sCSbÂãÒÂ³cBãS3“““““c3rÂ#’ãc#3s““RÂãÒÂ³cBã“ƒƒCBÂ#’ã“C#““““““CSsRÂãÒÂ³cBãƒc#s3c3Â#’ãƒƒscs3“’ÂãÒÂ³cBã#SCƒ“““““ƒSRÂ#’ãs3s““““ƒƒsC"ÂãÒÂ³cBã3Cƒcƒ“““““C3S’Â#’ã#cS““““ƒS“ƒbÂãÒÂ³cBã33s““““cƒƒ2Â#’ãSC3“3“ƒ##2ÂãÒÂ³cBãCC““““ccƒÂ#’ãC#S“3#ƒ3"ÂãÒÂ³cBãC3s3““““c3RÂ#’ãS#3c33ƒ"ÂãÒÂ³cBãC3#C#“““““CCS’Â#’ã3cSsC“’ÂãÒÂ³cBãSCScCRÂ#’ãCƒ“““““s3S#c‚ÂãÒÂ³cBãC3sccƒ“bÂ#’ãs3“““““s#sRÂãÒÂ³cBã3ƒCƒs““““s##rÂ#’ãcs##““““ƒcCcsBÂãÒÂ³cBã3sc3S#S#3’Â#’ã“#ƒ#““““cCƒBÂãÒÂ³cBãSSs““““““sbÂ#’ã#“3C““““s#s“RÂãÒÂ³cBãS#C“““““ssS#2Â#’ã#S3“c““““sSscBÂãÒÂ³cBãSC“ƒ#c“‚Â#’ã#cƒƒ#““““sCs“"ÂãÒÂ³cBãScƒsccS"Â#’ã#Sc#CsS“’ÂãÒÂ³cBãcsSCs’Â#’ã#S“##c3rÂãÒÂ³cBãccƒ““““sC3s2Â#’ã#s3C““ƒ"ÂãÒÂ³cBãSS3s“““““SsBÂ#’ã#ƒcs#““““Sƒ“ƒS"ÂãÒÂ³cBãCsscƒ““““s“3sÂ#’ã#cSC“““““s#SRÂãÒÂ³cBãCSƒƒ#““““sCs’Â#’ã#“sS““““““CsbÂãÒÂ³cBãCss#3SBÂ#’ã333#“33SBÂãÒÂ³cBãC3s3“““““ƒ#"Â#’ã3CC3s““““s3s#rÂãÒÂ³cBãCs“““““sƒbÂ#’ã3SS3s““““sƒs#2ÂãÒÂ³cBãC3c#3s“‚Â#’ã3s###3C"ÂãÒÂ³cBãS3“CƒRÂ#’ã3ƒ#““““sƒCsÂãÒÂ³cBãS3s“SRÂ#’ã3C“s“““““cs3#BÂãÒÂ³cBãSSSC““““cSs‚Â#’ã3Scƒ““““S“3ƒs2ÂãÒÂ³cBãScSc““““cc3#‚Â#’ã33ScS““““c“33BÂãÒÂ³cBãSSCc3sCRÂ#’ã3##sc““““c3SƒS"ÂãÒÂ³cBãc3c333s‚Â#’ã33S3““““cScƒ2ÂãÒÂ³cBãc3ƒC““““sss’Â#’ã3ƒ#““““ƒ““c"ÂãÒÂ³cBãcS3ƒ“““““3cÂ#’ã3Ccs“““““ƒ#s‚ÂãÒÂ³cBãc““3s““““Sƒs3’Â#’ã3Ssc3““““cƒc#ƒRÂãÒÂ³cBãs#Cs33ƒ“#’Â#’ãCSC#Cs#BÂãÒÂ³cBãc“C3#cs“’Â#’ã3“3ƒ333BÂãÒÂ³cBãc“cs““““cccs‚Â#’ãC#SCC#SSƒ32ÂãÒÂ³cBãcS“c“““““ƒSSRÂ#’ãCc3sSC“RÂãÒÂ³cBãcsƒC“““““##bÂ#’ãCsCCs“““““S#ÂãÒÂ³cBãc“ss“ƒS"Â#’ãCcƒsS““““csC3"ÂãÒÂ³cBãcƒ“cBÂ#’ãC“ScCC3s3bÂãÒÂ³cBãsC3“SsrÂ#’ãS##cC““““““sSSBÂãÒÂ³cBãsC####S#ƒrÂ#’ãS“C““““ƒscBÂãÒÂ³cBãs#ss33S#‚Â#’ãCƒs3““““ƒSccsrÂãÒÂ³cBãs3cRÂ#’ãCƒ3ƒ33SC#bÂãÒÂ³cBãsCƒ#“““““S3Â#’ãS3CsCC#CRÂãÒÂ³cBãsSC33““““s“#2Â#’ãCƒCSs““““ƒcsRÂãÒÂ³cBãsssƒs33Â#’ãCsSsSc#CsbÂãÒÂ³cBãsc##s3c#rÂ#’ãCScƒ““““ƒƒcBÂãÒÂ³cBãss“c““““ƒƒc"Â#’ãCC#“““““S3BÂãÒÂ³cBãs#ssS““““ƒ#CrÂ#’ãCsCc#CBÂãÒÂ³cBãs“ƒ3#c‚Â#’ã3Sƒ#““““ƒ“cC"ÂãÒÂ³cBãcS“#C““““sƒss2Â#’ã3#ƒ##S3#"ÂãÒÂ³cBãcsS#CC‚Â#’ã3c#“““““S3ÂãÒÂ³cBãcCsS##Csƒ‚Â#’ã#“s3S#Cƒ2ÂãÒÂ³cBãcCC#Csc"Â#’ã#ƒ#ƒ““““c33ƒ#rÂãÒÂ³cBãc“S3#“Cƒ"Â#’ã#C“3#c“3RÂãÒÂ³cBãc““““““cSrÂ#’ã#3csƒ“c“bÂãÒÂ³cBãcS#c“3C3#‚Â#’ã“3sc##3“BÂãÒÂ³cBãcC“#“““““CbÂ#’ãƒ#SS“““““CC’ÂãÒÂ³cBãc##CCRÂ#’ãƒ#““ƒs‚ÂãÒÂ³cBãcC#ƒ‚Â#’ãcƒsƒ““““ƒSƒc2ÂãÒÂ³cBãc3“ƒ#c“RÂ#’ãSc3#“““““#“S“bÂãÒÂ³cBãcS#“““““ƒCSrÂ#’ã3ƒ#C““““ƒ3scƒ2ÂãÒÂ³cBãcs““““sccsRÂ#’ã3sC““““Sc#ƒƒRÂãÒÂ³cBãcCc#““““cS33BÂ#’ã##ƒS““““cƒ“#“rÂãÒÂ³cBãcƒ“#s““““cs#2Â#’ã3ƒ3““““ƒccrÂãÒÂ³cBãs#3C““““cS#ƒ"Â#’ãscƒ#3ƒ‚ÂãÒÂ³cBãsƒC#““““cCCƒÂ#’ã#SS““““sCC#CBÂãÒÂ³cBãs3SS““““sCƒ#RÂ#’ãƒ3C#““““s“Cs2ÂãÒÂ³cBãsC333#“3"Â#’ã“#s#““““cƒ“scbÂãÒÂ³cBãc“S3““““ƒSccRÂ#’ãc“ss#ƒS3bÂãÒÂ³cBãsS#3c3RÂ#’ãcCs““““S“#3cbÂãÒÂ³cBãc#cc““““c33RÂ#’ãcCCc#“CBÂãÒÂ³cBãcSS“““““sC#bÂ#’ãCƒ3“““““cc"ÂãÒÂ³cBãc3s#sS3BÂ#’ã3Ss““““cSs3bÂãÕÒÂµ³cBãcSs“““““ss#"Â#’ãcS33C“32ÂãÒÂ³cBãc3“#s““““ss##Â#’ã“#CS#cs3srÂãÒÂ³cBãc33“““““Cc"Â#’ã“c#““ƒS2ÂãÒÂ³cBãS3#““““s#“s’Â#’ãcSCc#sƒƒCrÂãÒÂ³cBãC“S#3cCCBÂ#’ãƒc3ƒ3s#RÂãÒÂ³cBãCSƒC“#33rÂ#’ãsCƒ##C#ƒ‚ÂãÒÂ³cBãSC#s3SRÂ#’ãCsS3#CƒrÂãÒÂ³cBãcSs“““““ss#"Â#’ãcS33C“32ÂãÕÒÂµ³cBãC3ƒ3“ƒ2Â#’ã3cSC3#ƒ#bÂãÒÂ³cBãCC#sS#C‚Â#’ãS3c““““ƒ#Sc‚ÂãÒÂ³cBãCc““3ƒƒ#RÂ#’ã3ƒC#CSƒrÂãÒÂ³cBãC“sCCsRÂ#’ã3SSc“3““BÂãÒÂ³cBãC3ƒ3“ƒ2Â#’ã3cSC3#ƒ#bÂãÕÒÂµ³cBã#3““““ƒc‚Â#‚ã“#“C““““SSsƒ’ÂãÒÂ³cBã#s“sSC’Â#‚ã“s##CsS“2ÂãÒÂ³cBãCc3sCSÂ#’ãsC3“SsS"ÂãÒÂ³cBãSc3“3sRÂ#’ãS#S““““ƒ““BÂãÒÂ³cBãcCs““““S“#3’Â#’ãƒS3cC“rÂãÒÂ³cBãcC3“3“ƒ#rÂ#’ã“#c““““SSƒƒ2ÂãÒÂ³c2ã“ƒsƒCÂ#’ã“3s““““cƒs#rÂãÒÂ³c2ã“ssCc““““cCƒCbÂ#‚ã“sC““““““sS#S2ÂãÒÂ³c2ã“#3ƒSssC’Â#‚ã“c“c33#C#ƒrÂãÒÂ³c2ã“3““““““Â#‚ã“SS3“CƒCBÂãÒÂ³c2ã“ƒ#3c33ƒBÂ#‚ã“###““““c““s’ÂãÒÂ³cBã#3““““ƒc‚Â#‚ã“#“C““““SSsƒ’ÂãÕÒÂµ³cBãƒc““““s3sbÂ#’ã3ƒs““““cccƒ"ÂãÒÂ³c2ã“s3““3’Â#’ãCC““““c333"ÂãÒÂ³c2ã“C#“SCC##BÂ#’ãcƒ““““ƒcƒc2ÂãÒÂ³c2ã““#ƒƒCÂ#’ã#Ss#CBÂãÒÂ³cBãƒc““““s3sbÂ#’ã3ƒs““““cccƒ"ÂãÕÒÂµ³c2ã“ƒ““““sS3s2Â#’ãƒsS““““csC#s2ÂãÒÂ³c2ã“ƒSs3S3RÂ#’ã#cC#3ƒ#sSrÂãÒÂ³c2ãƒ“c#““““c““s‚Â#’ã#S““““cs33BÂãÒÂ³c2ã“ƒ““““sS3s2Â#’ãƒsS““““csC#s2ÂãÕÒÂµ³cBã3ccs##3‚Â#’ãc#“3S2ÂãÒÂ³cBã3#“S“““““CƒÂ#’ãƒ#sc3s3sS2ÂãÒÂ³cBã#sƒ“C““““ƒC#crÂ#’ãs“CCSS“SRÂãÒÂ³cBã#sƒCS““““s#“#RÂ#’ãcCCƒS#RÂãÒÂ³cBã3ccs##3‚Â#’ãc#“3S2ÂãÕÒÂµ³cBã3“CSC#BÂ#’ã3ƒcC““““S“sƒRÂãÒÂ³cBãC#“s““““c#s3BÂ#’ãsƒ“SC#SBÂãÒÂ³cBãCcs““““s“##Â#’ã“SCS““““cs“#“"ÂãÒÂ³cBã3cCs““““ƒ##Â#’ã#C““““Sƒ33’ÂãÒÂ³cBã3cs“““““s##rÂ#’ãCcS““““c3cƒBÂãÒÂ³cBã3sSc““““s“Ss2Â#’ãS#C““““ƒ##c’ÂãÒÂ³cBã3“CSC#BÂ#’ã3ƒcC““““S“sƒRÂãÕÒÂµ³cBãC#“scSSÂ#’ãSS#C““““sƒsc’ÂãÒÂ³cBãC#3ƒ#3“#srÂ#’ãcs“““““cs32ÂãÒÂ³cBãCcC“BÂ#’ãSsscC#3sBÂãÒÂ³cBãC#“scSSÂ#’ãSS#C““““sƒsc’ÂãÕÒÂµ³cBã3ƒ##3s“RÂ#’ã##““““ƒ3‚ÂãÒÂ³cBã3sS##““““ƒcCcBÂ#’ã3#s““““cs##‚ÂãÒÂ³cBã3cc#33C3"Â#’ã#“s3“S#SBÂãÒÂ³cBã3s#scs3“Â#’ã#“33Cs’ÂãÒÂ³cBã3ƒ##3s“RÂ#’ã##““““ƒ3‚ÂãÕÒÂµ³cBãSs3C“C"Â#’ã#3CsCC3RÂãÒÂ³cBãSS####ƒrÂ#’ã#3c““““cƒsƒbÂãÒÂ³cBãSC“ƒ“““““3ƒcÂ#’ã“C#C3#srÂãÒÂ³cBãSSCC##ƒ#ƒRÂ#’ãcsCSbÂãÒÂ³cBãSs3C“C"Â#’ã#3CsCC3RÂãÕÒÂµ³cBãC#ƒ“3“““““ƒ‚Â#‚ã“ƒSs#“““““3“c#"ÂãÒÂ³cBãCC““3““““ƒ3"Â#’ãCS#“sƒsbÂãÒÂ³cBãC#33C“S2Â#’ãs““3ƒCc‚ÂãÒÂ³cBã3“sƒ““““ƒ3sÂ#’ã3s3SCs“rÂãÒÂ³cBã3“cƒ3“““““ccbÂ#‚ã“ƒ#ƒ3#C3ƒrÂãÒÂ³cBãC#ƒ“3“““““ƒ‚Â#‚ã“ƒSs#“““““3“c#"ÂãÕÒÂµ³cBã3Csƒ“““““3c2Â#’ãSc““““cƒƒ2ÂãÒÂ³cBã3ccCƒ““““s3s’Â#’ã3s“““““3ss"ÂãÒÂ³cBã3CCƒS#sS"Â#’ã“3s#SCC2ÂãÒÂ³cBã3Csƒ“““““3c2Â#’ãSc““““cƒƒ2ÂãÕÒÂµ³cBã3“S“3ƒ3BÂ#’ã3C3#“C3bÂãÒÂ³cBãCS3s3Â#’ã#“““““sƒ#CbÂãÒÂ³cBã3ƒcƒƒ#ƒrÂ#’ãSs““““ssƒ#BÂãÒÂ³cBã3“S“3ƒ3BÂ#’ã3C3#“C3bÂãÕÒÂµ³c2ãsSC#33C#“BÂ#‚ãƒSsSS““““c“C#sBÂãÒÂ³c2ãs3Sƒ“““““3cÂ#‚ãƒc3ssƒSC‚ÂãÒÂ³c2ãs3“Sc“BÂ#‚ãƒCs3s#SCcbÂãÒÂ³c2ãsSC#33C#“BÂ#‚ãƒSsSS““““c“C#sBÂãÕÒÂµ³c2ãsScC3“s3bÂ#‚ãsƒsC#““““S“CƒRÂãÒÂ³c2ãs3c3c““““SsSƒbÂ#‚ãƒ3S“sƒCrÂãÒÂ³c2ãss3““““c3‚Â#‚ãsƒƒ“SCC##BÂãÒÂ³c2ãsScC3“s3bÂ#‚ãsƒsC#““““S“CƒRÂãÕÒÂµ³cBã3S“““““ScSBÂ#‚ã“SC“ƒ#c“cbÂãÒÂ³cBã3ƒS#““““““c"Â#‚ã“cƒcS“sCSRÂãÒÂ³cBã3C“SS3#SBÂ#‚ã“c3C“““““33‚ÂãÒÂ³cBã3S“““““ScSBÂ#‚ã“SC“ƒ#c“cbÂãÕÕ××ÒÂ²'G—R#¢$fVGW&R"Â'&÷W'F–W2#¢²$æÖR#¢%FÖò"Â%7–Ö&öÄ”B#¢#’'ÒÂ&vVöÖWG'’#¢²'G—R#¢%öÇ–vöâ"Â&6ö÷&F–æFW2#¢µµ³c2ãƒS#s33#ƒbÂ#’ã33s“ƒC’ÂãÒÂ³c2ã“scc#““““SsCƒrÂ#’ãCƒS“#ƒSRÂãÒÂ³c2ã“ƒC3““““““c’Â#’ãc““““sscc“BÂãÒÂ³c2ã“cs“3Cc3Â#’ãs“#3s#sbÂãÒÂ³cBã#cc#ƒ3ƒ"Â#’ãS“##““““ccCƒ2ÂãÒÂ³c2ã“s“cs“““““3#Â#’ã3c33#C3"ÂãÒÂ³c2ãƒS#s33#ƒbÂ#’ã33s“ƒC’ÂãÕÕ××ÒÂ²'G—R#¢$fVGW&R"Â'&÷W'F–W2#¢²$æÖR#¢%Fæ2"Â%7–Ö&öÄ”B#¢#3R'ÒÂ&vVöÖWG'’#¢²'G—R#¢%öÇ–vöâ"Â&6ö÷&F–æFW2#¢µµ³c2ãƒc“s““““Sss3ƒbÂ#’ã3“3S““““scC##BÂãÒÂ³c2ãsC3sc“““““ƒSSCRÂ#’ã#c3c3“C‚ÂãÒÂ³c2ãs3#““““ss“sbÂ#’ãCs“““““c#3SbÂãÒÂ³c2ãcƒ#scCÂ#’ãc3c““““SƒƒBÂãÒÂ³c2ãsc#ƒ33C3RÂ#’ãƒ333“““““C“rÂãÒÂ³c2ãƒ##ƒ##ƒƒRÂ#’ãcƒ“s““““c#s3ÂãÒÂ³c2ãƒ33#““““c#“ƒBÂ#’ã“3s3sS#S2ÂãÒÂ³c2ãƒCc3““ƒC“RÂ#’ã““S“““““SCcRÂãÒÂ³c2ãƒƒSs““““ƒsƒ"Â#’ãs#“s““““s#s#bÂãÒÂ³c2ãƒ3Sƒc3ƒ“RÂ#’ãCccC““““S“sƒSRÂãÒÂ³c2ãƒc“s““““Sss3ƒbÂ#’ã3“3S““““scC##BÂãÕÕ××ÒÂ²'G—R#¢$fVGW&R"Â'&÷W'F–W2#¢²$æÖR#¢%FÖò"Â%7–Ö&öÄ”B#¢#’'ÒÂ&vVöÖWG'’#¢²'G—R#¢%öÇ–vöâ"Â&6ö÷&F–æFW2#¢µµ³cBãC“““““““CcbÂ#’ãsƒC3CCC2ÂãÒÂ³cBãCsCƒ3ƒÂ#’ã“CCc#ƒ“rÂãÒÂ³cBãc3C3““““sSc#BÂ#’ã“ƒCC#Sƒ“"ÂãÒÂ³cBãc3“C““““ƒ“#c"Â#’ãƒss33“C“BÂãÒÂ³cBãC“““““““CcbÂ#’ãsƒC3CCC2ÂãÕÕ××ÒÂ²'G—R#¢$fVGW&R"Â'&÷W'F–W2#¢²$æÖR#¢%FÖò"Â%7–Ö&öÄ”B#¢#’'ÒÂ&vVöÖWG'’#¢²'G—R#¢%öÇ–vöâ"Â&6ö÷&F–æFW2#¢µµ³cBãS3cc“““““sSrÂ#’ã“cƒc““““sSs2ÂãÒÂ³cBã#“3332Â#’ã##“ƒ““““SƒƒƒRÂãÒÂ³cBãc#““““““CSrÂ#’ã#“3#s“BÂãÒÂ³cBãS3cc“““““sSrÂ#’ã“cƒc““““sSs2ÂãÕÕ××ÒÂ²'G—R#¢$fVGW&R"Â'&÷W'F–W2#¢²$æÖR#¢%FÖò"Â%7–Ö&öÄ”B#¢#’'ÒÂ&vVöÖWG'’#¢²'G—R#¢%öÇ–vöâ"Â&6ö÷&F–æFW2#¢µµ³c2ãs##ƒs#S3BÂ#’ã#ƒ““““““sS#32ÂãÒÂ³c2ãssC3S““““cC3"Â#’ã#3“cS3“ƒrÂãÒÂ³c2ãƒ#3S3s##cbÂ#’ã#S“S““““cSC32ÂãÒÂ³c2ãssSSC3##2Â#’ã###CscrÂãÒÂ³c2ãs##ƒs#S3BÂ#’ã#ƒ““““““sS#32ÂãÕÕ××ÒÂ²'G—R#¢$fVGW&R"Â'&÷W'F–W2#¢²$æÖR#¢%FÖò"Â%7–Ö&öÄ”B#¢#’'ÒÂ&vVöÖWG'’#¢²'G—R#¢%öÇ–vöâ"Â&6ö÷&F–æFW2#¢µµ³c2ãcƒ#3““““cCc3RÂ#’ã#3Cs““““c#ƒ3BÂãÒÂ³c2ãcc#ƒcƒƒ“‚Â#’ã##“c““““ƒƒccBÂãÒÂ³c2ãcƒs#ƒ#sƒrÂ#’ã#ccs##C2ÂãÒÂ³c2ãc3c““““sscbÂ#’ã““S“““““sC#S‚ÂãÒÂ³c2ãcc###““““ƒCsÂ#’ã#3““““““cSc‚ÂãÒÂ³c2ãcƒ#3““““cCc3RÂ#’ã#3Cs““““c#ƒ3BÂãÕÕ××ÒÂ²'G—R#¢$fVGW&R"Â'&÷W'F–W2#¢²$æÖR#¢%Fæ2"Â%7–Ö&öÄ”B#¢#3R'ÒÂ&vVöÖWG'’#¢²'G—R#¢%öÇ–vöâ"Â&6ö÷&F–æFW2#¢µµ³c2ãs#C#C’Â#’ã#Cc3‚ÂãÒÂ³c2ãƒ3“c333s‚Â#’ã#3“““““ƒƒBÂãÒÂ³c2ãƒ#3“333RÂ#’ã#c3C“ÂãÒÂ³c2ãcƒc#ƒ##cbÂ#’ã#cSs““““ccs3#bÂãÒÂ³c2ãcc#ƒcƒƒ“‚Â#’ã##“c““““ƒƒccBÂãÒÂ³c2ãs#C#C’Â#’ã#Cc3‚ÂãÕÕ××ÒÂ²'G—R#¢$fVGW&R"Â'&÷W'F–W2#¢²$æÖR#¢%FÖò"Â%7–Ö&öÄ”B#¢#’'ÒÂ&vVöÖWG'’#¢²'G—R#¢%öÇ–vöâ"Â&6ö÷&F–æFW2#¢µµ³c2ãSc3cC#ƒSƒ2Â#’ã3Ssƒ333"ÂãÒÂ³c2ãSƒ“s“““““Ss‚Â#’ã3S“33#s“32ÂãÒÂ³c2ãSs#bÂ#’ã3sƒcCC3Ss#2ÂãÒÂ³c2ãS“ƒƒ#““Â#’ã3ƒƒCCCSrÂãÒÂ³c2ãS“sS3““““cs3Â#’ã3c““#3sƒC2ÂãÒÂ³c2ãs#ssc#C3BÂ#’ã3ƒ#s““““c##3SrÂãÒÂ³c2ãccƒ““““s“3#BÂ#’ã#3sƒ3SbÂãÒÂ³c2ãc#CCCCSsCbÂ#’ã#3csƒ“c“bÂãÒÂ³c2ãc#s““““ƒs"Â#’ã##s332ÂãÒÂ³c2ãcc#3#s’Â#’ãƒC“ƒ““““Sƒƒƒ‚ÂãÒÂ³c2ãsC3sc“““““ƒSSCRÂ#’ã#c3c3“C‚ÂãÒÂ³c2ãƒ3“C““““ƒs#c2Â#’ã3S““““ssrÂãÒÂ³c2ãc“C#ƒ““““sƒ3s3BÂ#’ãcc“““““ƒSs‚ÂãÒÂ³c2ãcƒSƒ#3“#scbÂ#’ãCsS““““SsC3SrÂãÒÂ³c2ãcS33“““““ƒÂ#’ãCSƒC3#SBÂãÒÂ³c2ãcs3#““““cs“s’Â#’ãsCs“““““#ƒ2ÂãÒÂ³c2ãSƒcƒ““““cC3ƒ"Â#’ãs3c3#CSbÂãÒÂ³c2ãS#C“s“““““#sÂ#’ãCC3ƒC3ƒrÂãÒÂ³c2ãSC#cCC3SsÂ#’ãs“sƒ“““““ƒc"ÂãÒÂ³c2ãS“S3#Sc3RÂ#’ã“3cC33sRÂãÒÂ³c2ãS“3SC#CsBÂ#’ã#c“““““““SsbÂãÒÂ³c2ãS3#“““““3Â#’ãƒSƒ#Scƒs‚ÂãÒÂ³c2ãSSS“3sƒ#rÂ#’ã“csCS#"ÂãÒÂ³c2ãS3#S“““““C“Â#’ã##cs““““ss#SbÂãÒÂ³c2ãc#“cƒSBÂ#’ã#C##CsS“ÂãÒÂ³c2ãS““Sc““““sSSsRÂ#’ã3#cC““““ƒ“scS2ÂãÒÂ³c2ãSƒs#““““cƒ“scRÂ#’ã3c#33ƒƒ2ÂãÒÂ³c2ãSƒ####ƒrÂ#’ã#“3ƒC“rÂãÒÂ³c2ãS#sC#““““S“CƒbÂ#’ã#c#cc““““ƒ#cs2ÂãÒÂ³c2ãSCsƒc3ƒ“BÂ#’ã3ƒƒC““““ƒ#scSrÂãÒÂ³c2ãCC3s““““ƒ3s#BÂ#’ã3#c3““““ccƒ32ÂãÒÂ³c2ã3ccC““““ƒ#sÂ#’ã3Sƒ3s““““c3s3RÂãÒÂ³c2ã3sSSƒsrÂ#’ã3s3ƒƒ“““““#3c"ÂãÒÂ³c2ã3“c33““““S“3bÂ#’ã3s3cc3“‚ÂãÒÂ³c2ã3ƒS“##sƒsRÂ#’ã3“ƒs#““““cƒ“ƒbÂãÒÂ³c2ãC#3s““““ƒSsSRÂ#’ã3c“SS““““ƒ“C3bÂãÒÂ³c2ãCƒ“““““cSƒ3BÂ#’ãCcCCCSs#‚ÂãÒÂ³c2ãCc##“““““ƒCScbÂ#’ãC3Ss#SRÂãÒÂ³c2ãCs##33ss‚Â#’ãCƒC““““csss‚ÂãÒÂ³c2ãCS3““ƒC‚Â#’ã3ƒC#““““S“CƒC2ÂãÒÂ³c2ãCƒƒS#sCƒ#bÂ#’ã3cc“““““““cSRÂãÒÂ³c2ãSc“s““““s#s#SRÂ#’ã33CCC##S‚ÂãÒÂ³c2ãSc“CsCCRÂ#’ã3C3CC“sbÂãÒÂ³c2ãSc3cC#ƒSƒ2Â#’ã3Ssƒ333"ÂãÕÕ××ÒÂ²'G—R#¢$fVGW&R"Â'&÷W'F–W2#¢²$æÖR#¢%G""Â%7–Ö&öÄ”B#¢#’'ÒÂ&vVöÖWG'’#¢²'G—R#¢%öÇ–vöâ"Â&6ö÷&F–æFW2#¢µµ³cBãC#33s““““ƒƒs"Â#’ãSƒCC3Sƒ3bÂãÒÂ³cBãC3“#Cc3RÂ#’ãcC3“““““c#2ÂãÒÂ³cBãC#3ƒ#3“#srÂ#’ãcs“““““cs32ÂãÒÂ³cBãC#33s““““ƒƒs"Â#’ãSƒCC3Sƒ3bÂãÕÕ××ÒÂ²'G—R#¢$fVGW&R"Â'&÷W'F–W2#¢²$æÖR#¢%"Â%7–Ö&öÄ”B#¢#‚'ÒÂ&vVöÖWG'’#¢²'G—R#¢%öÇ–vöâ"Â&6ö÷&F–æFW2#¢µµ³cBãC“s3#3sƒÂ#’ãcS3#““““cs“ƒ"ÂãÒÂ³cBãC“C3SS#S"Â#’ãcs##s#ƒc"ÂãÒÂ³cBãS3#““““s#“s’Â#’ãcSCc#sƒƒCrÂãÒÂ³cBãC“s3#3sƒÂ#’ãcS3#““““cs“ƒ"ÂãÕÕ××ÒÂ²'G—R#¢$fVGW&R"Â'&÷W'F–W2#¢²$æÖR#¢%G""Â%7–Ö&öÄ”B#¢#’'ÒÂ&vVöÖWG'’#¢²'G—R#¢%öÇ–vöâ"Â&6ö÷&F–æFW2#¢µµ³cBãscƒs#““““cƒ“ƒÂ#’ãcsCs3C#‚ÂãÒÂ³cBãc##““““s3#rÂ#’ã3c“3cƒ#cRÂãÒÂ³cBãcSS“““““sC#bÂ#’ãCƒ3“““““cc"ÂãÒÂ³cBãc3#S##CbÂ#’ãcSC““““sss2ÂãÒÂ³cBãsS#3c3RÂ#’ãcCs““““S“#3cbÂãÒÂ³cBãc“S3““““ƒSccRÂ#’ãc“ss#ƒS3bÂãÒÂ³cBãsC333#“3"Â#’ã“#s#““““cƒ“scbÂãÒÂ³cBãs3SS““““sCƒ#RÂ#’ãƒ3C#““““s“Cs2ÂãÒÂ³cBãssc33c3RÂ#’ã“ss33“S"ÂãÒÂ³cBãsƒ3sc““““ƒƒScBÂ#’ãƒs““““ƒs3"ÂãÒÂ³cBãscƒs#““““cƒ“ƒÂ#’ãcsCs3C#‚ÂãÕÕ××ÒÂ²'G—R#¢$fVGW&R"Â'&÷W'F–W2#¢²$æÖR#¢%G""Â%7–Ö&öÄ”B#¢#’'ÒÂ&vVöÖWG'’#¢²'G—R#¢%öÇ–vöâ"Â&6ö÷&F–æFW2#¢µµ³cBãS““ƒc“““““cRÂ#’ãcC“C3#crÂãÒÂ³cBãS###““““S““ƒ‚Â#’ãCs3C““““s#sbÂãÒÂ³cBãCSƒC“#33rÂ#’ãsCƒ##C#ƒ‚ÂãÒÂ³cBãC“S#3cCCBÂ#’ãƒc3ƒ3s#RÂãÒÂ³cBãS3#““““s#“s’Â#’ãcSCc#sƒƒCrÂãÒÂ³cBãc3“#s““““ss##Â#’ã“#CS#cs3srÂãÒÂ³cBãS““ƒc“““““cRÂ#’ãcC“C3#crÂãÕÕ××ÒÂ²'G—R#¢$fVGW&R"Â'&÷W'F–W2#¢²$æÖR#¢%G""Â%7–Ö&öÄ”B#¢#’'ÒÂ&vVöÖWG'’#¢²'G—R#¢%öÇ–vöâ"Â&6ö÷&F–æFW2#¢µµ³cBãƒ“C33ƒ"Â#’ãƒS““““ƒ3ccSbÂãÒÂ³cBãƒ“cƒ3““““ƒcc2Â#’ãS“ƒssÂãÒÂ³cBãƒssƒ““““cƒƒrÂ#’ãƒSSƒ#C“bÂãÒÂ³cBãƒ#3“““““ccS3"Â#’ã“3C3RÂãÒÂ³cBãƒc3#““““s#“srÂ#’ã#C““““s##srÂãÒÂ³cBãƒ“C33ƒ"Â#’ãƒS““““ƒ3ccSbÂãÕÕ××ÒÂ²'G—R#¢$fVGW&R"Â'&÷W'F–W2#¢²$æÖR#¢%G""Â%7–Ö&öÄ”B#¢#’'ÒÂ&vVöÖWG'’#¢²'G—R#¢%öÇ–vöâ"Â&6ö÷&F–æFW2#¢µµ³cBãƒ#S“c““““ƒSrÂ#’ã#Sƒ3c“s“2ÂãÒÂ³cBãƒSsC““““sc#s"Â#’ã3cs3s#cBÂãÒÂ³cBãƒ#3scC#3sbÂ#’ãCC3ƒC3ƒrÂãÒÂ³cBãƒ3c#C3sSsrÂ#’ãC#““““““CSBÂãÒÂ³cBãƒ#S“c““““ƒSrÂ#’ã#Sƒ3c“s“2ÂãÕÕ××ÒÂ²'G—R#¢$fVGW&R"Â'&÷W'F–W2#¢²$æÖR#¢%G""Â%7–Ö&öÄ”B#¢#’'ÒÂ&vVöÖWG'’#¢²'G—R#¢%öÇ–vöâ"Â&6ö÷&F–æFW2#¢µµ³cRã#scsC#SƒrÂ#’ãs“S““““SƒcƒSRÂãÒÂ³cRãsssS““““ƒ#CbÂ#’ãSsCS3s3BÂãÒÂ³cBã“#C““““sssRÂ#’ã33s#SSSBÂãÒÂ³cRã#cS““““ƒS“‚Â#’ãCc#““““ƒ““cC"ÂãÒÂ³cRãS3#““““Ss“’Â#’ãc3ƒCc#2ÂãÒÂ³cRãsƒ““““s3s‚Â#’ãscs“““““c#3SrÂãÒÂ³cRãƒ“sSSBÂ#’ã“ƒ““““““3#RÂãÒÂ³cRã#3s“SƒRÂ#’ã““““““c#cƒBÂãÒÂ³cRã#3C#sc3bÂ#’ãƒƒc3sCCBÂãÒÂ³cRã#scsC#SƒrÂ#’ãs“S““““SƒcƒSRÂãÕÕ××ÒÂ²'G—R#¢$fVGW&R"Â'&÷W'F–W2#¢²$æÖR#¢%G""Â%7–Ö&öÄ”B#¢#’'ÒÂ&vVöÖWG'’#¢²'G—R#¢%öÇ–vöâ"Â&6ö÷&F–æFW2#¢µµ³cRã3CSCC““““csƒrÂ#’ãƒƒ#3s““‚ÂãÒÂ³cRã3cƒ3“rÂ#’ãs““S“#SBÂãÒÂ³cRã#Sc“cC2Â#’ã“ƒ3““““ccƒc2ÂãÒÂ³cRã33“##““““ccCs‚Â#’ã#c#C““““s3ss3bÂãÒÂ³cRã3#C“S“““““CBÂ#’ãƒc#S““““c““32ÂãÒÂ³cRã3ƒ“S“““““3C"Â#’ã##33#““““Ss“ƒCbÂãÒÂ³cRãCcsƒ“““““SƒSbÂ#’ã#SC3“Ss2ÂãÒÂ³cRã3CSCC““““csƒrÂ#’ãƒƒ#3s““‚ÂãÕÕ××ÒÂ²'G—R#¢$fVGW&R"Â'&÷W'F–W2#¢²$æÖR#¢%FÖò"Â%7–Ö&öÄ”B#¢#’'ÒÂ&vVöÖWG'’#¢²'G—R#¢%öÇ–vöâ"Â&6ö÷&F–æFW2#¢µµ³cBãS3cc3““““c3c3RÂ#’ã#ss““““s“#ƒ‚ÂãÒÂ³cBãSS3s“““““SsBÂ#’ã#ƒcs#““““Sƒ“ƒS"ÂãÒÂ³cBãc33CCbÂ#’ã#c#CC##SRÂãÒÂ³cBãScƒsccS"Â#’ã#Sc#CsS“’ÂãÒÂ³cBãS3cc3““““c3c3RÂ#’ã#ss““““s“#ƒ‚ÂãÕÕ××ÒÂ²'G—R#¢$fVGW&R"Â'&÷W'F–W2#¢²$æÖR#¢%Fæ2"Â%7–Ö&öÄ”B#¢#3R'ÒÂ&vVöÖWG'’#¢²'G—R#¢%öÇ–vöâ"Â&6ö÷&F–æFW2#¢µµ³cBãC#cƒ3ƒsbÂ#’ã3css““““c“s#ƒbÂãÒÂ³cBãC3ƒ“““““sƒS"Â#’ã3C““3““““ƒ3‚ÂãÒÂ³cBãC3ƒS““““s3csrÂ#’ã3C#“““““3Cc"ÂãÒÂ³cBãCss#3SBÂ#’ã333#“33SBÂãÒÂ³cBãCSƒƒ#““““sCs’Â#’ã#“sS““““““CsbÂãÒÂ³cBãCsC#3““““ƒscRÂ#’ã#ccs#“““““ƒ“S3bÂãÒÂ³cBãC“33#““““ss“sRÂ#’ã#cC3““““sSc#RÂãÒÂ³cBãCsc#C3sSsRÂ#’ã#C3C““““sSssbÂãÒÂ³cBãC3ƒs#CS3RÂ#’ã#ccƒ““““S“3ƒBÂãÒÂ³cBãC#s33CRÂ#’ã#S““““Sƒƒ3SBÂãÒÂ³cBã3“ƒ33c3Â#’ã#SS#3““““ƒ#cƒ‚ÂãÒÂ³cBã3““3““““cSc‚Â#’ã#3#sƒ“c“cbÂãÒÂ³cBã3cCs““““SS#CÂ#’ã#CCs“C2ÂãÒÂ³cBã3C3SS33#2Â#’ã#3S“C3“3‚ÂãÒÂ³cBã33ƒ“3“““““ƒRÂ#’ã#s3S#““““s“sRÂãÒÂ³cBã3c#c““““scs2Â#’ã#Ss“c#S3ƒƒ‚ÂãÒÂ³cBã3Sc“““““bÂ#’ã#s#3S““““sC#BÂãÒÂ³cBã3#3Cƒ““““sc3sRÂ#’ã#ƒCsCCsrÂãÒÂ³cBã3“#“““““c“SRÂ#’ã3CC““““c##ƒ#‚ÂãÒÂ³cBã3#c#33ƒrÂ#’ã33CCC##S‚ÂãÒÂ³cBã3SSƒ3SCSBÂ#’ã3CS““““Sƒcƒ’ÂãÒÂ³cBã3Ssƒc3ƒ“BÂ#’ã3cƒ3c33ƒ#‚ÂãÒÂ³cBã3s#ƒ#““Â#’ã3ƒscs3ƒ“2ÂãÒÂ³cBãC“ƒ““““S“33rÂ#’ã3sc#CƒsbÂãÒÂ³cBãC#cƒ3ƒsbÂ#’ã3css““““c“s#ƒbÂãÕÕ××ÒÂ²'G—R#¢$fVGW&R"Â'&÷W'F–W2#¢²$æÖR#¢%FöVâ"Â%7–Ö&öÄ”B#¢#S’'ÒÂ&vVöÖWG'’#¢²'G—R#¢%öÇ–vöâ"Â&6ö÷&F–æFW2#¢µµ³cRãƒ33#c#‚Â#’ãƒ#c““““Scƒ“"ÂãÒÂ³cRãsCƒ#“’Â#’ã“C#c““““ccƒÂãÒÂ³cRãcƒcSS“““““CCÂ#’ãScC“““““##S‚ÂãÒÂ³cRãsC3ƒC““““cssƒ"Â#’ã###““““cCƒBÂãÒÂ³cRãs#c#C#sBÂ#’ã#““3ƒS#"ÂãÒÂ³cRãsccSƒcc“2Â#’ãSc#3s“CbÂãÒÂ³cRãs3ƒ“3#3#’Â#’ãCss““““cC#2ÂãÒÂ³cRãs3C##“3BÂ#’ãS“SS““““S“C3cBÂãÒÂ³cRã“sSCs2Â#’ã#S3“ƒ““““s3ƒs3RÂãÒÂ³cRã“s333“#‚Â#’ã#3##CƒrÂãÒÂ³cRãƒ33#c#‚Â#’ãƒ#c““““Scƒ“"ÂãÕÕ××ÒÂ²'G—R#¢$fVGW&R"Â'&÷W'F–W2#¢²$æÖR#¢%FöVâ"Â%7–Ö&öÄ”B#¢#S’'ÒÂ&vVöÖWG'’#¢²'G—R#¢%öÇ–vöâ"Â&6ö÷&F–æFW2#¢µµ³cRãƒs“ss““““ƒCs’Â#’ãƒ“sc““““cƒSs‚ÂãÒÂ³cRãs“Ccc““““c#ƒRÂ#’ã3#3RÂãÒÂ³cRãƒ3““C3ƒ"Â#’ãSsS“““““Cƒ‚ÂãÒÂ³cRãƒScS3Cs3"Â#’ãSCsƒ“““““SƒcÂãÒÂ³cRãƒSCs““““““#RÂ#’ã“Cc#““““ƒsCc"ÂãÒÂ³cRã“#s#““““ƒC“c‚Â#’ã#3sƒ3““““cc32ÂãÒÂ³cRã“#c“3RÂ#’ã##ss#ƒ3"ÂãÒÂ³cRãƒƒƒS##SbÂ#’ã#C“““““SSƒBÂãÒÂ³cRã“SC““““ƒƒ#c2Â#’ãƒ3SCs“"ÂãÒÂ³cRãƒs“ss““““ƒCs’Â#’ãƒ“sc““““cƒSs‚ÂãÕÕ××ÒÂ²'G—R#¢$fVGW&R"Â'&÷W'F–W2#¢²$æÖR#¢$¶²"Â%7–Ö&öÄ”B#¢#S'ÒÂ&vVöÖWG'’#¢²'G—R#¢%öÇ–vöâ"Â&6ö÷&F–æFW2#¢µµ³cRãƒ33c““““s“SrÂ#’ã#ƒSS3ƒ##cRÂãÒÂ³cRãcss“““““sƒ‚Â#’ãsc#c#“ÂãÒÂ³cRãSc“S#““““““bÂ#’ãscC““““sCsscBÂãÒÂ³cRãcƒ““““cƒ‚Â#’ãcƒc““““SSƒƒbÂãÒÂ³cRãcCcc““““ƒ#sÂ#’ãCC#ƒ““““Sƒ3ƒbÂãÒÂ³cRãcS3“c““““ƒScrÂ#’ãCCs#33ƒbÂãÒÂ³cRãcCCS#““““sS“sRÂ#’ãSC“SC#C3RÂãÒÂ³cRãcScs““““““#rÂ#’ãc3“#““““cc“s’ÂãÒÂ³cRãc“SCC#SSƒrÂ#’ãSS“s“““““ss’ÂãÒÂ³cRãcƒƒc““““c33rÂ#’ãsS““““ƒCƒS‚ÂãÒÂ³cRãs#SC““““ƒƒ#cRÂ#’ãƒ3s“““““cc2ÂãÒÂ³cRãc“#“ƒ#c“rÂ#’ã“#S#3s3rÂãÒÂ³cRãsCsƒ““““SSƒƒ’Â#’ã#SssƒSCcRÂãÒÂ³cRãs#ƒCs““““SS#BÂ#’ã#c#cƒƒ"ÂãÒÂ³cRãs“33#“SBÂ#’ã###3S““““ƒC#bÂãÒÂ³cRãƒCcCc““““s“sÂ#’ã#cc““““ƒ“Sc2ÂãÒÂ³cRãƒ33c““““s“SrÂ#’ã#ƒSS3ƒ##cRÂãÕÕ××ÒÂ²'G—R#¢$fVGW&R"Â'&÷W'F–W2#¢²$æÖR#¢%B"Â%7–Ö&öÄ”B#¢#r'ÒÂ&vVöÖWG'’#¢²'G—R#¢%öÇ–vöâ"Â&6ö÷&F–æFW2#¢µµ³cRã“cƒƒ““““cC32Â#’ã3Cs#cc3bÂãÒÂ³cRã“ƒ“cCƒS“BÂ#’ã3ssS“““““#CƒrÂãÒÂ³cRã“ƒcƒS#sCRÂ#’ã#sccƒƒƒ“‚ÂãÒÂ³cRã“c“scSS"Â#’ã#3ƒS“““““3“BÂãÒÂ³cRã“Cc3““““ƒcƒBÂ#’ã##s3C““““s#scrÂãÒÂ³cRã“CCs#cc3RÂ#’ã#3s“““““ƒsrÂãÒÂ³cRã“3s3cc#‚Â#’ã#““#3ƒ3c‚ÂãÒÂ³cRã“S3C“““““SscÂ#’ã3Scƒ#3ƒbÂãÒÂ³cRã“cƒƒ““““cC32Â#’ã3Cs#cc3bÂãÕÕ××ÒÂ²'G—R#¢$fVGW&R"Â'&÷W'F–W2#¢²$æÖR#¢%G""Â%7–Ö&öÄ”B#¢#’'ÒÂ&vVöÖWG'’#¢²'G—R#¢%öÇ–vöâ"Â&6ö÷&F–æFW2#¢µµ³cRãƒC“ƒ“““““cƒS2Â#’ã#ccs““““c“##“RÂãÒÂ³cRãƒ3“ƒ“““““ƒƒS"Â#’ã#ss“SƒCSbÂãÒÂ³cRãƒSSS#3#CÂ#’ã#sS3“““““ScSc"ÂãÒÂ³cRãƒC“ƒ“““““cƒS2Â#’ã#ccs““““c“##“RÂãÕÕ××ÒÂ²'G—R#¢$fVGW&R"Â'&÷W'F–W2#¢²$æÖR#¢%G""Â%7–Ö&öÄ”B#¢#’'ÒÂ&vVöÖWG'’#¢²'G—R#¢%öÇ–vöâ"Â&6ö÷&F–æFW2#¢µµ³cRã“ƒ33“C“rÂ#’ãCs3#c3#rÂãÒÂ³cRã“SCC“““““sbÂ#’ãcccSC’ÂãÒÂ³cRãƒscssC3S#"Â#’ãs3“Cƒ#2ÂãÒÂ³cRãƒ3“3ƒƒc’Â#’ãScS“##ƒ3’ÂãÒÂ³cRãƒs“ss““““ƒCs’Â#’ãƒ“sc““““cƒSs‚ÂãÒÂ³cRã“SC““““ƒƒ#c2Â#’ãƒ3SCs“"ÂãÒÂ³cRãƒƒƒS##SbÂ#’ã#C“““““SSƒBÂãÒÂ³cRã“#c“3RÂ#’ã##ss#ƒ3"ÂãÒÂ³cRã“#s#““““ƒC“c‚Â#’ã#3sƒ3““““cc32ÂãÒÂ³cRãƒSCs““““““#RÂ#’ã“Cc#““““ƒsCc"ÂãÒÂ³cRãƒScS3Cs3"Â#’ãSCsƒ“““““SƒcÂãÒÂ³cRãsƒcC“3CrÂ#’ãSs“ƒSCRÂãÒÂ³cRãƒ33#c#‚Â#’ãƒ#c““““Scƒ“"ÂãÒÂ³cRã“ƒ3#““3bÂ#’ã#CCs““““S“#3s2ÂãÒÂ³cRã“cssRÂ#’ã#c33“““““‚ÂãÒÂ³cRã“C“C““““ƒ33"Â#’ã3“3C“C#2ÂãÒÂ³cRã“cCs“““““S#Â#’ã3S#s3Cƒ"ÂãÒÂ³cRãƒ“ccC““““ƒ“scRÂ#’ã#SC#s““““c##3#rÂãÒÂ³cRãƒSccc““““ƒ#crÂ#’ã#3S3““““““cCrÂãÒÂ³cRãƒc““C““““s“#sÂ#’ã#s“cS3“ÂãÒÂ³cRãƒƒ3C““““SSs’Â#’ã#sc3““““Sc3“BÂãÒÂ³cRãƒsƒ“S3CbÂ#’ã#“C33##“3cRÂãÒÂ³cRãƒ“S#sC’Â#’ã3Cc“#2ÂãÒÂ³cRã“C3#3C3Â#’ã3S“#S““““sC“#2ÂãÒÂ³cRã“cC#s#c3BÂ#’ãC33““““SScƒƒ"ÂãÒÂ³cRã“ƒ33“C“rÂ#’ãCs3#c3#rÂãÕÕ××ÒÂ²'G—R#¢$fVGW&R"Â'&÷W'F–W2#¢²$æÖR#¢%"Â%7–Ö&öÄ”B#¢#‚'ÒÂ&vVöÖWG'’#¢²'G—R#¢%öÇ–vöâ"Â&6ö÷&F–æFW2#¢µµ³cRã“ƒ3ƒ33cƒ"Â#’ã#SCC“““““ƒsS#"ÂãÒÂ³cRãƒS“cC““““cCsƒBÂ#’ã##“ƒ““““ƒ3cs2ÂãÒÂ³cRãƒ“ccC““““ƒ“scRÂ#’ã#SC#s““““c##3#rÂãÒÂ³cRã“cCs“““““S#Â#’ã3S#s3Cƒ"ÂãÒÂ³cRã“C“C““““ƒ33"Â#’ã3“3C“C#2ÂãÒÂ³cRã“ƒ3ƒ33cƒ"Â#’ã#SCC“““““ƒsS#"ÂãÕÕ××ÒÂ²'G—R#¢$fVGW&R"Â'&÷W'F–W2#¢²$æÖR#¢%B"Â%7–Ö&öÄ”B#¢#r'ÒÂ&vVöÖWG'’#¢²'G—R#¢%öÇ–vöâ"Â&6ö÷&F–æFW2#¢µµ³cRã“ƒ33c““““s#SsrÂ#’ãCƒ##S#““rÂãÒÂ³cRã“cC#s#c3BÂ#’ãC33““““SScƒƒ"ÂãÒÂ³cRãƒ“S#sC’Â#’ã3Cc“#2ÂãÒÂ³cRãƒsƒ“S3CbÂ#’ã#“C33##“3cRÂãÒÂ³cRãƒƒ3C““““SSs’Â#’ã#sc3““““Sc3“BÂãÒÂ³cRãƒcss“““““cbÂ#’ã#cƒ3CCCc“rÂãÒÂ³cRãƒS“Cs“““““#2Â#’ã##ƒs3cc#srÂãÒÂ³cRãƒ3#““““““SƒÂ#’ã#ƒ33““““c“#“RÂãÒÂ³cRãƒC#CSBÂ#’ã#csc““““cƒSsƒ"ÂãÒÂ³cRãƒ#S““““ƒs3‚Â#’ã#CSc#“3ƒbÂãÒÂ³cRãsc#SC#2Â#’ã#3ƒ“C#3#RÂãÒÂ³cRãƒSsc““3RÂ#’ã#“sC““““ƒs#cbÂãÒÂ³cRã“Sƒ“““““sƒSbÂ#’ã3s#3c“““““sSSCrÂãÒÂ³cRã“ƒ33c““““s#SsrÂ#’ãCƒ##S#““rÂãÕÒÂµ³cRãƒƒccs#C’Â#’ã3#c3““““cƒc#ƒ2ÂãÒÂ³cRã“c33“2Â#’ã3#ƒ“3C“#3BÂãÒÂ³cRãƒ“S3““““c#3RÂ#’ã3#“sCc#BÂãÒÂ³cRãƒƒccs#C’Â#’ã3#c3““““cƒc#ƒ2ÂãÕÒÂµ³cRãƒCC3cSBÂ#’ã#cSsc##3“bÂãÒÂ³cRãƒC“ƒS““““c3“2Â#’ã#sSc““““““SScbÂãÒÂ³cRãƒ3“ƒ“““““ƒƒS"Â#’ã#ss“SƒCSbÂãÒÂ³cRãƒCC3cSBÂ#’ã#cSsc##3“bÂãÕÕ××ÒÂ²'G—R#¢$fVGW&R"Â'&÷W'F–W2#¢²$æÖR#¢%"Â%7–Ö&öÄ”B#¢#‚'ÒÂ&vVöÖWG'’#¢²'G—R#¢%öÇ–vöâ"Â&6ö÷&F–æFW2#¢µµ³cRã“cC#3#“2Â#’ã3ss“““““Ss’ÂãÒÂ³cRã“cs33“SRÂ#’ã3ƒSs““““scs##2ÂãÒÂ³cRã“c“s3S3"Â#’ã3c““““““sS#3rÂãÒÂ³cRã“cC#3#“2Â#’ã3ss“““““Ss’ÂãÕÕ××ÒÂ²'G—R#¢$fVGW&R"Â'&÷W'F–W2#¢²$æÖR#¢%G""Â%7–Ö&öÄ”B#¢#’'ÒÂ&vVöÖWG'’#¢²'G—R#¢%öÇ–vöâ"Â&6ö÷&F–æFW2#¢µµ³cRãƒ“cs“““““ccSbÂ#’ã3#3Cc#cbÂãÒÂ³cRãƒ“S3““““c#3RÂ#’ã3#“sCc#BÂãÒÂ³cRã“c33“2Â#’ã3#ƒ“3C“#3BÂãÒÂ³cRãƒ“cs“““““ccSbÂ#’ã3#3Cc#cbÂãÕÕ××ÒÂ²'G—R#¢$fVGW&R"Â'&÷W'F–W2#¢²$æÖR#¢$§2"Â%7–Ö&öÄ”B#¢#SR'ÒÂ&vVöÖWG'’#¢²'G—R#¢%öÇ–vöâ"Â&6ö÷&F–æFW2#¢µµ³cbã#ƒ3S“#sƒ3rÂ#‚ã““SƒC““““ƒssc3RÂãÒÂ³cbã#C“c““““ƒcSc‚Â#‚ã“S““sSSrÂãÒÂ³cbã###““““““CSÂ#‚ã“sCsC3Sss‚ÂãÒÂ³cbã#ƒSCrÂ#’ãƒSC““““ƒSsc2ÂãÒÂ³cbã#ƒ3S“#sƒ3rÂ#‚ã““SƒC““““ƒssc3RÂãÕÕ××ÒÂ²'G—R#¢$fVGW&R"Â'&÷W'F–W2#¢²$æÖR#¢%FöÒ"Â%7–Ö&öÄ”B#¢#c"'ÒÂ&vVöÖWG'’#¢²'G—R#¢%öÇ–vöâ"Â&6ö÷&F–æFW2#¢µµ³cbã3#s3s##S3bÂ#’ã##c3““““c3c3"ÂãÒÂ³cbã3#C“SC#CRÂ#’ã“ƒ3#““32ÂãÒÂ³cbã#“ƒ####ƒ’Â#’ã“cSCsS2ÂãÒÂ³cbã#sCs““““c“##‚Â#’ãSsCs“““““#3rÂãÒÂ³cbã#sƒS#s3rÂ#’ã##“““““c“S#‚ÂãÒÂ³cbã#CƒC““““s#ssBÂ#‚ã“c#sƒ““““cSƒƒÂãÒÂ³cbã#S3““““ss#"Â#‚ã“3sc““““ƒ“ScbÂãÒÂ³cbã#S3S““““ccC3"Â#‚ã“cCC““““s#s3‚ÂãÒÂ³cbã#cC3#““““s#“sBÂ#‚ã“Scsc3s3ssrÂãÒÂ³cbãsc#3CCbÂ#‚ãƒ#cƒ3“s“2ÂãÒÂ³cbã“#C“RÂ#‚ãsCC““cBÂãÒÂ³cbã#cScC3“rÂ#‚ãƒ“3#ƒƒBÂãÒÂ³cbãcƒƒ#BÂ#’ãs#“C33#RÂãÒÂ³cbã33S““““SƒcƒbÂ#’ãS#C“““““SsS3SRÂãÒÂ³cbãS““““““““RÂ#’ãsC###“ƒbÂãÒÂ³cbã#CSCs#rÂ#’ãs“#“#333‚ÂãÒÂ³cbã##CC#ƒ#“2Â#’ã#3#ƒ‚ÂãÒÂ³cbã#ƒS“““““““RÂ#’ã#ƒS““““ƒ“#bÂãÒÂ³cbã#ƒCS#cs3bÂ#’ã3cs333“3"ÂãÒÂ³cbã#“#C#““““cCCƒÂ#’ã3sc““3Cs‚ÂãÒÂ³cbã3sƒ3SbÂ#’ã3#sCC““““csƒBÂãÒÂ³cbã3cc3cSBÂ#’ã3s“Cƒ#3bÂãÒÂ³cbã3s3“““““Â#’ã#c“33“33rÂãÒÂ³cbã3#s3s##S3bÂ#’ã##c3““““c3c3"ÂãÕÒÂµ³cbã#33““““ss‚Â#‚ã“#Sƒcc“"ÂãÒÂ³cbã#3ƒSC##’Â#‚ã“3ƒS#“s“‚ÂãÒÂ³cbã##cc“““““CSSrÂ#‚ã“#3sC#ƒ“BÂãÒÂ³cbã#33““““ss‚Â#‚ã“#Sƒcc“"ÂãÕÕ××ÒÂ²'G—R#¢$fVGW&R"Â'&÷W'F–W2#¢²$æÖR#¢$§2"Â%7–Ö&öÄ”B#¢#SR'ÒÂ&vVöÖWG'’#¢²'G—R#¢%öÇ–vöâ"Â&6ö÷&F–æFW2#¢µµ³cbãC###ƒ““““Sƒ3ƒ‚Â#’ã“ƒ3##csƒCrÂãÒÂ³cbãCƒs“““““c#3"Â#’ãƒsc““33’ÂãÒÂ³cbãCs#“““““C“SrÂ#’ã“C#c“ƒ“ƒBÂãÒÂ³cbãC###ƒ““““Sƒ3ƒ‚Â#’ã“ƒ3##csƒCrÂãÕÕ××ÒÂ²'G—R#¢$fVGW&R"Â'&÷W'F–W2#¢²$æÖR#¢$§2"Â%7–Ö&öÄ”B#¢#SR'ÒÂ&vVöÖWG'’#¢²'G—R#¢%öÇ–vöâ"Â&6ö÷&F–æFW2#¢µµ³cbãC#sC#’Â#’ãC“3“S2ÂãÒÂ³cbãC3C““““ƒs#crÂ#’ãS““““““cS’ÂãÒÂ³cbãC#C33#“C2Â#’ãc“C““““ƒC#c“‚ÂãÒÂ³cbãC#sC#’Â#’ãC“3“S2ÂãÕÕ××ÒÂ²'G—R#¢$fVGW&R"Â'&÷W'F–W2#¢²$æÖR#¢%"Â%7–Ö&öÄ”B#¢#‚'ÒÂ&vVöÖWG'’#¢²'G—R#¢%öÇ–vöâ"Â&6ö÷&F–æFW2#¢µµ³cbã3SSs““““ss#rÂ#’ãS#ss33S#“RÂãÒÂ³cbã#sƒ#S“““““““‚Â#’ã##“S““““ƒC#ÂãÒÂ³cbã#s“C#2Â#’ãCcssCRÂãÒÂ³cbã3#SSc3“3sRÂ#’ã#3sƒCsBÂãÒÂ³cbã3SSs““““ss#rÂ#’ãS#ss33S#“RÂãÕÕ××ÒÂ²'G—R#¢$fVGW&R"Â'&÷W'F–W2#¢²$æÖR#¢%B"Â%7–Ö&öÄ”B#¢#r'ÒÂ&vVöÖWG'’#¢²'G—R#¢%öÇ–vöâ"Â&6ö÷&F–æFW2#¢µµ³cbã#sƒ““3ƒƒ#bÂ#’ãC#3s““““c3s3C"ÂãÒÂ³cbã#ƒ#“333#’Â#’ãc“S##CsƒrÂãÒÂ³cbã3Cƒ““““s3sRÂ#’ã“CSC““““sƒ#s3rÂãÒÂ³cbã#“cƒ3““““scc#2Â#’ãcsƒCS“s2ÂãÒÂ³cbã#sƒ““3ƒƒ#bÂ#’ãC#3s““““c3s3C"ÂãÕÕ××ÒÂ²'G—R#¢$fVGW&R"Â'&÷W'F–W2#¢²$æÖR#¢%"Â%7–Ö&öÄ”B#¢#‚'ÒÂ&vVöÖWG'’#¢²'G—R#¢%öÇ–vöâ"Â&6ö÷&F–æFW2#¢µµ³cbãCS#3#C3’Â#’ã#CS““““s“#SRÂãÒÂ³cbãCS##3s“BÂ#’ã#CSs3“S#c"ÂãÒÂ³cbãCS33c32Â#’ã#C#““““cS333BÂãÒÂ³cbãCS#3#C3’Â#’ã#CS““““s“#SRÂãÕÕ××ÒÂ²'G—R#¢$fVGW&R"Â'&÷W'F–W2#¢²$æÖR#¢%"Â%7–Ö&öÄ”B#¢#‚'ÒÂ&vVöÖWG'’#¢²'G—R#¢%öÇ–vöâ"Â&6ö÷&F–æFW2#¢µµ³cbãCCSC““““cƒ#s‚Â#’ã##Cƒ3“““““cc“2ÂãÒÂ³cbãCscCƒcÂ#’ã#Sƒ#s““““s###sbÂãÒÂ³cbãC3“C33ƒ2Â#’ã#cC3“““““cc2ÂãÒÂ³cbãCCSC““““cƒ#s‚Â#’ã##Cƒ3“““““cc“2ÂãÕÕ××ÒÂ²'G—R#¢$fVGW&R"Â'&÷W'F–W2#¢²$æÖR#¢%FR"Â%7–Ö&öÄ”B#¢#cB'ÒÂ&vVöÖWG'’#¢²'G—R#¢%öÇ–vöâ"Â&6ö÷&F–æFW2#¢µµ³cbãCcS2Â#’ã#ƒ#s3cc#RÂãÒÂ³cbãCCƒC“3S"Â#’ã#S3C““““c#ƒCRÂãÒÂ³cbãC3sc3#CCBÂ#’ã##““““““S3RÂãÒÂ³cbãC#CC3#CCBÂ#’ã“cƒ#C#“cBÂãÒÂ³cbã3ƒS#SƒsBÂ#’ã“#ƒC““““c#sƒÂãÒÂ³cbãCccS““““ƒS“‚Â#’ã#ƒcCs““““sS##bÂãÒÂ³cbãCSC3““C2Â#’ã3###ƒ“““““ƒ3S‚ÂãÒÂ³cbãC3ƒ#C“““““3sc2Â#’ã#sC##S#““"ÂãÒÂ³cbãCcS2Â#’ã#ƒ#s3cc#RÂãÕÒÂµ³cbãCƒc3sCC‚Â#’ã##Cs““““ƒ#ƒS2ÂãÒÂ³cbãC#3ƒ““““c3ƒbÂ#’ã#S33#“S"ÂãÒÂ³cbãC3“C33ƒ2Â#’ã#cC3“““““cc2ÂãÒÂ³cbãCscCƒcÂ#’ã#Sƒ#s““““s###sbÂãÒÂ³cbãCƒc3sCC‚Â#’ã##Cs““““ƒ#ƒS2ÂãÕÕ××ÒÂ²'G—R#¢$fVGW&R"Â'&÷W'F–W2#¢²$æÖR#¢%F×2"Â%7–Ö&öÄ”B#¢#3R'ÒÂ&vVöÖWG'’#¢²'G—R#¢%öÇ–vöâ"Â&6ö÷&F–æFW2#¢µµ³cbãSƒC#ƒ2Â3ã#33“#ƒCƒC‚ÂãÒÂ³cbãSS3C““““ss#rÂ3ã##“C3“CCS2ÂãÒÂ³cbãS3CSC“““““ƒ#SrÂ3ãSssC““““Sc#ƒ“RÂãÒÂ³cbãC“S#s““"Â3ãScCƒs3‚ÂãÒÂ³cbãSs3“““““c3RÂ3ãCC#““““sS3#bÂãÒÂ³cbãS““““Sƒƒ3RÂ3ã###“““““sCS##2ÂãÒÂ³cbãCƒSƒc““““ƒc‚Â3ãSƒsSrÂãÒÂ³cbãC““ƒc3ƒ“BÂ3ã“ƒcCC3SsRÂãÒÂ³cbãCsccC““““““sSbÂ3ãƒScS3Cs2ÂãÒÂ³cbãCsScƒ#3ƒ‚Â3ãc3ƒ#““““SSC“"ÂãÒÂ³cbãCCs3““““cS32Â3ã3CsS3#32ÂãÒÂ³cbãCSS““““ƒ“rÂ3ãs##ƒsƒ3"ÂãÒÂ³cbãCsCS3#S“3BÂ3ã“Sc3“3scrÂãÒÂ³cbãSCCCcrÂ3ãcscs“““““3##RÂãÒÂ³cbãSS“3RÂ3ãcs##3#ƒ#RÂãÒÂ³cbãCcs3“CƒCBÂ#’ã“sƒcC3ƒsÂãÒÂ³cbãCC“s““““ccƒbÂ#’ã“Ss#c3“BÂãÒÂ³cbãCCƒs3““““ƒSrÂ#’ã“ƒ“33#s“3#BÂãÒÂ³cbãC3#ƒ3CSrÂ#’ã“ƒƒSS#ƒ#3bÂãÒÂ³cbã3ScS##S"Â#’ã“CCƒ3Ssƒ"ÂãÒÂ³cbã3“#ƒC3cSsrÂ#’ã“#s#“““““3“bÂãÒÂ³cbã3Sƒ#c““““scsRÂ#’ãƒƒC“““““33ƒrÂãÒÂ³cbã3“Sc3C#C#bÂ#’ãƒs#“#Sƒ"ÂãÒÂ³cbãC#ƒ““““SS3ƒrÂ#’ãƒSC3““““cSc#“2ÂãÒÂ³cbã3“Sƒc#3ƒƒ‚Â#’ãƒSSSC3##"ÂãÒÂ³cbã3ƒ##““““ƒS3’Â#’ãƒS“CC3s#BÂãÒÂ³cbã3ƒcSc3C3ƒ"Â#’ãƒC333#BÂãÒÂ³cbã3ƒƒ“““““3c"Â#’ãƒC#ƒ“““““s3S#cbÂãÒÂ³cbã3SSc““““cƒs‚Â#’ãƒcƒ““““S“3ƒbÂãÒÂ³cbã3C3c““3C’Â#’ãss3s#““““ƒ3“cCRÂãÒÂ³cbã3cC“#cƒ3rÂ#’ãssSC#Cs3rÂãÒÂ³cbã3c3s““““SSsC"Â#’ãsS#3“““““cƒRÂãÒÂ³cbãC##Sc“““““ScRÂ#’ãs“sC“c3CrÂãÒÂ³cbãC3ƒƒc“‚Â#’ãƒ#3“3“ƒ#srÂãÒÂ³cbãC3ƒc““““ƒc‚Â#’ãƒsc#““““csCƒBÂãÒÂ³cbãSCƒc#ƒƒƒ"Â#’ã“#Cƒ“““““S3S“BÂãÒÂ³cbãCSs#S““““sC“#2Â#’ãƒ33c““““s“SrÂãÒÂ³cbãC3ƒc3“““““3c2Â#’ãscs3C3“#2ÂãÒÂ³cbã3“S#““““s3Cs2Â#’ãs#Sƒ“““““#ƒc"ÂãÒÂ³cbãC33C“s‚Â#’ãs“3#C“3ƒ‚ÂãÒÂ³cbãC3CcC#ƒsRÂ#’ãs#S“““““sCcsbÂãÒÂ³cbãC##ƒ““““sC3#BÂ#’ãc““3C““““ƒ#cs‚ÂãÒÂ³cbãC3S““““““CcbÂ#’ãccc3#sC3S"ÂãÒÂ³cbãCƒƒ33C2Â#’ãcSCƒ#3C#s“RÂãÒÂ³cbãCSc““““cSƒRÂ#’ãcsS33s“C“‚ÂãÒÂ³cbã3“s##3rÂ#’ãccSS““““c3C3BÂãÒÂ³cbã3“ƒCs“CrÂ#’ãc““cs““““s3##rÂãÒÂ³cbã3c3ƒc33ƒs‚Â#’ãccƒCS#cs3BÂãÒÂ³cbã3s#“3“““““ƒBÂ#’ãs#cCCsbÂãÒÂ³cbã3C“CsCC#RÂ#’ãc“s“3ƒCssrÂãÒÂ³cbã3CCsƒ““““SSƒƒ‚Â#’ãcCSc3#CCrÂãÒÂ³cbã3ƒcc““““cs‚Â#’ãcS##ƒ““““cƒ3ssBÂãÒÂ³cbã3ƒ“#CssrÂ#’ãcC#s33ƒ“#3bÂãÒÂ³cbã3Ssc#3c#srÂ#’ãcsƒ““““c3ƒCRÂãÒÂ³cbã3cS3“C’Â#’ãSSS###“c2ÂãÒÂ³cbã3CCcƒ3“2Â#’ãSSCs“SƒSrÂãÒÂ³cbã3CCS“““““s“"Â#’ãS3sc3#CCcbÂãÒÂ³cbã33“CcSRÂ#’ãS3#“S3S2ÂãÒÂ³cbã333SS3#CRÂ#’ãCsSCC““““sssBÂãÒÂ³cbã#ƒCC3CSs‚Â#’ã3sƒcs““““Sƒ#3CbÂãÒÂ³cbã#ƒS“““““““RÂ#’ã#ƒS““““ƒ“#bÂãÒÂ³cbã##CC#ƒ#“2Â#’ã#3#ƒ‚ÂãÒÂ³cbã#CSCs#rÂ#’ãs“#“#333‚ÂãÒÂ³cbãS““““““““RÂ#’ãsC###“ƒbÂãÒÂ³cbã33S““““SƒcƒbÂ#’ãS#C“““““SsS3SRÂãÒÂ³cbãcƒƒ#BÂ#’ãs#“C33#RÂãÒÂ³cbã#cScC3“rÂ#‚ãƒ“3#ƒƒBÂãÒÂ³cbã“3#CSRÂ#‚ãsSscSCCs"ÂãÒÂ³cbãƒƒ##S#“BÂ#‚ãcCƒCc3"ÂãÒÂ³cbãs#CC““““Scsƒ‚Â#‚ãSƒ“““#3ƒ3CRÂãÒÂ³cbãc3“ƒ““““s3ƒsBÂ#‚ãSs#“““““ƒ“S3"ÂãÒÂ³cbã3sƒs““““ƒc#‚Â#‚ãScƒ“#S333RÂãÒÂ³cbãcsS““““ƒsC2Â#‚ãSCsƒ““““ƒ“33bÂãÒÂ³cRã““cƒƒCsRÂ#‚ãSCc2ÂãÒÂ³cRã“c##C““““s3ssbÂ#‚ãC“#Cc#ƒ“s"ÂãÒÂ³cRã“CSƒc#3ƒ’Â#‚ãCcCSCC#sSBÂãÒÂ³cRãƒss3cC‚Â#‚ãC3“#““““cCƒ3"ÂãÒÂ³cRãƒs“sS““““ƒ#C#"Â#‚ã3““cSCsS2ÂãÒÂ³cRãƒ“SC3#“C3Â#‚ãC3BÂãÒÂ³cRãƒƒ“#33cC3Â#‚ã3ƒ##““““SƒCƒbÂãÒÂ³cRã“C##“3RÂ#‚ã3“cCc““““““SƒbÂãÒÂ³cRã“#“cC3srÂ#‚ã3s#C3““““ƒc#BÂãÒÂ³cRã“3s““““SSsBÂ#‚ã3ssc“““““SSS3sRÂãÒÂ³cRã“#S3““““s##‚Â#‚ã3Sƒc““““sSs#‚ÂãÒÂ³cRã“ƒsS““““csC3Â#‚ã3C#C“““““#SƒRÂãÒÂ³cbã3“S““““SSCCÂ#‚ãCC##3CC#2ÂãÒÂ³cRã“ƒ“S#““““c“ƒ2Â#‚ã3ƒcS#3cBÂãÒÂ³cRãƒ“Cc““““““SbÂ#‚ã#3“s#““““s3“s#2ÂãÒÂ³cRã“ƒcs““““Sƒ#3rÂ#‚ã#S“3ƒ#ƒcƒS2ÂãÒÂ³cRãƒ“cSCCs#Â#‚ã“ƒ“3SS2ÂãÒÂ³cRãƒsCS““““c3cƒÂ#‚ã“Sc3C3s“BÂãÒÂ³cRãƒ“scssC"Â#‚ã#C“S““““ƒC#BÂãÒÂ³cRãƒ3c#ƒ““““sƒ3s2Â#‚ãs#ƒS##s3SbÂãÒÂ³cRãƒ#C“333RÂ#‚ãs“c““““ƒcSc32ÂãÒÂ³cRãƒs#ƒƒ““““Ss3ƒ’Â#‚ã#s#“““““cS3cBÂãÒÂ³cRãsc#ƒ#“RÂ#‚ãssS3““““ss##rÂãÒÂ³cRãsSSSC3##RÂ#‚ã“Sc#33ƒ“‚ÂãÒÂ³cRãss3CsCC#2Â#‚ã#“SS3#C#BÂãÒÂ³cRãss#s3c#bÂ#‚ã#“S““““ƒ““rÂãÒÂ³cRãs##SS“““““CCÂ#‚ã#SƒCƒ““““s3sƒ‚ÂãÒÂ³cRãcscƒ#CC#s"Â#‚ã#cSS#ƒ#3cRÂãÒÂ³cRãcc“ƒS““““c3“2Â#‚ã#sSCS““““ƒs“bÂãÒÂ³cRãs3S3c““““ƒ#SrÂ#‚ã3#cc###ƒrÂãÒÂ³cRãs“#c3ƒ“srÂ#‚ãCSCcs3#33BÂãÒÂ³cRãƒSs#c““““cƒ"Â#‚ãsC“33Cƒ‚ÂãÒÂ³cRãƒ3ss#ss“‚Â#‚ãsƒsSC““““s3#s3"ÂãÒÂ³cRãƒc##C3sSs‚Â#‚ãƒ#C3“““““cc"ÂãÒÂ³cRãƒƒSSbÂ#‚ãƒssS#c#3‚ÂãÒÂ³cRã“#ƒ##C#ƒ‚Â#‚ãƒƒScC3“c“RÂãÒÂ³cRã“#cs““““““#’Â#’ãSc3#CCsBÂãÒÂ³cbã“C3ƒ3rÂ#’ãCƒccƒ“’ÂãÒÂ³cbã“ƒ““““sƒƒs2Â#’ãc3s3CS#ƒ‚ÂãÒÂ³cbã“3#C““““ƒƒscbÂ#’ãs“ss3C3“#2ÂãÒÂ³cbã3csC3s#RÂ#’ã“ccCc“"ÂãÒÂ³cbã3Cs#3BÂ3ã##ƒ3#ƒBÂãÒÂ³cbã3C3cs““““c3#3BÂ3ãCs“S““““sSC#SRÂãÒÂ³cbã#“cCc##ƒƒ‚Â3ã#SƒcC3ƒsBÂãÒÂ³cbã#ƒSc#“““““#CbÂ3ã33Sc#“3ƒCbÂãÒÂ³cbã33Ss#C‚Â3ãƒ#33““““c“#rÂãÒÂ³cbã3ƒc#““““c#CƒbÂ3ãCcƒ““’ÂãÒÂ³cbã3ƒ3S3“SbÂ3ã#c#“““““ƒCSS2ÂãÒÂ³cbãC3SC““““c3#ƒBÂ3ã3“c33#C32ÂãÒÂ³cbãCƒ#C““““c3s‚Â3ãc3s33“C#BÂãÒÂ³cbãC#SSs#CBÂ3ãcƒC““““sssrÂãÒÂ³cbãC3#S#““““cS“ƒ2Â3ã3#“C#ƒƒ#bÂãÒÂ³cbãCCCC#S“Â3ãƒ##33ss“RÂãÒÂ³cbãCcSS“““““CCÂ3ãcCs““““SS#3’ÂãÒÂ³cbãCs3CC“““““sS’Â3ãCSc““““Sc33“BÂãÒÂ³cbãS#ƒ#c“““““cSrÂ3ãssS“““““#C"ÂãÒÂ³cbãS#SS33#2Â3ã“s3“CƒCbÂãÒÂ³cbãC“#c33sC#‚Â3ã“ƒS““““cƒC#cRÂãÒÂ³cbãS3#C##Sƒ’Â3ã##Sc3““““sƒc#ÂãÒÂ³cbãC“Cc#“““““sCSbÂ3ã#“C#““““S“CƒsRÂãÒÂ³cbãCCS3s#SSRÂ3ã#3#ƒrÂãÒÂ³cbã3ƒ““s““““sss#Â3ãc“sC3ƒbÂãÒÂ³cbã3ƒ#ƒ“““““s3S#2Â3ãCC#“#ƒ33"ÂãÒÂ³cbã3S3C““““SsƒRÂ3ã3ƒc3sCRÂãÒÂ³cbã3ƒSs#SCƒrÂ3ãƒ##““““s“s#2ÂãÒÂ³cbã3c#3#3css’Â3ã#3S3“SRÂãÒÂ³cbãC3#“S““““sC#‚Â3ã3#3ƒ““““s3s3bÂãÒÂ³cbãCC#“#““““““cÂ3ã3s“##““““ScCƒrÂãÒÂ³cbãCs“Cc““““cC‚Â3ãC3“3s““““ƒƒs3rÂãÒÂ³cbãS“S““““sƒcrÂ3ãCsSSƒ#C2ÂãÒÂ³cbãSƒ333#s“3"Â3ãCcSc33“ƒRÂãÒÂ³cbãc#Cƒ#SƒbÂ3ãCcCCs“““““S#bÂãÒÂ³cbãc#sƒ3C2Â3ãCCSCS““““cs“3RÂãÒÂ³cbãcC3ƒ““““c3ƒbÂ3ãCCSsC““““Sc#“bÂãÒÂ³cbãcC“#c““““cƒRÂ3ãCƒƒS““““ƒƒ“bÂãÒÂ³cbãc#3#“33332Â3ã3ƒcS““““ƒS“sbÂãÒÂ³cbãccƒ3CCrÂ3ã3“Sc““““sƒs2ÂãÒÂ³cbãS““3c““““ƒ#Sc‚Â3ã3“#sc““““ƒ3ScRÂãÒÂ³cbãScsC#BÂ3ã3CS“#“““““c“bÂãÒÂ³cbãcƒs““““cs32Â3ã3CCC““““csƒ"ÂãÒÂ³cbãcc3C““2Â3ã3#SS#3Csƒ‚ÂãÒÂ³cbãSƒs3ƒ2Â3ã3c““““c333"ÂãÒÂ³cbãS“s##s#ƒ2Â3ã#sS#““““cS“‚ÂãÒÂ³cbãSƒC#ƒ2Â3ã#33“#ƒCƒC‚ÂãÕÒÂµ³cbãC“CS#sCƒRÂ3ã3S#C“333ÂãÒÂ³cbãC“c“C3ƒs’Â3ã3sc3““““ƒcs#"ÂãÒÂ³cbãCƒƒC“bÂ3ã3ss##s“bÂãÒÂ³cbãCssC#rÂ3ã3SC“c3SrÂãÒÂ³cbãC“CS#sCƒRÂ3ã3S#C“333ÂãÕÒÂµ³cbãS3ss“““““cs3Â3ã3ƒscS#Cs3’ÂãÒÂ³cbãSc“ƒ3““““cc3bÂ3ãCS““C3ƒ##‚ÂãÒÂ³cbãSScC3S“sbÂ3ãC3SSS““““““CBÂãÒÂ³cbãSƒs#C#ss2Â3ã3“#3“#“ƒ3RÂãÒÂ³cbãS3ss“““““cs3Â3ã3ƒscS#Cs3’ÂãÕÒÂµ³cbã3ƒ#c“ƒ“rÂ#’ãcC““c““““sSs‚ÂãÒÂ³cbã3C#33#s‚Â#’ãS“3#“““““s“S“"ÂãÒÂ³cbã#CƒS“RÂ#’ãSCsSSsC"ÂãÒÂ³cbã3ƒsS““““ssC#Â#’ãcSs3““““s#SrÂãÒÂ³cbãCƒ#33C2Â#’ãcCCƒ“““““s3S#2ÂãÒÂ³cbã3ƒ#c“ƒ“rÂ#’ãcC““c““““sSs‚ÂãÕÒÂµ³cbã3S#ƒ#sƒRÂ#’ãSCS“““““sC#C"ÂãÒÂ³cbãs3C3C"Â#’ãSS“S3““““cs2ÂãÒÂ³cbã#Scc““““Ssƒ‚Â#’ãc3“s#““““c3“ƒ#bÂãÒÂ³cbãS#“3““““ƒƒBÂ#’ãSƒC“““““S“cƒCbÂãÒÂ³cbã3S“““““s3RÂ#’ãSSƒ3““““Scc3“"ÂãÒÂ³cbã3S#ƒ#sƒRÂ#’ãSCS“““““sC#C"ÂãÕÒÂµ³cbã#3Cs#““““ƒƒ“c"Â#’ãSss““““S“s3BÂãÒÂ³cbã#SSs3SS#’Â#’ãS##ƒC#s3RÂãÒÂ³cbã#ScS#““““sS“s"Â#’ãS3##s#c3ƒ"ÂãÒÂ³cbã#C#““““““3Â#’ãS3#“““““S“S3sbÂãÒÂ³cbã#3Cs#““““ƒƒ“c"Â#’ãSss““““S“s3BÂãÕÕ××ÒÂ²'G—R#¢$fVGW&R"Â'&÷W'F–W2#¢²$æÖR#¢%FöÒ"Â%7–Ö&öÄ”B#¢#c"'ÒÂ&vVöÖWG'’#¢²'G—R#¢%öÇ–vöâ"Â&6ö÷&F–æFW2#¢µµ³cbã#ƒƒC#cSƒrÂ#’ãƒcƒ3“‚ÂãÒÂ³cbã“ƒ““““sƒƒs2Â#’ãc3s3CS#ƒ‚ÂãÒÂ³cbã“C3ƒ3rÂ#’ãCƒccƒ“’ÂãÒÂ³cRã“#cs““““““#’Â#’ãSc3#CCsBÂãÒÂ³cRã“#ƒ##C#ƒ‚Â#‚ãƒƒScC3“c“RÂãÒÂ³cRã“scƒC3sRÂ#‚ãƒCƒ““““c3ƒ2ÂãÒÂ³cRãƒƒcc#ƒ“Â#‚ãƒSƒ“““““3cRÂãÒÂ³cRãƒScCc““““S“ƒBÂ#‚ãƒ#““““ƒ3ƒ“‚ÂãÒÂ³cRãƒ3ss#ss“‚Â#‚ãsƒsSC““““s3#s3"ÂãÒÂ³cRãƒc#C#C’Â#‚ã“S3s““““sƒs#RÂãÒÂ³cRãƒS“c““““““SSrÂ#‚ã“SƒS3cCrÂãÒÂ³cRãƒ“#cƒ““““ƒC3rÂ#‚ã“sSS3s##S2ÂãÒÂ³cRãƒsS#CC"Â#‚ã“ƒ3sS3c#3bÂãÒÂ³cRãƒ“3#C““““SƒsƒRÂ#’ã#CC##BÂãÒÂ³cRãƒS#C“C3#BÂ#‚ã“sc##3#rÂãÒÂ³cRãƒS#ƒ3“‚Â#‚ã““#“S““““sC#ƒ2ÂãÒÂ³cRã“#ƒ#C##sRÂ#’ã#C3#cC"ÂãÒÂ³cRã“CCs#cc3RÂ#’ã#3s“““““ƒsrÂãÒÂ³cRã“Cc3““““ƒcƒBÂ#’ã##s3C““““s#scrÂãÒÂ³cRã“c“scSS"Â#’ã#3ƒS“““““3“BÂãÒÂ³cRã“““C““““c“#s’Â#’ã#“#s““““ƒ“#ÂãÒÂ³cRã“ƒ“cCƒS“BÂ#’ã3ssS“““““#CƒrÂãÒÂ³cRã“c“s3S3"Â#’ã3c““““““sS#3rÂãÒÂ³cRã“csc#““““c#Cƒ"Â#’ã3CƒcC““““c“ssƒBÂãÒÂ³cRã““C#c3rÂ#’ã3S“Cƒ#cRÂãÒÂ³cRã““sC#““““c“CsbÂ#’ã3ƒƒƒ“““““ƒSbÂãÒÂ³cbã3ccƒ#ƒƒ"Â#’ãC“3C“#3rÂãÒÂ³cbã#c“s3cS#‚Â#’ãC#s“““““cs3#rÂãÒÂ³cbãsSS3C“#2Â#’ãS#cS3“s#c‚ÂãÒÂ³cbãSs#SƒsC’Â#’ãSsC3#“C3SbÂãÒÂ³cbãs#3s#s’Â#’ãS3CC"ÂãÒÂ³cbã“sƒ3“csbÂ#’ãƒƒS““““sƒ“#bÂãÒÂ³cbã““3“““““Â#’ãƒ3s##C#s3‚ÂãÒÂ³cbã#cs“““““sÂ#’ãƒcSc“#“33BÂãÒÂ³cbã#ƒƒC#cSƒrÂ#’ãƒcƒ3“‚ÂãÕÕ××ÒÂ²'G—R#¢$fVGW&R"Â'&÷W'F–W2#¢²$æÖR#¢%FöÒ"Â%7–Ö&öÄ”B#¢#c"'ÒÂ&vVöÖWG'’#¢²'G—R#¢%öÇ–vöâ"Â&6ö÷&F–æFW2#¢µµ³cbã3c“c“2Â#’ã3c#ƒ#sƒCrÂãÒÂ³cbã3s“C““““sss"Â#’ã333S“3sƒ#RÂãÒÂ³cbã3SC#c““““cc‚Â#’ã3#33C“s“2ÂãÒÂ³cbã3C3“S“““““SCÂ#’ã3cS“c#S3ƒ3RÂãÒÂ³cbã3c“c“2Â#’ã3c#ƒ#sƒCrÂãÕÕ××ÒÂ²'G—R#¢$fVGW&R"Â'&÷W'F–W2#¢²$æÖR#¢%"Â%7–Ö&öÄ”B#¢#‚'ÒÂ&vVöÖWG'’#¢²'G—R#¢%öÇ–vöâ"Â&6ö÷&F–æFW2#¢µµ³cbã#3“#ƒ““““s33s2Â#’ãC““SSC3##3rÂãÒÂ³cbã#C#““““““3Â#’ãS3#“““““S“S3sbÂãÒÂ³cbã#ScS#““““sS“s"Â#’ãS3##s#c3ƒ"ÂãÒÂ³cbã#C#s““““c#ƒ3"Â#’ãS#c““““cCSƒ3RÂãÒÂ³cbã#3“#ƒ““““s33s2Â#’ãC““SSC3##3rÂãÕÕ××ÒÂ²'G—R#¢$fVGW&R"Â'&÷W'F–W2#¢²$æÖR#¢%B"Â%7–Ö&öÄ”B#¢#r'ÒÂ&vVöÖWG'’#¢²'G—R#¢%öÇ–vöâ"Â&6ö÷&F–æFW2#¢µµ³cbãs“c3“‚Â#’ãS#cS#3“ssBÂãÒÂ³cbã3ƒ33C3"Â#’ãSS3““““Ss3s‚ÂãÒÂ³cbãsC3“CBÂ#’ãS3S33s“CC"ÂãÒÂ³cbãc3c#3‚Â#’ãSsSc““““SSSƒ’ÂãÒÂ³cbãs“c3“‚Â#’ãS#cS#3“ssBÂãÕÕ××ÒÂ²'G—R#¢$fVGW&R"Â'&÷W'F–W2#¢²$æÖR#¢%F×2"Â%7–Ö&öÄ”B#¢#3R'ÒÂ&vVöÖWG'’#¢²'G—R#¢%öÇ–vöâ"Â&6ö÷&F–æFW2#¢µµ³cbãCCS#““““ƒCcrÂ#’ãS““sCc##2ÂãÒÂ³cbãC3c“““““ƒ3"Â#’ãScS3c““““c#Sƒ2ÂãÒÂ³cbãC#cScCC3sÂ#’ãSScƒ““““ƒcƒcRÂãÒÂ³cbãC#“##c3’Â#’ãSƒS““““ssS‚ÂãÒÂ³cbãCCS#““““ƒCcrÂ#’ãS““sCc##2ÂãÕÕ××ÒÂ²'G—R#¢$fVGW&R"Â'&÷W'F–W2#¢²$æÖR#¢%"Â%7–Ö&öÄ”B#¢#‚'ÒÂ&vVöÖWG'’#¢²'G—R#¢%öÇ–vöâ"Â&6ö÷&F–æFW2#¢µµ³cbã3S#ƒ#sƒRÂ#’ãSCS“““““sC#C"ÂãÒÂ³cbãc“C““““cC#ƒÂ#’ãS“ScS#Cs3bÂãÒÂ³cbã#Scc““““Ssƒ‚Â#’ãc3“s#““““c3“ƒ#bÂãÒÂ³cbãs3C3C"Â#’ãSS“S3““““cs2ÂãÒÂ³cbã3S#ƒ#sƒRÂ#’ãSCS“““““sC#C"ÂãÕÕ××ÒÂ²'G—R#¢$fVGW&R"Â'&÷W'F–W2#¢²$æÖR#¢%"Â%7–Ö&öÄ”B#¢#‚'ÒÂ&vVöÖWG'’#¢²'G—R#¢%öÇ–vöâ"Â&6ö÷&F–æFW2#¢µµ³cbãCCSC““““cƒ#‚Â#’ãcCS#3Cssƒ"ÂãÒÂ³cbã“““““““ƒ"Â#’ãSCsƒs#C"ÂãÒÂ³cbã#CƒS“RÂ#’ãSCsSSsC"ÂãÒÂ³cbã3C#33#s‚Â#’ãS“3#“““““s“S“"ÂãÒÂ³cbã33sc““““ƒƒScbÂ#’ãcCƒSC““““ƒƒ#c"ÂãÒÂ³cbãCCSC““““cƒ#‚Â#’ãcCS#3Cssƒ"ÂãÕÕ××ÒÂ²'G—R#¢$fVGW&R"Â'&÷W'F–W2#¢²$æÖR#¢%FæB"Â%7–Ö&öÄ”B#¢#3r'ÒÂ&vVöÖWG'’#¢²'G—R#¢%öÇ–vöâ"Â&6ö÷&F–æFW2#¢µµ³cbãS3sc#3“’Â#’ãcs“S3C“#bÂãÒÂ³cbã3#ƒ#“““““CbÂ#’ãcsC3c3rÂãÒÂ³cbãƒ3#s““““ƒs#bÂ#’ãscSS#ƒc3#bÂãÒÂ³cbãƒ#“““““S3Â#’ãsCƒSC#“SBÂãÒÂ³cbãS3sc#3“’Â#’ãcs“S3C“#bÂãÕÕ××ÒÂ²'G—R#¢$fVGW&R"Â'&÷W'F–W2#¢²$æÖR#¢$·2"Â%7–Ö&öÄ”B#¢#'ÒÂ&vVöÖWG'’#¢²'G—R#¢%öÇ–vöâ"Â&6ö÷&F–æFW2#¢µµ³cbã“Sƒ““““s#ƒsbÂ#’ãƒ#“ƒ“““““ƒƒSƒ‚ÂãÒÂ³cbãƒCC#S“ƒRÂ#’ãscs3ƒ““““sCƒs2ÂãÒÂ³cbã3CsRÂ#’ãcc“cc3ƒs“RÂãÒÂ³cbãSSC#sƒRÂ#’ãccƒ““““ƒ3c’ÂãÒÂ³cbãS#S3ƒs#RÂ#’ãcƒ““##s“bÂãÒÂ³cbã3s““““““ƒ’Â#’ãs#ƒ3ƒ33cƒ2ÂãÒÂ³cbã#Cƒ““““ƒcƒcrÂ#’ãs3#33CCscRÂãÒÂ³cbãs3s““““cƒs#‚Â#’ãƒƒ33““““S“3BÂãÒÂ³cbã“Sƒ““““s#ƒsbÂ#’ãƒ#“ƒ“““““ƒƒSƒ‚ÂãÕÕ××ÒÂ²'G—R#¢$fVGW&R"Â'&÷W'F–W2#¢²$æÖR#¢%B"Â%7–Ö&öÄ”B#¢#r'ÒÂ&vVöÖWG'’#¢²'G—R#¢%öÇ–vöâ"Â&6ö÷&F–æFW2#¢µµ³cbã#“sC3““““SSc3’Â3ã#cC#ƒ#ƒ“RÂãÒÂ³cbã33cƒ3““““ƒcc2Â3ãCƒCc““““ƒ“cC"ÂãÒÂ³cbã3C3cs““““c3#3BÂ3ãCs“S““““sSC#SRÂãÒÂ³cbã3cSS“““““CCÂ3ãc“C““““cC#ƒBÂãÒÂ³cbã#“sC3““““SSc3’Â3ã#cC#ƒ#ƒ“RÂãÕÕ××ÒÂ²'G—R#¢$fVGW&R"Â'&÷W'F–W2#¢²$æÖR#¢%G""Â%7–Ö&öÄ”B#¢#’'ÒÂ&vVöÖWG'’#¢²'G—R#¢%öÇ–vöâ"Â&6ö÷&F–æFW2#¢µµ³cBã3ƒ3sC““““sc#sbÂ#’ã#C“““““scSƒ‚ÂãÒÂ³cBã3ccC““““c#ƒRÂ#’ã#S3““““SScƒ“bÂãÒÂ³cBã3scS#Cs3rÂ#’ã3#s“““““ccSƒRÂãÒÂ³cBã3ƒ3sC““““sc#sbÂ#’ã#C“““““scSƒ‚ÂãÕÕ××ÒÂ²'G—R#¢$fVGW&R"Â'&÷W'F–W2#¢²$æÖR#¢%G""Â%7–Ö&öÄ”B#¢#’'ÒÂ&vVöÖWG'’#¢²'G—R#¢%öÇ–vöâ"Â&6ö÷&F–æFW2#¢µµ³c2ã“s3““3’Â#’ãCC““““c333"ÂãÒÂ³cBãƒc““““s3sbÂ#’ã3ƒs““““cccƒ"ÂãÒÂ³c2ã““#ƒƒCÂ#’ã#Ss#CBÂãÒÂ³c2ã“C#“SCC##BÂ#’ãcƒ““““ƒcƒc2ÂãÒÂ³c2ã“s3““3’Â#’ãCC““““c333"ÂãÕÕ××ÒÂ²'G—R#¢$fVGW&R"Â'&÷W'F–W2#¢²$æÖR#¢%G""Â%7–Ö&öÄ”B#¢#’'ÒÂ&vVöÖWG'’#¢²'G—R#¢%öÇ–vöâ"Â&6ö÷&F–æFW2#¢µµ³cBã3cCs““““ƒ##Â#’ã#C““““Sƒ33’ÂãÒÂ³cBãCcs““““s“##Â#’ã“SCS““““cs“#“"ÂãÒÂ³cBãC#“s““““c#s3BÂ#’ãsƒ“SC#SBÂãÒÂ³cBãC3cC‚Â#’ãC#sC#Sƒƒ‚ÂãÒÂ³cBã3ƒ3C“““““s#bÂ#’ã3ss3“““““3RÂãÒÂ³cBã3sSc““““s“Ss2Â#’ãS#C““““ƒ##c’ÂãÒÂ³cBã3cs“““““s##rÂ#’ãCcS““““c3cƒBÂãÒÂ³cBã3cCs““““ƒ##Â#’ã#C““““Sƒ33’ÂãÕÕ××ÒÂ²'G—R#¢$fVGW&R"Â'&÷W'F–W2#¢²$æÖR#¢%G""Â%7–Ö&öÄ”B#¢#’'ÒÂ&vVöÖWG'’#¢²'G—R#¢%öÇ–vöâ"Â&6ö÷&F–æFW2#¢µµ³cBã#ƒ3Sc“3“"Â#’ãcƒ3SCC2ÂãÒÂ³cBã#ƒ“ƒ““““s3ƒsbÂ#’ãƒ3C““““sss2ÂãÒÂ³cBã3#“S“““““CƒÂ#’ãƒ#sc3s3sS2ÂãÒÂ³cBã3ƒcC3cRÂ#’ãcC“S3SÂãÒÂ³cBã#ƒ3Sc“3“"Â#’ãcƒ3SCC2ÂãÕÕ××ÒÂ²'G—R#¢$fVGW&R"Â'&÷W'F–W2#¢²$æÖR#¢%FÖò"Â%7–Ö&öÄ”B#¢#’'ÒÂ&vVöÖWG'’#¢²'G—R#¢%öÇ–vöâ"Â&6ö÷&F–æFW2#¢µµ³c2ãƒc#S““““cC“#’Â#’ã“c“C"ÂãÒÂ³c2ãsƒc“s““““s#s#BÂ#’ãs#““““s#3#BÂãÒÂ³c2ãscSCCSS“3BÂ#’ãƒCC“““““csSƒBÂãÒÂ³c2ãs“#C#cƒrÂ#’ã““C3ƒ#rÂãÒÂ³c2ãƒc#S““““cC“#’Â#’ã“c“C"ÂãÕÕ××ÒÂ²'G—R#¢$fVGW&R"Â'&÷W'F–W2#¢²$æÖR#¢%G""Â%7–Ö&öÄ”B#¢#’'ÒÂ&vVöÖWG'’#¢²'G—R#¢%öÇ–vöâ"Â&6ö÷&F–æFW2#¢µµ³cBã3“cƒ““““ƒ“3c2Â#’ãƒs“““““s#"ÂãÒÂ³cBã#SCƒ“““““ƒSRÂ#’ãs3s““““ƒƒsC"ÂãÒÂ³cBãƒ3““““cƒ3"Â#’ã“C#C““““c3sƒBÂãÒÂ³cBã#S““““ƒ“rÂ#’ãsCS“BÂãÒÂ³cBã3“cƒ““““ƒ“3c2Â#’ãƒs“““““s#"ÂãÕÕ××ÒÂ²'G—R#¢$fVGW&R"Â'&÷W'F–W2#¢²$æÖR#¢%Fæ2"Â%7–Ö&öÄ”B#¢#3R'ÒÂ&vVöÖWG'’#¢²'G—R#¢%öÇ–vöâ"Â&6ö÷&F–æFW2#¢µµ³c2ã““#3cCC"Â#’ã“3cc3“ÂãÒÂ³c2ã“ƒSc#“3ƒ#RÂ#’ã“33c“#“2ÂãÒÂ³c2ã“ƒƒƒCs2Â#’ã“ƒƒ““““ccƒƒ"ÂãÒÂ³c2ãƒcsc3““““sƒc#bÂ#’ãccƒCccÂãÒÂ³c2ãƒ3“C3ƒbÂ#’ãs#““““s““c’ÂãÒÂ³c2ãƒSƒ3S3S##’Â#’ã“s#33cC#srÂãÒÂ³c2ãƒƒSs““““ƒsƒ"Â#’ãScC‚ÂãÒÂ³c2ãƒs“Sƒ““““SsƒƒSRÂ#’ãsƒ““““ƒ3c‚ÂãÒÂ³c2ã“3c3ssSRÂ#’ã#sc“BÂãÒÂ³c2ã“Cƒƒ“s3SBÂ#’ã#“ƒSCBÂãÒÂ³c2ã“#ƒs“3Sƒ#sbÂ#’ãcC#ƒSƒ2ÂãÒÂ³c2ã““#3cCC"Â#’ã“3cc3“ÂãÕÕ××ÒÂ²'G—R#¢$fVGW&R"Â'&÷W'F–W2#¢²$æÖR#¢%Fæ2"Â%7–Ö&öÄ”B#¢#3R'ÒÂ&vVöÖWG'’#¢²'G—R#¢%öÇ–vöâ"Â&6ö÷&F–æFW2#¢µµ³c2ãssƒ“c“““““cSSrÂ#’ã“ƒSSƒ#CrÂãÒÂ³c2ãsC#ƒ##BÂ#’ã“ƒSc“S2ÂãÒÂ³c2ãs#“s““““Ssƒ3‚Â#’ã““C3ƒ#rÂãÒÂ³c2ãsc3sƒ““““cƒƒ2Â#’ã“cs““““ƒ3#crÂãÒÂ³c2ãssƒ“c“““““cSSrÂ#’ã“ƒSSƒ#CrÂãÕÕ××ÒÂ²'G—R#¢$fVGW&R"Â'&÷W'F–W2#¢²$æÖR#¢%FÖò"Â%7–Ö&öÄ”B#¢#’'ÒÂ&vVöÖWG'’#¢²'G—R#¢%öÇ–vöâ"Â&6ö÷&F–æFW2#¢µµ³cBãƒS##sCÂ#’ã3c33"ÂãÒÂ³cBãsƒs3““““SS3rÂ#’ã3#sCSbÂãÒÂ³c2ã“ƒSc#“3ƒ#RÂ#’ã“33c“#“2ÂãÒÂ³c2ã““3#C##S“Â#’ã#cc““““csƒBÂãÒÂ³cBã#ƒ‚Â#’ã#C“ƒ3#csƒbÂãÒÂ³cBãsCcC““““s“ssÂ#’ã#s3#““““ƒs“c3RÂãÒÂ³cBãƒS##sCÂ#’ã3c33"ÂãÕÕ××ÒÂ²'G—R#¢$fVGW&R"Â'&÷W'F–W2#¢²$æÖR#¢%FÖò"Â%7–Ö&öÄ”B#¢#’'ÒÂ&vVöÖWG'’#¢²'G—R#¢%öÇ–vöâ"Â&6ö÷&F–æFW2#¢µµ³c2ãcsƒ“““““cƒS3Â#’ã3CC3SƒBÂãÒÂ³c2ãc““ƒ#s#RÂ#’ã“CS“““““S“3C2ÂãÒÂ³c2ãScCS#3“ssRÂ#’ãsC“““““#c3rÂãÒÂ³c2ãS#ss“““““Ss3’Â#’ã“3““““s3#RÂãÒÂ³c2ãS#C#3CC#bÂ#’ã#c“““““ƒSƒbÂãÒÂ³c2ãSƒcƒƒ““““Ss3ƒƒBÂ#’ã“##3SBÂãÒÂ³c2ãcsƒ“““““cƒS3Â#’ã3CC3SƒBÂãÕÕ××ÒÂ²'G—R#¢$fVGW&R"Â'&÷W'F–W2#¢²$æÖR#¢%G""Â%7–Ö&öÄ”B#¢#’'ÒÂ&vVöÖWG'’#¢²'G—R#¢%öÇ–vöâ"Â&6ö÷&F–æFW2#¢µµ³c2ãSƒsc“““““ƒSSrÂ#‚ã“c“3“CƒS"ÂãÒÂ³c2ãSsscCrÂ#‚ã“cCs“““““srÂãÒÂ³c2ãSs“c““““sc3##BÂ#‚ã“sSs““““csƒ#’ÂãÒÂ³c2ãSƒsc“““““ƒSSrÂ#‚ã“c“3“CƒS"ÂãÕÕ××ÒÂ²'G—R#¢$fVGW&R"Â'&÷W'F–W2#¢²$æÖR#¢%B"Â%7–Ö&öÄ”B#¢#r'ÒÂ&vVöÖWG'’#¢²'G—R#¢%öÇ–vöâ"Â&6ö÷&F–æFW2#¢µµ³c"ã“s#S##ScbÂ#’ãCc##ƒƒƒBÂãÒÂ³c"ã“#ss#c3’Â#’ãcƒ““““ƒC3c’ÂãÒÂ³c"ã“#ƒ#C“““““3sS‚Â#‚ã“Sccƒ“ƒ“BÂãÒÂ³c"ãƒƒs“““““sƒ’Â#‚ã“3C#C3srÂãÒÂ³c"ãƒƒ#s#C“"Â#‚ã“sS##Csƒc"ÂãÒÂ³c"ãƒS“ss3ƒS#SBÂ#‚ã“CS“““““ƒCcRÂãÒÂ³c"ãƒS“C“‚Â#‚ãƒ“s“C#3“2ÂãÒÂ³c"ãƒ#ƒc“““““3c"Â#‚ã“#ScSCsCBÂãÒÂ³c"ãƒ3ccC’Â#‚ãƒ“ƒ#scC3rÂãÒÂ³c"ãƒ#cc“““““sS#‚Â#‚ãƒƒcs3“““““S’ÂãÒÂ³c"ãsƒ“333s“#cbÂ#‚ã“CSC###BÂãÒÂ³c"ãsc““ƒsc“2Â#‚ã“cSc“3rÂãÒÂ³c"ãsS“ƒ#“#“"Â#‚ã“S“#““““ƒ3CcƒBÂãÒÂ³c"ãscCSƒ#ccƒRÂ#‚ã“C#““““c333BÂãÒÂ³c"ãs#Sƒ3#SC3RÂ#‚ã“Cs#ƒ#sƒbÂãÒÂ³c"ãsc3““““ƒcƒ2Â#’ãƒs“3Sƒ#bÂãÒÂ³c"ãsS#C3““““ƒc"Â#’ãSS#ƒ““““ƒ33c’ÂãÒÂ³c"ãscƒC#ƒ#“BÂ#’ãƒC3S“sSrÂãÒÂ³c"ãsƒ#““““““ƒSsbÂ#’ã“s““““ƒsƒ3BÂãÒÂ³c"ãƒ“3““““sScsBÂ#’ã“ƒsc’ÂãÒÂ³c"ãƒ#s#““““sC“s2Â#’ã#ƒC#cSƒs‚ÂãÒÂ³c"ãƒS#c““““““SÂ#’ãcsC““““ƒ#s"ÂãÒÂ³c"ãƒs#ƒ““““ƒƒ3cRÂ#’ãs““““csƒ#’ÂãÒÂ³c"ãƒƒCS“““““c“SBÂ#’ãSC“#“c32ÂãÒÂ³c"ãƒ““3CCCrÂ#’ãSCcs““““Sƒ#3’ÂãÒÂ³c"ã“#3ƒs33#bÂ#’ãƒC“Cƒƒ“2ÂãÒÂ³c"ã“C#ƒ““““SƒƒrÂ#’ãcs#“““““c“S3‚ÂãÒÂ³c"ã“3S““““cC3BÂ#’ã3sC““““cs#ƒbÂãÒÂ³c"ã“SssSSÂ#’ã#ƒcC““““s“ss"ÂãÒÂ³c"ã“s#S##ScbÂ#’ãCc##ƒƒƒBÂãÕÕ××ÒÂ²'G—R#¢$fVGW&R"Â'&÷W'F–W2#¢²$æÖR#¢%·b"Â%7–Ö&öÄ”B#¢#3r'ÒÂ&vVöÖWG'’#¢²'G—R#¢%öÇ–vöâ"Â&6ö÷&F–æFW2#¢µµ³c"ãcScc““““SsƒSbÂ#’ã#s#Cs#“3SRÂãÒÂ³c"ãcƒSs““““sC##BÂ#’ã#3S####’ÂãÒÂ³c"ãss3cc3“2Â#’ã#33#“““““3CcRÂãÒÂ³c"ãs33““““SScƒ’Â#’ã#SS“s#S3rÂãÒÂ³c"ãsƒcS“sCSRÂ#’ã#3ƒƒ““““ScƒƒsBÂãÒÂ³c"ãs#s3“#Cƒ3bÂ#’ã#Sƒ“SC#SCbÂãÒÂ³c"ãsC#“““““S“S3SbÂ#’ã#Cs#3ƒss‚ÂãÒÂ³c"ãs3#“s“““““#s#BÂ#’ã#3cSS3ƒ##3‚ÂãÒÂ³c"ãscsC3“SsRÂ#’ã#Cƒs“SƒS3BÂãÒÂ³c"ãss“cs““““c3#3"Â#’ã##3CS‚ÂãÒÂ³c"ãƒƒc“““““sS#SBÂ#’ã#CCCsBÂãÒÂ³c"ãƒS“C“‚Â#’ã#3c“““ÂãÒÂ³c"ãƒS“s““““ƒsƒcbÂ#’ã#sS3“C’ÂãÒÂ³c"ãƒƒs#3sbÂ#’ã##ƒC“3C‚ÂãÒÂ³c"ãƒsƒS““““ƒ“ƒ"Â#’ã##c“““““sS#’ÂãÒÂ³c"ã“3C““““sSssBÂ#’ã#s#s#“‚ÂãÒÂ³c"ãƒ“3cc““““sssBÂ#’ãƒsc#“““““#CS‚ÂãÒÂ³c"ã““CcS2Â#’ã##““““sƒCsBÂãÒÂ³c"ã“Sc3c#’Â#’ã“Cs#CS3‚ÂãÒÂ³c"ã“c3cs““““s3##‚Â#’ãƒs“““““s#RÂãÒÂ³c"ã“C“3““““ƒScccbÂ#’ã“SC“““““3#S’ÂãÒÂ³c"ã“3“sƒCc“#RÂ#’ãƒ3#S““““ƒC“SbÂãÒÂ³c"ã“cc““““cƒsbÂ#’ãcSƒc“C"ÂãÒÂ³c"ãƒ“3S““““c3C3RÂ#’ãc“Sc““““ƒSScBÂãÒÂ³c"ã“CsƒC“““““ssScBÂ#’ãCCss3SCS"ÂãÒÂ³c"ãƒƒ#ƒs“3BÂ#’ãS“3““““sScsRÂãÒÂ³c2ã#ss“““““cs3"Â#’ãƒ3#SC3‚ÂãÒÂ³c2ã3“#C##S’Â#’ãscƒ““““““3S‚ÂãÒÂ³c2ãƒ““ƒƒC’Â#’ãCcƒ3CSCrÂãÒÂ³c2ãSc“s3cS#SBÂ#’ãs““““““““ÂãÒÂ³c2ãƒccS#“s3Â#’ãcsC3““““ƒScc2ÂãÒÂ³c2ã#ƒ#S“““““““CRÂ#’ã3C#SbÂãÒÂ³c2ã3“sSc#CRÂ#‚ã“ƒSSƒ#cƒƒRÂãÒÂ³c2ãcc#““““ƒ““c#BÂ#‚ã“Sc“cƒC"ÂãÒÂ³c2ãS“cCƒS“rÂ#‚ã“#C““““sƒ3“rÂãÒÂ³c2ã#3c#c2Â#‚ã“s3#ƒ3rÂãÒÂ³c2ã##3““““ssc"Â#‚ãƒ“SSc“3ƒƒ"ÂãÒÂ³c2ãsCc3ƒ“sRÂ#‚ã“s““““s“##2ÂãÒÂ³c2ãƒ#C#3ƒ#sBÂ#’ã#cs3#3#rÂãÒÂ³c2ã““cC3ƒSsbÂ#’ã#CS#““““SS“ƒ’ÂãÒÂ³c2ãcS““““sCƒ#rÂ#’ã“C“RÂãÒÂ³c2ã3“c3““““sƒc#2Â#‚ã“#3sƒ““““ƒƒs"ÂãÒÂ³c2ã###S““““S““3ƒRÂ#‚ã“Sc#33ƒrÂãÒÂ³c2ã3“333RÂ#‚ã“3sC““““s33#cRÂãÒÂ³c2ã#c“C3CsRÂ#‚ã“s“3#’ÂãÒÂ³c2ã“Cƒ#“BÂ#‚ã““ƒC#cƒ3"ÂãÒÂ³c"ã“c“s“ƒSrÂ#’ã“““““cCcƒBÂãÒÂ³c"ã“SssSSÂ#’ã#ƒcC““““s“ss"ÂãÒÂ³c"ã“3S““““cC3BÂ#’ã3sC““““cs#ƒbÂãÒÂ³c"ã“C#ƒ““““SƒƒrÂ#’ãcs#“““““c“S3‚ÂãÒÂ³c"ã“#3ƒs33#bÂ#’ãƒC“Cƒƒ“2ÂãÒÂ³c"ãƒ““3CCCrÂ#’ãSCcs““““Sƒ#3’ÂãÒÂ³c"ãƒƒCS“““““c“SBÂ#’ãSC“#“c32ÂãÒÂ³c"ãƒs#ƒ““““ƒƒ3cRÂ#’ãs““““csƒ#’ÂãÒÂ³c"ãƒS#c““““““SÂ#’ãcsC““““ƒ#s"ÂãÒÂ³c"ãƒ#s#““““sC“s2Â#’ã#ƒC#cSƒs‚ÂãÒÂ³c"ãƒ“3““““sScsBÂ#’ã“ƒsc’ÂãÒÂ³c"ãsƒ#““““““ƒSsbÂ#’ã“s““““ƒsƒ3BÂãÒÂ³c"ãscƒC#ƒ#“BÂ#’ãƒC3S“sSrÂãÒÂ³c"ãsS#C3““““ƒc"Â#’ãSS#ƒ““““ƒ33c’ÂãÒÂ³c"ãs“S““““sCƒ#2Â#’ãcscs3“ƒrÂãÒÂ³c"ãc“ƒCs#“3BÂ#’ãcc“CC3’ÂãÒÂ³c"ãssS#““““““cBÂ#’ãccS“““““s“ƒRÂãÒÂ³c"ãcS3“Cƒ#RÂ#’ãSSS3#S3RÂãÒÂ³c"ãcc#c““““Sc“Â#’ã““C““““sSssÂãÒÂ³c"ãS“cS3S“C’Â#’ãƒ3““““sCc#c‚ÂãÒÂ³c"ãcCcsC##BÂ#’ã#“cƒ““““ƒ“3c2ÂãÒÂ³c"ãcCs#ƒ3ss‚Â#’ãCsCC““““csƒ3BÂãÒÂ³c"ãc3s“““““C#Â#’ãCcs#““““cƒ“s“bÂãÒÂ³c"ãcSÂ#’ãc3#ƒ““““ƒ33c“BÂãÒÂ³c"ãSsSƒƒ““““s#3sSbÂ#’ãSƒ“““““sƒS"ÂãÒÂ³c"ãcƒcƒƒ“rÂ#’ãs3ƒ“““““ƒƒS#2ÂãÒÂ³c"ãSƒSCC3SSs’Â#’ãƒCs““““s#ƒ#bÂãÒÂ³c"ãS“““““““ƒcS2Â#’ã“3sSC“3BÂãÒÂ³c"ãS“CsC#SƒRÂ#’ã#CSƒ““““c#ƒƒÂãÒÂ³c"ãc“C““““Ssƒ‚Â#’ã#SsS““““c#C3"ÂãÒÂ³c"ãc3s##S3bÂ#’ã#cCc““““s“s‚ÂãÒÂ³c"ãc#“ƒc““““ssbÂ#’ã##“3“c#bÂãÒÂ³c"ãcsS“““““3C2Â#’ã#33ƒ#3“#sc‚ÂãÒÂ³c"ãc3ScS‚Â#’ã#33sƒ3CcsrÂãÒÂ³c"ãcS3s““““cƒs#cRÂ#’ã“““C3ƒ#BÂãÒÂ³c"ãcScCƒ““““s3sSbÂ#’ã#ccƒ“cBÂãÒÂ³c"ãcƒ####ƒ“bÂ#’ã#Cc33sC#SrÂãÒÂ³c"ãc3s#“S3SbÂ#’ã#SC3““ƒ3ƒBÂãÒÂ³c"ãcScc““““SsƒSbÂ#’ã#s#Cs#“3SRÂãÕÒÂµ³c"ãc“sCC“sBÂ#’ãƒS“sƒC2ÂãÒÂ³c"ãs#“##2Â#’ã“3C““““s#scbÂãÒÂ³c"ãsSS“““““sC#‚Â#’ã#3SS#CÂãÒÂ³c"ãc“sCC“sBÂ#’ãƒS“sƒC2ÂãÕÕ××ÒÂ²'G—R#¢$fVGW&R"Â'&÷W'F–W2#¢²$æÖR#¢%FÖò"Â%7–Ö&öÄ”B#¢#’'ÒÂ&vVöÖWG'’#¢²'G—R#¢%öÇ–vöâ"Â&6ö÷&F–æFW2#¢µµ³c2ãCƒs#“““““3CS‚Â#’ãS###““““sCs’ÂãÒÂ³c2ãCƒCc““““S“ƒcbÂ#’ãƒS#““““ƒS“cƒBÂãÒÂ³c2ãCSSSsCbÂ#’ã#c3ƒ3c“sbÂãÒÂ³c2ãCc“#s““““ss##SRÂ#’ãSS##CƒrÂãÒÂ³c2ãCƒs#“““““3CS‚Â#’ãS###““““sCs’ÂãÕÕ××ÒÂ²'G—R#¢$fVGW&R"Â'&÷W'F–W2#¢²$æÖR#¢$·2"Â%7–Ö&öÄ”B#¢#'ÒÂ&vVöÖWG'’#¢²'G—R#¢%öÇ–vöâ"Â&6ö÷&F–æFW2#¢µµ³c2ãCsS3““““ƒssbÂ#’ã#sS““““cCƒ3BÂãÒÂ³c2ãC#s33C“#‚Â#’ã3cc““““sSs#rÂãÒÂ³c2ãCC“s““““ƒssbÂ#’ãC3s#““““ƒ3“cRÂãÒÂ³c2ãC#s“sCS#bÂ#’ã3Ccƒ3“cbÂãÒÂ³c2ãCsS3““““ƒssbÂ#’ã#sS““““cCƒ3BÂãÕÕ××ÒÂ²'G—R#¢$fVGW&R"Â'&÷W'F–W2#¢²$æÖR#¢%B"Â%7–Ö&öÄ”B#¢#r'ÒÂ&vVöÖWG'’#¢²'G—R#¢%öÇ–vöâ"Â&6ö÷&F–æFW2#¢µµ³c"ã“CSs“““““C#“RÂ#’ã“ƒ3#SC3SbÂãÒÂ³c2ãƒ“““““s“cs2Â#’ãCC#“““““S3cbÂãÒÂ³c"ã“SƒCC###RÂ#’ãC#C3CCC2ÂãÒÂ³c"ãƒ“3C33“C#2Â#’ãcC“C“““““C#c"ÂãÒÂ³c"ã“cc““““cƒsbÂ#’ãcSƒc“C"ÂãÒÂ³c"ã“3“sƒCc“#RÂ#’ãƒ3#S““““ƒC“SbÂãÒÂ³c"ã“CSs“““““C#“RÂ#’ã“ƒ3#SC3SbÂãÕÕ××ÒÂ²'G—R#¢$fVGW&R"Â'&÷W'F–W2#¢²$æÖR#¢%B"Â%7–Ö&öÄ”B#¢#r'ÒÂ&vVöÖWG'’#¢²'G—R#¢%öÇ–vöâ"Â&6ö÷&F–æFW2#¢µµ³c"ãs“#s““““cs##sbÂ#’ãƒ3““#3ƒ3“bÂãÒÂ³c"ãs3S““““ScC3sBÂ#’ã“3s““““scsbÂãÒÂ³c"ãs#“##2Â#’ã“3C““““s#scbÂãÒÂ³c"ãs“#s““““cs##sbÂ#’ãƒ3““#3ƒ3“bÂãÕÕ××ÒÂ²'G—R#¢$fVGW&R"Â'&÷W'F–W2#¢²$æÖR#¢%Fæ2"Â%7–Ö&öÄ”B#¢#3R'ÒÂ&vVöÖWG'’#¢²'G—R#¢%öÇ–vöâ"Â&6ö÷&F–æFW2#¢µµ³c2ãSS“““““ƒCccSbÂ#’ãCƒ“3C“##rÂãÒÂ³c2ãCCC“““““cSƒ3BÂ#’ã“s#3cCCBÂãÒÂ³c2ãCS“C#ƒ##BÂ#’ã“CC““““c#ƒ#bÂãÒÂ³c2ã3ss3ƒ““““ƒCƒcsBÂ#’ã#s#3sssC‚ÂãÒÂ³c2ã3ss3#““““ss“sBÂ#’ã##“S#C#3bÂãÒÂ³c2ãC3CS““’Â#’ã#3“Ss#SS3SRÂãÒÂ³c2ãCƒ3#3CBÂ#’ã##ƒ“ƒ““““sƒƒs#2ÂãÒÂ³c2ãSƒ####ƒrÂ#’ã#“3ƒC“rÂãÒÂ³c2ãSƒc#ƒ““““sƒ3s2Â#’ã33“CƒSRÂãÒÂ³c2ãS““Sc““““sSSsRÂ#’ã3#cC““““ƒ“scS2ÂãÒÂ³c2ãc#“cƒSBÂ#’ã#C##CsS“ÂãÒÂ³c2ãS3#S“““““C“Â#’ã##cs““““ss#SbÂãÒÂ³c2ãSSS“3sƒ#rÂ#’ã“csCS#"ÂãÒÂ³c2ãS3#“““““3Â#’ãƒSƒ#Scƒs‚ÂãÒÂ³c2ãS“3SC#CsBÂ#’ã#c“““““““SsbÂãÒÂ³c2ãS“S3#Sc3RÂ#’ã“3cC33sRÂãÒÂ³c2ãSC#cCC3SsÂ#’ãs“sƒ“““““ƒc"ÂãÒÂ³c2ãSS“““““ƒCccSbÂ#’ãCƒ“3C“##rÂãÕÕ××ÒÂ²'G—R#¢$fVGW&R"Â'&÷W'F–W2#¢²$æÖR#¢%B"Â%7–Ö&öÄ”B#¢#r'ÒÂ&vVöÖWG'’#¢²'G—R#¢%öÇ–vöâ"Â&6ö÷&F–æFW2#¢µµ³c"ã“c3ss#ƒS3cRÂ#’ã#3s3C3“#3bÂãÒÂ³c"ã““CcS2Â#’ã##““““sƒCsBÂãÒÂ³c"ãƒ“3cc““““sssBÂ#’ãƒsc#“““““#CS‚ÂãÒÂ³c"ã“3C““““sSssBÂ#’ã#s#s#“‚ÂãÒÂ³c"ãƒsƒS““““ƒ“ƒ"Â#’ã##c“““““sS#’ÂãÒÂ³c"ãƒƒs#3sbÂ#’ã##ƒC“3C‚ÂãÒÂ³c"ãƒS“s““““ƒsƒcbÂ#’ã#sS3“C’ÂãÒÂ³c"ãƒS“C“‚Â#’ã#3c“““ÂãÒÂ³c"ãƒƒc“““““sS#SBÂ#’ã#CCCsBÂãÒÂ³c"ãss“cs““““c3#3"Â#’ã##3CS‚ÂãÒÂ³c"ãscsC3“SsRÂ#’ã#Cƒs“SƒS3BÂãÒÂ³c"ãs3#“s“““““#s#BÂ#’ã#3cSS3ƒ##3‚ÂãÒÂ³c"ãsC#“““““S“S3SbÂ#’ã#Cs#3ƒss‚ÂãÒÂ³c"ãs#s3“#Cƒ3bÂ#’ã#Sƒ“SC#SCbÂãÒÂ³c"ãsƒcS“sCSRÂ#’ã#3ƒƒ““““ScƒƒsBÂãÒÂ³c"ãs33““““SScƒ’Â#’ã#SS“s#S3rÂãÒÂ³c"ãss3cc3“2Â#’ã#33#“““““3CcRÂãÒÂ³c"ãcƒSs““““sC##BÂ#’ã#3S####’ÂãÒÂ³c"ãccccƒƒ“BÂ#’ã#cƒSS““““ƒCCrÂãÒÂ³c"ãs#“ƒ““““cƒƒ#RÂ#’ã#ƒ##““““ScCƒSrÂãÒÂ³c"ãsSC““““““Sƒ‚Â#’ã#sCSs““““Scs3‚ÂãÒÂ³c"ãscc““““sSsRÂ#’ã#S“““““sƒƒ“rÂãÒÂ³c"ãsƒ3Cc“““““Cc"Â#’ã#cCƒ““““SƒƒrÂãÒÂ³c"ãƒSsS“““““#C3RÂ#’ã#S3ƒ#““““SSC“ÂãÒÂ³c"ãƒCC#c33RÂ#’ã#sSC“““““s#S#BÂãÒÂ³c"ãƒS3ƒ““““ƒ3rÂ#’ã#ccC#sbÂãÒÂ³c"ã“#3C#‚Â#’ã#c#ƒS““““Sƒ“3S"ÂãÒÂ³c"ã“##3““““ƒcƒBÂ#’ã#S3cS““““ƒ“"ÂãÒÂ³c"ãƒ“cc“““““#S’Â#’ã##s##““““ScCƒƒBÂãÒÂ³c"ã“CsC3SsƒRÂ#’ã#3s““““ƒs#bÂãÒÂ³c"ã“sƒ3CƒÂ#’ã#ƒSC““““cƒ#ƒbÂãÒÂ³c"ã“c3ss#ƒS3cRÂ#’ã#3s3C3“#3bÂãÕÕ××ÒÂ²'G—R#¢$fVGW&R"Â'&÷W'F–W2#¢²$æÖR#¢%Fæ2"Â%7–Ö&öÄ”B#¢#3R'ÒÂ&vVöÖWG'’#¢²'G—R#¢%öÇ–vöâ"Â&6ö÷&F–æFW2#¢µµ³c2ãƒ““““ccƒ"Â#’ã#sƒ““““sC3#S2ÂãÒÂ³c2ãsc“#““““s“s’Â#’ã#3s3““““S“c33BÂãÒÂ³c2ã3sƒ““““sSƒsRÂ#’ã#3cCs#“3S2ÂãÒÂ³c2ã#CSC##ƒbÂ#’ã#Sƒ3““““Sc3cRÂãÒÂ³c2ã3s“““““ƒCccrÂ#’ã#ss#sC##bÂãÒÂ³c2ãƒ““““ccƒ"Â#’ã#sƒ““““sC3#S2ÂãÕÕ××ÒÂ²'G—R#¢$fVGW&R"Â'&÷W'F–W2#¢²$æÖR#¢$·2"Â%7–Ö&öÄ”B#¢#'ÒÂ&vVöÖWG'’#¢²'G—R#¢%öÇ–vöâ"Â&6ö÷&F–æFW2#¢µµ³c"ãCcƒsc#s3ƒCbÂ#’ãCcS“““““““2ÂãÒÂ³c"ãC3c““““s#SsrÂ#’ã3“##sƒƒBÂãÒÂ³c"ã3ƒSc“2Â#’ãC3“““““crÂãÒÂ³c"ã#cCs3CS2Â#’ãc3C“““““ƒ#Sƒ2ÂãÒÂ³c"ã3CCc““““c“‚Â#’ãƒ“““““c3S3rÂãÒÂ³c"ã3#S3c““““c#Sƒ"Â#’ãsC3cC3sC"ÂãÒÂ³c"ã33“““#3ƒBÂ#’ã“cƒ#ƒƒbÂãÒÂ³c"ã3S““““ƒs32Â#’ãƒ“ƒC““““ssss"ÂãÒÂ³c"ã3S“3S#ScBÂ#’ãC““““““sCcsBÂãÒÂ³c"ã3““ƒ#“#’Â#’ãc#Cc““““s“cƒrÂãÒÂ³c"ãCc##“““““CcRÂ#’ãƒCs“““““ƒ#"ÂãÒÂ³c"ã3ƒCC“““““csS3Â#’ã#Cc““““cscssbÂãÒÂ³c"ãCS“3c““““ƒ#SrÂ#’ã“Sc““33“RÂãÒÂ³c"ãCs#“S““““sC2Â#’ãs“3s““““ƒƒsCbÂãÒÂ³c"ãCcƒsc#s3ƒCbÂ#’ãCcS“““““““2ÂãÕÕ××ÒÂ²'G—R#¢$fVGW&R"Â'&÷W'F–W2#¢²$æÖR#¢%FÖò"Â%7–Ö&öÄ”B#¢#’'ÒÂ&vVöÖWG'’#¢²'G—R#¢%öÇ–vöâ"Â&6ö÷&F–æFW2#¢µµ³c"ã#s“cƒSÂ#’ã3##3#ƒCrÂãÒÂ³c"ã#CS#3s#s’Â#’ãScSSƒ#3“"ÂãÒÂ³c"ã#CS#“#333SBÂ#’ãsc#s“““““##ƒrÂãÒÂ³c"ã#“SSƒs#bÂ#’ã#c3C#“ƒ#"ÂãÒÂ³c"ã#“s3c#c3ƒ3bÂ#’ãSSS#Ss3CrÂãÒÂ³c"ã#s“cƒSÂ#’ã3##3#ƒCrÂãÕÕ××ÒÂ²'G—R#¢$fVGW&R"Â'&÷W'F–W2#¢²$æÖR#¢%FW6²"Â%7–Ö&öÄ”B#¢#"'ÒÂ&vVöÖWG'’#¢²'G—R#¢%öÇ–vöâ"Â&6ö÷&F–æFW2#¢µµ³cãCcS3#3C3‚Â#’ã3S““““sCƒ#cBÂãÒÂ³cãC#C#“C‚Â#’ãC“sƒ““““cƒƒSbÂãÒÂ³cãC#3“““““sc#cBÂ#’ãcs#C““““ƒƒscCRÂãÒÂ³cãCƒCƒ““““ƒ3c’Â#’ã#3#3cs‚ÂãÒÂ³cãC33##““““ccCƒ2Â#’ã#css33S3#RÂãÒÂ³cãC3C3“““““cc#ƒbÂ#’ãc“s#“S3ÂãÒÂ³cãCcS3#3C3‚Â#’ã3S““““sCƒ#cBÂãÕÕ××ÒÂ²'G—R#¢$fVGW&R"Â'&÷W'F–W2#¢²$æÖR#¢%FW2"Â%7–Ö&öÄ”B#¢#B'ÒÂ&vVöÖWG'’#¢²'G—R#¢%öÇ–vöâ"Â&6ö÷&F–æFW2#¢µµ³cãSCcƒ#“ƒ’Â#’ãƒC#““““S“ƒrÂãÒÂ³cãScS3““““S“c3cRÂ#’ãsS#““““c33rÂãÒÂ³cãSc#S““““ƒƒCbÂ#’ãSSƒs3#“rÂãÒÂ³cãSCƒc3sCS#RÂ#’ãcSSC““““s3#ssRÂãÒÂ³cãSCcƒ#“ƒ’Â#’ãƒC#““““S“ƒrÂãÕÕ××ÒÂ²'G—R#¢$fVGW&R"Â'&÷W'F–W2#¢²$æÖR#¢%FÖò"Â%7–Ö&öÄ”B#¢#’'ÒÂ&vVöÖWG'’#¢²'G—R#¢%öÇ–vöâ"Â&6ö÷&F–æFW2#¢µµ³c"ã“#C#ƒ#ƒ’Â#’ã“s#“““““s“SsrÂãÒÂ³c"ã##3““““cScs“bÂ#’ãƒs3““““SScƒsBÂãÒÂ³c"ãƒ“ƒ““““““ƒSrÂ#’ãƒ#3“#BÂãÒÂ³c"ã“#C#ƒ#ƒ’Â#’ã“s#“““““s“SsrÂãÕÕ××ÒÂ²'G—R#¢$fVGW&R"Â'&÷W'F–W2#¢²$æÖR#¢%r"Â%7–Ö&öÄ”B#¢#R'ÒÂ&vVöÖWG'’#¢²'G—R#¢%öÇ–vöâ"Â&6ö÷&F–æFW2#¢µµ³cãS3#33““““s“’Â#’ã#““““““ƒ“BÂãÒÂ³cãSC“ƒsc“’Â#’ã“#ƒc““““cSƒBÂãÒÂ³cãS3#s““““sccs"Â#’ã“33““““ƒ“3rÂãÒÂ³cãS3#33““““s“’Â#’ã#““““““ƒ“BÂãÕÕ××ÒÂ²'G—R#¢$fVGW&R"Â'&÷W'F–W2#¢²$æÖR#¢%FÖò"Â%7–Ö&öÄ”B#¢#’'ÒÂ&vVöÖWG'’#¢²'G—R#¢%öÇ–vöâ"Â&6ö÷&F–æFW2#¢µµ³cãƒsS“““““scS#Â#’ã##“cC#rÂãÒÂ³cã“3cscC2Â#’ãs#ƒsSS#2ÂãÒÂ³cã“#ƒ““““cƒƒÂ#’ãS#3C#“ƒRÂãÒÂ³cã“3ƒ““““S“ƒƒrÂ#’ãS3ƒ““““ƒ3cƒ2ÂãÒÂ³cã“#3“C3“‚Â#’ãcsc3““““ƒƒcRÂãÒÂ³cãƒƒS“CcS"Â#’ãƒsCc““““sCsSbÂãÒÂ³cãƒc“C““““SSsƒ’Â#’ã#sƒƒc““bÂãÒÂ³cãƒSC##S32Â#’ã##sS““““ssC#"ÂãÒÂ³cãƒCs#C#S“cBÂ#’ã#ƒCc#“RÂãÒÂ³cãƒ#S3#3C3’Â#’ã#Ccc““““sCSsCbÂãÒÂ³cãƒSc““““ƒccrÂ#’ã#CsC3““““ƒScrÂãÒÂ³cãƒs#“““““cCS3BÂ#’ã##“ƒc“““““cC2ÂãÒÂ³cã“ƒ33SC#cbÂ#’ã#C#SS““““cCC2ÂãÒÂ³cãƒsS“““““scS#Â#’ã##“cC#rÂãÕÕ××ÒÂ²'G—R#¢$fVGW&R"Â'&÷W'F–W2#¢²$æÖR#¢$·2"Â%7–Ö&öÄ”B#¢#'ÒÂ&vVöÖWG'’#¢²'G—R#¢%öÇ–vöâ"Â&6ö÷&F–æFW2#¢µµ³c"ãSSsc““““cƒs‚Â#’ã#C#3#“ƒÂãÒÂ³c"ãS““S3“##‚Â#’ãƒ#ƒ““““ƒS3cCRÂãÒÂ³c"ãCƒsc#3c#srÂ#’ã##cc3SƒscrÂãÒÂ³c"ãC““ƒC3#BÂ#’ã#ƒ#“““““cCS#“bÂãÒÂ³c"ãSSsc““““cƒs‚Â#’ã#C#3#“ƒÂãÕÕ××ÒÂ²'G—R#¢$fVGW&R"Â'&÷W'F–W2#¢²$æÖR#¢%FÖò"Â%7–Ö&öÄ”B#¢#’'ÒÂ&vVöÖWG'’#¢²'G—R#¢%öÇ–vöâ"Â&6ö÷&F–æFW2#¢µµ³cãscS#s#“‚Â#’ã#Ccƒ““““sC3s#"ÂãÒÂ³cãssS#3Css‚Â#’ã#3SsC“rÂãÒÂ³cãsƒS#“““““3"Â#’ã#3Sƒ#““““SSCƒ‚ÂãÒÂ³cãƒsCc““““cCƒ"Â#’ã#“33Cs“‚ÂãÒÂ³cãƒ3sƒ““““ƒƒc’Â#’ã##““““s“cƒrÂãÒÂ³cãƒCƒCScsC"Â#’ãcs“ƒ#scƒ#rÂãÒÂ³cãƒ3##3CC#SbÂ#’ã“ƒ“S3C##‚ÂãÒÂ³cãƒc“““““sSS#bÂ#’ã#SSsS3RÂãÒÂ³cãsƒ““““Ss3BÂ#’ã##ƒs“““““#ƒ2ÂãÒÂ³cãsccC““““““sSSBÂ#’ã##ƒS3S“C#BÂãÒÂ³cãscS#s#“‚Â#’ã#Ccƒ““““sC3s#"ÂãÕÕ××ÒÂ²'G—R#¢$fVGW&R"Â'&÷W'F–W2#¢²$æÖR#¢%FÖò"Â%7–Ö&öÄ”B#¢#’'ÒÂ&vVöÖWG'’#¢²'G—R#¢%öÇ–vöâ"Â&6ö÷&F–æFW2#¢µµ³c"ãssƒsCƒBÂ#’ã#3“ƒCƒƒ‚ÂãÒÂ³c"ãc“sƒ#CcƒsBÂ#’ã#scC#CbÂãÒÂ³c"ãsƒ3#ƒC3cbÂ#’ã#“C““““sss‚ÂãÒÂ³c"ãssƒsCƒBÂ#’ã#3“ƒCƒƒ‚ÂãÕÕ××ÒÂ²'G—R#¢$fVGW&R"Â'&÷W'F–W2#¢²$æÖR#¢%G¢"Â%7–Ö&öÄ”B#¢#2'ÒÂ&vVöÖWG'’#¢²'G—R#¢%öÇ–vöâ"Â&6ö÷&F–æFW2#¢µµ³cãƒ#ss#ss“"Â#’ã#CƒƒCs"ÂãÒÂ³cãƒC3c““““Sc33rÂ#’ã#3#s3c#“"ÂãÒÂ³cãƒ3SSSsC’Â#’ã#ƒ3SS#CBÂãÒÂ³cãƒCs#C#S“cBÂ#’ã#ƒCc#“RÂãÒÂ³cãƒSC##S32Â#’ã##sS““““ssC#"ÂãÒÂ³cãƒc“C““““SSsƒ’Â#’ã#sƒƒc““bÂãÒÂ³cãƒƒsc#3’Â#’ã“3c““““s#Ss3rÂãÒÂ³cãƒcƒƒ3#CCÂ#’ãƒ3Cƒ““““cc3ssrÂãÒÂ³cãƒcs#“““““s“S’Â#’ãcsƒ#“3"ÂãÒÂ³cãƒCCƒ#““““cCƒ#bÂ#’ãcs“ƒ““““ƒ3ƒcS2ÂãÒÂ³cãƒ3sƒ““““ƒƒc’Â#’ã##““““s“cƒrÂãÒÂ³cãƒsCc““““cCƒ"Â#’ã#“33Cs“‚ÂãÒÂ³cãsƒS#“““““3"Â#’ã#3Sƒ#““““SSCƒ‚ÂãÒÂ³cãssS#3Css‚Â#’ã#3SsC“rÂãÒÂ³cãscS#s#“‚Â#’ã#Ccƒ““““sC3s#"ÂãÒÂ³cãƒ#ss#ss“"Â#’ã#CƒƒCs"ÂãÕÕ××ÒÂ²'G—R#¢$fVGW&R"Â'&÷W'F–W2#¢²$æÖR#¢%FW2"Â%7–Ö&öÄ”B#¢#B'ÒÂ&vVöÖWG'’#¢²'G—R#¢%öÇ–vöâ"Â&6ö÷&F–æFW2#¢µµ³cãC“cSƒ““““c#ƒƒBÂ#’ã#c3c““3SBÂãÒÂ³cãSs##3#CCBÂ#’ã#sC““““ƒs#c#rÂãÒÂ³cãSCs#““““ƒ3’Â#’ã#s““““SSs3s2ÂãÒÂ³cãSSs“s““““Sss3SbÂ#’ã“3ƒC3Ssƒ‚ÂãÒÂ³cãcSSsSÂ#’ãƒ33“““““ƒ#bÂãÒÂ³cãS“#“““““c“csbÂ#’ãSsƒC3SsƒrÂãÒÂ³cãSssc““““S“SƒrÂ#’ãƒCƒ““““““3S"ÂãÒÂ³cãSSs#“““““C“cÂ#’ã“#S3““““s##C‚ÂãÒÂ³cãS3#Sc““““cSƒrÂ#’ã##SsCcrÂãÒÂ³cãC“cSƒ““““c#ƒƒBÂ#’ã#c3c““3SBÂãÕÕ××ÒÂ²'G—R#¢$fVGW&R"Â'&÷W'F–W2#¢²$æÖR#¢%²"Â%7–Ö&öÄ”B#¢#'ÒÂ&vVöÖWG'’#¢²'G—R#¢%öÇ–vöâ"Â&6ö÷&F–æFW2#¢µµ³c"ã#3ƒ“S3C’Â#’ã#3“““““ƒrÂãÒÂ³c"ã#sƒ“C#3#"Â#’ã#ƒC““““c#sƒBÂãÒÂ³c"ãƒƒCc#ƒ“BÂ#’ã#“““#3ƒ3“rÂãÒÂ³c"ã#3ƒ“S3C’Â#’ã#3“““““ƒrÂãÕÕ××ÒÂ²'G—R#¢$fVGW&R"Â'&÷W'F–W2#¢²$æÖR#¢%r"Â%7–Ö&öÄ”B#¢#R'ÒÂ&vVöÖWG'’#¢²'G—R#¢%öÇ–vöâ"Â&6ö÷&F–æFW2#¢µµ³cãSSs“s““““Sss3SbÂ#’ã“3ƒC3Ssƒ‚ÂãÒÂ³cãSCs#““““ƒ3’Â#’ã#s““““SSs3s2ÂãÒÂ³cãSs##3#CCBÂ#’ã#sC““““ƒs#c#rÂãÒÂ³cãSC3““3‚Â#’ã#3sƒ3SbÂãÒÂ³cãScscƒ“BÂ#’ã#Cƒ“##3CrÂãÒÂ³cãSS#s3““““ƒSSbÂ#’ã#33#“““““s“S‚ÂãÒÂ³cãSssc3#CCƒbÂ#’ã#33s“C2ÂãÒÂ³cãSsƒc33sC#’Â#’ã“sc#c#“C"ÂãÒÂ³cãSSs“s““““Sss3SbÂ#’ã“3ƒC3Ssƒ‚ÂãÕÕ××ÒÂ²'G—R#¢$fVGW&R"Â'&÷W'F–W2#¢²$æÖR#¢$·2"Â%7–Ö&öÄ”B#¢#'ÒÂ&vVöÖWG'’#¢²'G—R#¢%öÇ–vöâ"Â&6ö÷&F–æFW2#¢µµ³c"ãcƒ33CCs’Â#’ã#3CC““““ccsƒ#bÂãÒÂ³c"ãc#c“C3ƒsƒRÂ#’ã#sSS““““c“C#ƒ‚ÂãÒÂ³c"ãS“C“3“S2Â#’ã#“#3““““ƒ#cƒbÂãÒÂ³c"ãSsƒC“““““SsSBÂ#’ã#cS“““““c“SrÂãÒÂ³c"ãC“3#“33CrÂ#’ã#Ccƒƒ“S‚ÂãÒÂ³c"ãSC###““‚Â#’ã#S“““““ScS3ƒ2ÂãÒÂ³c"ãScƒ#““““cƒCsrÂ#’ã#3#C#S“‚ÂãÒÂ³c"ãcƒ33CCs’Â#’ã#3CC““““ccsƒ#bÂãÕÕ××ÒÂ²'G—R#¢$fVGW&R"Â'&÷W'F–W2#¢²$æÖR#¢%FW6²"Â%7–Ö&öÄ”B#¢#"'ÒÂ&vVöÖWG'’#¢²'G—R#¢%öÇ–vöâ"Â&6ö÷&F–æFW2#¢µµ³cãC3C“3c3#SBÂ#’ã#3CSC““““ƒƒ#c2ÂãÒÂ³cãC##“ƒ3RÂ#’ã#33Cc#3BÂãÒÂ³cãC“c““““sSs’Â#’ã#3Cc“““““SbÂãÒÂ³cãC3C“3c3#SBÂ#’ã#3CSC““““ƒƒ#c2ÂãÕÕ××ÒÂ²'G—R#¢$fVGW&R"Â'&÷W'F–W2#¢²$æÖR#¢%FÖò"Â%7–Ö&öÄ”B#¢#’'ÒÂ&vVöÖWG'’#¢²'G—R#¢%öÇ–vöâ"Â&6ö÷&F–æFW2#¢µµ³cã“sC“c““““ƒcSccBÂ#’ã#Ss##ssƒ#rÂãÒÂ³cã“3ƒƒ““““ƒ#3c‚Â#’ã#3Cs#33bÂãÒÂ³cã“33s““““cƒs#“BÂ#’ã#C#C“““““SsS3ƒbÂãÒÂ³cã“s#“S3CbÂ#’ã#3C#“““““S3“‚ÂãÒÂ³cã“sC“c““““ƒcSccBÂ#’ã#Ss##ssƒ#rÂãÕÕ××ÒÂ²'G—R#¢$fVGW&R"Â'&÷W'F–W2#¢²$æÖR#¢%²"Â%7–Ö&öÄ”B#¢#'ÒÂ&vVöÖWG'’#¢²'G—R#¢%öÇ–vöâ"Â&6ö÷&F–æFW2#¢µµ³c"ãƒSc“““““cSS2Â#’ã###ƒ“““““S3S“bÂãÒÂ³c"ãƒS3c““““s#SscRÂ#’ã#3C“#“c3BÂãÒÂ³c"ã“CC3#CC3‚Â#’ã#C#S3S“S2ÂãÒÂ³c"ãƒcsS“““““sCrÂ#’ã#3C“S3C##‚ÂãÒÂ³c"ãƒSc“““““cSS2Â#’ã###ƒ“““““S3S“bÂãÕÕ××ÒÂ²'G—R#¢$fVGW&R"Â'&÷W'F–W2#¢²$æÖR#¢$·2"Â%7–Ö&öÄ”B#¢#'ÒÂ&vVöÖWG'’#¢²'G—R#¢%öÇ–vöâ"Â&6ö÷&F–æFW2#¢µµ³c"ãCsC““““c##ƒ2Â#’ã#3#C3““““sc#ƒrÂãÒÂ³c"ãCScs3“““““S‚Â#’ã#3ssC“““““c#c"ÂãÒÂ³c"ãCƒ3#““““ƒs“c"Â#’ã#CSƒ3““““ƒc#"ÂãÒÂ³c"ãCsC““““c##ƒ2Â#’ã#3#C3““““sc#ƒrÂãÕÕ××ÒÂ²'G—R#¢$fVGW&R"Â'&÷W'F–W2#¢²$æÖR#¢%G¢"Â%7–Ö&öÄ”B#¢#2'ÒÂ&vVöÖWG'’#¢²'G—R#¢%öÇ–vöâ"Â&6ö÷&F–æFW2#¢µµ³cã“C#“““““ƒCSƒBÂ#’ã“ƒ3““““ccƒc2ÂãÒÂ³cãƒsS“““““scS#Â#’ã##“cC#rÂãÒÂ³cã“ƒ33SC#cbÂ#’ã#C#SS““““cCC2ÂãÒÂ³cãƒs#“““““cCS3BÂ#’ã##“ƒc“““““cC2ÂãÒÂ³cãƒSc““““ƒccrÂ#’ã#CsC3““““ƒScrÂãÒÂ³cãƒcƒc#ƒƒƒBÂ#’ã#Ccs3cc#RÂãÒÂ³cãƒƒ33CCsƒbÂ#’ã#cCSs““““scs#RÂãÒÂ³cãssC““““sss"Â#’ã#cƒS3““““ƒ#"ÂãÒÂ³cãs“““““Sc’Â#’ã#s“c““““ƒ“ScSrÂãÒÂ³cãƒ#3ƒ“““““ƒcÂ#’ã#cs““““““#“bÂãÒÂ³cãƒ333c“““““#SS“BÂ#’ã#s“cƒ““““S“3ƒrÂãÒÂ³cãƒs#S“““““ƒC’Â#’ã#sss3SC2ÂãÒÂ³cãƒƒc““““ƒ3ƒrÂ#’ã#SC““““cƒ3#ƒ‚ÂãÒÂ³cã“c##“BÂ#’ã#C3“C33s‚ÂãÒÂ³cãƒ“ssS““““s#C#bÂ#’ã##SƒC#Sƒ“bÂãÒÂ³cã“3#cƒ#ƒƒ3RÂ#’ã##s#C#c2ÂãÒÂ³cã“C#“““““ƒCSƒBÂ#’ã“ƒ3““““ccƒc2ÂãÕÕ××ÒÂ²'G—R#¢$fVGW&R"Â'&÷W'F–W2#¢²$æÖR#¢$·2"Â%7–Ö&öÄ”B#¢#'ÒÂ&vVöÖWG'’#¢²'G—R#¢%öÇ–vöâ"Â&6ö÷&F–æFW2#¢µµ³c"ãCS“ƒ““““c3ƒƒ3BÂ#’ã#Cs““““sccsRÂãÒÂ³c"ã3cccSƒ“"Â#’ã#CcsSC##RÂãÒÂ³c"ã3#sc““““s3SsbÂ#’ã#c#CsS“BÂãÒÂ³c"ãS#3CC“RÂ#’ã#Ss3S#S3"ÂãÒÂ³c"ãCS“ƒ““““c3ƒƒ3BÂ#’ã#Cs““““sccsRÂãÕÕ××ÒÂ²'G—R#¢$fVGW&R"Â'&÷W'F–W2#¢²$æÖR#¢$·2"Â%7–Ö&öÄ”B#¢#'ÒÂ&vVöÖWG'’#¢²'G—R#¢%öÇ–vöâ"Â&6ö÷&F–æFW2#¢µµ³cã“s“3““““S“c3RÂ#’ã#“Sƒ““““ssƒc’ÂãÒÂ³cã“s#“S3CbÂ#’ã#3C#“““““S3“‚ÂãÒÂ³cã“3SSS““““““CBÂ#’ã#Ccc3#sC3cRÂãÒÂ³cã“3ƒc““““ƒsÂ#’ã#3S3C“““““#cÂãÒÂ³cãƒ“ss#3S3cBÂ#’ã#S“ƒ“““““sƒS#RÂãÒÂ³cãƒ“3#S3ƒs#BÂ#’ã#ssc#“““““#Cc2ÂãÒÂ³cã“#C3SS#CbÂ#’ã#“3ssSCRÂãÒÂ³cã“3c““#ƒƒ3RÂ#’ã#cƒƒƒ#ƒ‚ÂãÒÂ³cã“s#“3““““sƒ#BÂ#’ã#sc#““ƒ2ÂãÒÂ³c"ãSscs3“Â#’ã##S3ScC‚ÂãÒÂ³c"ãƒƒ#“““““CcRÂ#’ã#3ƒS“““““3“sRÂãÒÂ³cã“s“3““““S“c3RÂ#’ã#“Sƒ““““ssƒc’ÂãÕÕ××ÒÂ²'G—R#¢$fVGW&R"Â'&÷W'F–W2#¢²$æÖR#¢%²"Â%7–Ö&öÄ”B#¢#'ÒÂ&vVöÖWG'’#¢²'G—R#¢%öÇ–vöâ"Â&6ö÷&F–æFW2#¢µµ³c"ã“ƒC3#2Â#’ã#Ss““““cSs3#RÂãÒÂ³c"ãƒSƒ““““c#ƒƒÂ#’ã#3cC““““ƒscsbÂãÒÂ³c"ãc“““3ƒS#BÂ#’ã#3ƒ#C““““c3sƒCBÂãÒÂ³c"ãsƒS#“““““S“cÂ#’ã#c“sC3ƒ2ÂãÒÂ³c"ãsS3ƒ“““““CƒcÂ#’ã#3ƒ#ƒ#“bÂãÒÂ³c"ã“ƒC3#2Â#’ã#Ss““““cSs3#RÂãÕÕ××ÒÂ²'G—R#¢$fVGW&R"Â'&÷W'F–W2#¢²$æÖR#¢%²"Â%7–Ö&öÄ”B#¢#'ÒÂ&vVöÖWG'’#¢²'G—R#¢%öÇ–vöâ"Â&6ö÷&F–æFW2#¢µµ³c"ãCS“cssC2Â#’ã#Cƒ3C““““SS#ƒƒbÂãÒÂ³c"ãC333““#2Â#’ã#CC3““““cc#ƒbÂãÒÂ³c"ãC#3““““ƒ#c’Â#’ã#c“3S3#3#RÂãÒÂ³c"ãCS“CƒCsSBÂ#’ã#S“3ƒƒc““"ÂãÒÂ³c"ãCS“cssC2Â#’ã#Cƒ3C““““SS#ƒƒbÂãÕÕ××ÒÂ²'G—R#¢$fVGW&R"Â'&÷W'F–W2#¢²$æÖR#¢%r"Â%7–Ö&öÄ”B#¢#R'ÒÂ&vVöÖWG'’#¢²'G—R#¢%öÇ–vöâ"Â&6ö÷&F–æFW2#¢µµ³cãc3s“3““““s3#bÂ#’ã#CSC#““““s“Cc‚ÂãÒÂ³cãS“Sƒs“““““c#Â#’ã#cCS#s3“BÂãÒÂ³cãS“c“c““““ƒcSc‚Â#’ã#cc“S3CBÂãÒÂ³cãcC##“““““CcBÂ#’ã#sƒ““““sC3#S2ÂãÒÂ³cãc3s“3““““s3#bÂ#’ã#CSC#““““s“Cc‚ÂãÕÕ××ÒÂ²'G—R#¢$fVGW&R"Â'&÷W'F–W2#¢²$æÖR#¢%G¢"Â%7–Ö&öÄ”B#¢#2'ÒÂ&vVöÖWG'’#¢²'G—R#¢%öÇ–vöâ"Â&6ö÷&F–æFW2#¢µµ³c"ã#CS“s““““css#sBÂ#’ã#cCC““““scssCrÂãÒÂ³c"ãƒƒCc#ƒ“BÂ#’ã#“““#3ƒ3“rÂãÒÂ³c"ãƒcsS“““““sCrÂ#’ã#3C“S3C##‚ÂãÒÂ³c"ã###3““““Ssc3SBÂ#’ã#SCC“““““ƒsS#"ÂãÒÂ³c"ãsS3ƒ“““““CƒcÂ#’ã#3ƒ#ƒ#“bÂãÒÂ³c"ãƒ#“C““““cC#‚Â#’ã#c““sSCRÂãÒÂ³c"ãS3cs““““s3##sbÂ#’ã#SS#CƒBÂãÒÂ³c"ã##“ƒ“““““ƒƒS’Â#’ã#sccc““““s#sS"ÂãÒÂ³c"ã#ƒ“#s333BÂ#’ã#“css““““ƒ“s#bÂãÒÂ³c"ã3####ƒ“bÂ#’ã3C“ƒ““““ƒƒƒc"ÂãÒÂ³c"ãƒc#““““csCƒBÂ#’ã33“““““scS"ÂãÒÂ³c"ãS3c““3C"Â#’ã3ƒCCcBÂãÒÂ³c"ãSƒ““““ƒ3rÂ#’ã#cƒ3s““““c3s3‚ÂãÒÂ³c"ã“3S““““cC3rÂ#’ã#ƒCC““““ƒssÂãÒÂ³c"ã##sSc#CCBÂ#’ã#cƒCCS“bÂãÒÂ³c"ã#3“3#3C3‚Â#’ã#scsC““““ƒ#c“BÂãÒÂ³c"ã##SCC3SSssRÂ#’ã#Ccc““““c3ƒ3BÂãÒÂ³c"ã#S“CC3sbÂ#’ã#3s#3““““ƒ#cbÂãÒÂ³c"ã#ƒ“c““““ccSƒ2Â#’ã#33ƒ#ƒcƒ32ÂãÒÂ³c"ã#3ƒS““““c3“3BÂ#’ã#ƒs#““““cƒ“‚ÂãÒÂ³c"ã#CSS#““““c“ƒbÂ#’ã#3Ccs““““Sƒ#3BÂãÒÂ³c"ã#CS“s““““css#sBÂ#’ã#cCC““““scssCrÂãÕÕ××ÒÂ²'G—R#¢$fVGW&R"Â'&÷W'F–W2#¢²$æÖR#¢%G¢"Â%7–Ö&öÄ”B#¢#2'ÒÂ&vVöÖWG'’#¢²'G—R#¢%öÇ–vöâ"Â&6ö÷&F–æFW2#¢µµ³c"ã#S3ƒs#3‚Â#’ã#ƒƒSƒ“““““#ƒcBÂãÒÂ³c"ã3ƒ3““““ƒcbÂ#’ã#s#“#3SssrÂãÒÂ³c"ã3##S““““ƒC“’Â#’ã#S“3ƒƒc““"ÂãÒÂ³c"ã#“cC#““““cCCƒ2Â#’ã#S##S“““““““rÂãÒÂ³c"ã#S3ƒs#3‚Â#’ã#ƒƒSƒ“““““#ƒcBÂãÕÕ××ÒÂ²'G—R#¢$fVGW&R"Â'&÷W'F–W2#¢²$æÖR#¢%G¢"Â%7–Ö&öÄ”B#¢#2'ÒÂ&vVöÖWG'’#¢²'G—R#¢%öÇ–vöâ"Â&6ö÷&F–æFW2#¢µµ³c"ã3ƒ“S#CƒBÂ#’ã#cSS3C“#2ÂãÒÂ³c"ã3s33#“S#bÂ#’ã#ƒ#s3cc#RÂãÒÂ³c"ã3s33““““““c‚Â#’ã#ƒcscs3“rÂãÒÂ³c"ã3“#ccS“BÂ#’ã#ƒ#S3cC#bÂãÒÂ³c"ã3ƒ“S#CƒBÂ#’ã#cSS3C“#2ÂãÕÕ××ÒÂ²'G—R#¢$fVGW&R"Â'&÷W'F–W2#¢²$æÖR#¢%²"Â%7–Ö&öÄ”B#¢#'ÒÂ&vVöÖWG'’#¢²'G—R#¢%öÇ–vöâ"Â&6ö÷&F–æFW2#¢µµ³c"ãCS“s3S3CBÂ#’ã#S3S3“C“"ÂãÒÂ³c"ã#3C3CƒÂ#’ã#c“cƒ#3ƒbÂãÒÂ³c"ãCSs#S3’Â#’ã3C#SC2ÂãÒÂ³c"ã##“ƒ“““““ƒƒS’Â#’ã#sccc““““s#sS"ÂãÒÂ³c"ãCS“s3S3CBÂ#’ã#S3S3“C“"ÂãÕÕ××ÒÂ²'G—R#¢$fVGW&R"Â'&÷W'F–W2#¢²$æÖR#¢%G¢"Â%7–Ö&öÄ”B#¢#2'ÒÂ&vVöÖWG'’#¢²'G—R#¢%öÇ–vöâ"Â&6ö÷&F–æFW2#¢µµ³c"ãC“3c““““s#SsRÂ#’ã#ƒcs#““““Sƒ“ƒS"ÂãÒÂ³c"ãCc#c#“““““sCS‚Â#’ã#cSc““““cƒRÂãÒÂ³c"ãC3sƒs333bÂ#’ã#ƒSC3“ƒ3RÂãÒÂ³c"ãC“3c““““s#SsRÂ#’ã#ƒcs#““““Sƒ“ƒS"ÂãÕÕ××ÒÂ²'G—R#¢$fVGW&R"Â'&÷W'F–W2#¢²$æÖR#¢$·2"Â%7–Ö&öÄ”B#¢#'ÒÂ&vVöÖWG'’#¢²'G—R#¢%öÇ–vöâ"Â&6ö÷&F–æFW2#¢µµ³cBãcsc““““cƒBÂ#’ã3“s“C3“s2ÂãÒÂ³cBãƒc““#ƒƒ3RÂ#’ãCS“#“33SC‚ÂãÒÂ³cBã#cƒ“““““scSbÂ#’ãCƒ3C““““Ss#ƒCRÂãÒÂ³cBãC#ƒ3c#3’Â#’ãCc““C3“sRÂãÒÂ³cBãC3c#3ƒrÂ#’ãCcƒ3““““Scc3bÂãÒÂ³cBãCcS““““cS“#’Â#’ãCC3CC““““ƒscƒ‚ÂãÒÂ³cBãCccCS3cs#rÂ#’ãC33s3#S32ÂãÒÂ³cBãCscC#cƒBÂ#’ã3“ƒc““““SSƒcbÂãÒÂ³cBãS3“CƒRÂ#’ã3ƒ#““““sƒCsÂãÒÂ³cBãC#3ƒ“““““SƒS3’Â#’ã3c33sC#S#"ÂãÒÂ³cBã3s#ƒ#““Â#’ã3ƒscs3ƒ“2ÂãÒÂ³cBã3Ssƒc3ƒ“BÂ#’ã3cƒ3c33ƒ#‚ÂãÒÂ³cBã3SSƒ3SCSBÂ#’ã3CS““““Sƒcƒ’ÂãÒÂ³cBã3#c#33ƒrÂ#’ã33CCC##S‚ÂãÒÂ³cBã3ƒƒ“s3S"Â#’ã3cC““““s#s‚ÂãÒÂ³cBã3#3Cƒ““““sc3sRÂ#’ã#ƒCsCCsrÂãÒÂ³cBã3Sc“““““bÂ#’ã#s#3S““““sC#BÂãÒÂ³cBã3c#c““““scs2Â#’ã#Ss“c#S3ƒƒ‚ÂãÒÂ³cBã33ƒ“3“““““ƒRÂ#’ã#s3S#““““s“sRÂãÒÂ³cBã3C3SS33#2Â#’ã#3S“C3“3‚ÂãÒÂ³cBã3cSƒc“““““cÂ#’ã##“S““““ƒCƒBÂãÒÂ³cBã3““3““““cSc‚Â#’ã#3#sƒ“c“cbÂãÒÂ³cBã3“ƒ33c3Â#’ã#SS#3““““ƒ#cƒ‚ÂãÒÂ³cBãC#s33CRÂ#’ã#S““““Sƒƒ3SBÂãÒÂ³cBãC3ƒs#CS3RÂ#’ã#ccƒ““““S“3ƒBÂãÒÂ³cBãCsc#C3sSsRÂ#’ã#C3C““““sSssbÂãÒÂ³cBãS““s““““Sss3RÂ#’ã#ƒ“SC#Cc‚ÂãÒÂ³cBãS3“““““ScS3bÂ#’ã#sC#c3BÂãÒÂ³cBãS#C“““““ssS#2Â#’ã#S3“c““““sSscBÂãÒÂ³cBãS#s33“SRÂ#’ã#““““““Ccc2ÂãÒÂ³cBã3ƒ3Sƒ““““SsƒƒrÂ#’ã“c###“ƒRÂãÒÂ³cBã3sS3#“““““s“SbÂ#’ãƒSs3C3“#rÂãÒÂ³cBã3ƒCƒs““““s##rÂ#’ãcs##““““ƒcCcsBÂãÒÂ³cBãC3sccƒ“bÂ#’ãs3“““““s#sRÂãÒÂ³cBãSCScCRÂ#’ãCƒ“““““s3S#c‚ÂãÒÂ³cBãC3#C#“““““CCS’Â#’ã3cSsC“’ÂãÒÂ³cBãC3s3““““c3RÂ#’ãS#3c33ƒ"ÂãÒÂ³cBãCC““““ccƒÂ#’ãC#S“3#ƒ3"ÂãÒÂ³cBã33s““““cƒƒ2Â#’ãSC3“3“ƒ##2ÂãÒÂ³cBã3CC“cƒCRÂ#’ãc3ƒ““““ƒ“ƒcRÂãÒÂ³cBã#3sCƒ““““ƒc3crÂ#’ãSSs““““cs3c"ÂãÒÂ³cBã#Sc#3c#‚Â#’ã#3“““““cs2ÂãÒÂ³cBãsCcC““““s“ssÂ#’ã#s3#““““ƒs“c3RÂãÒÂ³c2ã“#ƒs“3Sƒ#sbÂ#’ãcC#ƒSƒ2ÂãÒÂ³c2ã“Cƒ3““““cc#“BÂ#’ã#Sc“““““ƒSS2ÂãÒÂ³c2ã“S#“““““c“S#cBÂ#’ã#Ssc““““ƒƒSc"ÂãÒÂ³c2ãƒs“Sƒ““““SsƒƒSRÂ#’ãsƒ““““ƒ3c‚ÂãÒÂ³c2ãƒƒSs““““ƒsƒ"Â#’ãScC‚ÂãÒÂ³c2ãƒc3ƒ““““““ƒSRÂ#’ã“““C““““ƒ“#cS‚ÂãÒÂ³c2ãƒSSccCƒsbÂ#’ã“ƒ““““““3‚ÂãÒÂ³c2ãss“c#3“ƒ“bÂ#’ã“ƒs““““ƒ#ƒsrÂãÒÂ³c2ãs3##3#C3rÂ#’ãsCS“““““s“ƒRÂãÒÂ³c2ãsC#ƒ##BÂ#’ã“ƒSc“S2ÂãÒÂ³c2ãsscc“C3SbÂ#’ã“cSC3c#BÂãÒÂ³c2ãss#s#CS3RÂ#’ãscs3““““sS##bÂãÒÂ³c2ãsSssƒ“““““ƒcRÂ#’ãc3S33“2ÂãÒÂ³c2ãsS3““““s“c#BÂ#’ãcƒ3““““sc#SbÂãÒÂ³c2ãcƒƒƒ“““““cƒSƒbÂ#’ãscs33#sbÂãÒÂ³c2ãc“#cƒ““““sC3s"Â#’ã“#s##s“BÂãÒÂ³c2ãcsƒ“““““cƒS3Â#’ã3CC3SƒBÂãÒÂ³c2ãSƒcƒƒ““““Ss3ƒƒBÂ#’ã“##3SBÂãÒÂ³c2ãCƒ“SS3#CRÂ#’ã#S#s#3s‚ÂãÒÂ³c2ãCƒs#“““““3CS‚Â#’ãS###““““sCs’ÂãÒÂ³c2ãCc“#s““““ss##SRÂ#’ãSS##CƒrÂãÒÂ³c2ã3CS““““cc“#‚Â#’ã#3c#3ƒrÂãÒÂ³c2ã3#S“##ƒCbÂ#’ãCƒC#S“ƒrÂãÒÂ³c2ã#3CSS““““ƒCC‚Â#’ãcs##““““ƒcCcsBÂãÒÂ³c2ã##C““““ƒcccBÂ#’ã##3ƒ3C3bÂãÒÂ³c2ã#Sƒs3““““sS#BÂ#’ã#S“““ƒ‚ÂãÒÂ³c2ã#S#c“““““3"Â#’ã#ƒs3S““““ƒcC‚ÂãÒÂ³c2ã#sƒ3SCCCRÂ#’ã#“cSs““““ccs2ÂãÒÂ³c2ãƒ#SC““““ƒƒ#crÂ#’ã3#ƒC#S“ƒsbÂãÒÂ³c2ãC3CC3SSs‚Â#’ã33“s““““ƒssRÂãÒÂ³c2ãcC3#““““c#“ƒBÂ#’ãCS3sCs’ÂãÒÂ³c2ã“ƒ##3S#sbÂ#’ã3“C“#““““ƒ“c‚ÂãÒÂ³c2ã#CCcs##3rÂ#’ãCc3SS#C"ÂãÒÂ³c2ã3s“ƒ“““““3ƒc"Â#’ãCC#3“#‚ÂãÒÂ³c2ã3SCsCSCrÂ#’ãC3“ƒS““““s3“#rÂãÒÂ³c2ã3ƒƒ3ƒ33cs‚Â#’ãCCs3#ƒ“3rÂãÒÂ³c2ãCC“3ƒ32Â#’ãCƒ#3C““““SS#ƒcbÂãÒÂ³c2ãCcCƒ““““SƒƒbÂ#’ãCcƒS#s3rÂãÒÂ³c2ãS3sƒC"Â#’ãCs3C““““ss#sbÂãÒÂ³c2ãScs3ccCÂ#’ãC3S#3““““ƒ#c“BÂãÒÂ³c2ãS“““““ƒs"Â#’ãCƒ3#C““““cƒsƒBÂãÒÂ³c2ãcCSSƒ#RÂ#’ãCƒ“S““““SSC3c2ÂãÒÂ³c2ãcƒ##S3BÂ#’ãCSScs“““““3#ÂãÒÂ³c2ãc#“###“sbÂ#’ãCSƒSsSCS2ÂãÒÂ³c2ãcscSCsRÂ#’ãCƒ3“#““““Sc“ƒS"ÂãÒÂ³c2ãƒ3SsC““““Sc#ƒ’Â#’ãCCcS#““““sS“s"ÂãÒÂ³c2ãƒCcs#““““Sƒ“ƒSBÂ#’ãC#ƒs#“““““ƒ“SrÂãÒÂ³c2ã“s3ƒ“““““3c2Â#’ãC#s#“““““C“cBÂãÒÂ³c2ã“S“3C“CbÂ#’ãC#c““““ssƒ"ÂãÒÂ³c2ã“ƒ“ƒS“““““3“ƒRÂ#’ãC#c3CƒsrÂãÒÂ³c2ã“cCcƒCÂ#’ã3ss3S3#32ÂãÒÂ³cBãs““33ƒ#rÂ#’ã3cs333“3"ÂãÒÂ³cBãc33““““S“3’Â#’ã3s#C3CCSrÂãÒÂ³cBãcsc““““cƒBÂ#’ã3“s“C3“s2ÂãÕÒÂµ³cBã##sS##C"Â#’ã3ccƒ““““ƒC3csRÂãÒÂ³cBãc#c“““““cbÂ#’ã33cC““““c“ssSRÂãÒÂ³cBã“s“cSBÂ#’ã3#ccƒ““““cC3ƒBÂãÒÂ³cBã“sc““““cc33"Â#’ã3SS#s““““cs##’ÂãÒÂ³cBãƒ3C“““““sbÂ#’ã33“c3““““cƒc3"ÂãÒÂ³cBãC#3ƒssbÂ#’ã33scC33rÂãÒÂ³cBãCƒ““““““3SÂ#’ã3#sCCsrÂãÒÂ³cBãcC““““Ss#ƒ‚Â#’ã#s#C##Sƒs2ÂãÒÂ³cBã“ƒcsC##Â#’ã#“““““ƒscc"ÂãÒÂ³cBãS#33#“SÂ#’ã#“Cc““““cCƒÂãÒÂ³cBãss#s3Â#’ã#s3““““ccƒcbÂãÒÂ³cBã##ƒs““““cccƒ"Â#’ã#ƒ#3cC3sCbÂãÒÂ³cBã#3##““““ƒcCcBÂ#’ã#3ƒsS##CbÂãÒÂ³cBã#“#Ss#S3’Â#’ã#SCƒ““““ƒS3cCrÂãÒÂ³cBã#“ssƒSCÂ#’ã3#ƒ3CCRÂãÒÂ³cBã#C#Ss““““ƒcs2Â#’ã#“cC#3ƒ#sBÂãÒÂ³cBã#c3#s“ƒ’Â#’ã33S““““sƒcsBÂãÒÂ³cBã#S3##ƒsƒ"Â#’ã3Scs##3bÂãÒÂ³cBã3“C#““““s“CrÂ#’ã3CsSs““““ƒsƒRÂãÒÂ³cBã3#sCC#SSƒ‚Â#’ã3ƒscc“"ÂãÒÂ³cBã#“S#C““““cƒssrÂ#’ã3“#Cc#ƒ“RÂãÒÂ³cBãƒ3c““““ƒsScrÂ#’ã3##S“““““ƒ“CBÂãÒÂ³cBã##sS##C"Â#’ã3ccƒ““““ƒC3csRÂãÕÒÂµ³c2ãcS3c#““““ƒ#CcbÂ#’ãCS3s““““cƒs#ƒBÂãÒÂ³c2ãc#S3“““““BÂ#’ãCCƒc3“““““3c"ÂãÒÂ³c2ãSƒƒSƒcc“2Â#’ãCCC#C#sSƒBÂãÒÂ³c2ãcSƒ3““““ƒcsBÂ#’ã3“C3““““cc3rÂãÒÂ³c2ãcSss“ƒC’Â#’ã3s“ƒ““““sƒs’ÂãÒÂ³c2ãc##S“““““c“#“BÂ#’ã3ƒsC“‚ÂãÒÂ³c2ãc3ssC““““Sc#ƒbÂ#’ã3cƒ#““““S““ƒ2ÂãÒÂ³c2ãsCsccCƒRÂ#’ã33ƒs““““c“##“rÂãÒÂ³c2ãcƒ“scC#3sCbÂ#’ã3ƒSƒ3““““sc#c‚ÂãÒÂ³c2ãs#“““““cCBÂ#’ãCcc““““sSscRÂãÒÂ³c2ãsscsS““““csC3Â#’ãCc3s3sS#bÂãÒÂ³c2ãscƒsC“““““#cBÂ#’ãC3“3c“CƒRÂãÒÂ³c2ãs3sc““““cƒSƒÂ#’ãC#Cc““““sSs3‚ÂãÒÂ³c2ãcƒc3c3“RÂ#’ãCC3c““““ƒsScSrÂãÒÂ³c2ãcs““S“““““SCcRÂ#’ãC3CsCS“S2ÂãÒÂ³c2ãs333C2Â#’ãCSSsSSC"ÂãÒÂ³c2ãc“3C““2Â#’ãCcƒS#sS3"ÂãÒÂ³c2ãcS3c#““““ƒ#CcbÂ#’ãCS3s““““cƒs#ƒBÂãÕÒÂµ³c2ãƒ#SCS3s#’Â#’ã3s“““““s3#3"ÂãÒÂ³c2ãƒƒc3CRÂ#’ã3ƒc#““““ƒ#Ccc‚ÂãÒÂ³c2ãƒCs3s““““ƒƒsRÂ#’ã3““3S“““““cCsbÂãÒÂ³c2ãƒc#ƒ3#ƒbÂ#’ã3ƒSSc#“3ƒ"ÂãÒÂ³c2ãƒ#SCS3s#’Â#’ã3s“““““s3#3"ÂãÕÒÂµ³c2ãƒS#“ƒ3CsbÂ#’ã3S#C“““““ƒsSCBÂãÒÂ³c2ãƒ#cs3““““SSC"Â#’ã3SC#C#sSƒcRÂãÒÂ³c2ãƒcc3#sC3rÂ#’ã333CS#s3“rÂãÒÂ³c2ãƒC“ƒ““““““3’Â#’ã33ƒSC##ƒbÂãÒÂ³c2ãƒSc“CƒÂ#’ã3ƒƒ#"ÂãÒÂ³c2ãƒƒ#S3““““ƒ#‚Â#’ã3ƒc““““ƒ3srÂãÒÂ³c2ãƒƒc3s““““s3s#CBÂ#’ã#“s“c“““““ScÂãÒÂ³c2ãƒcS3“3Cƒ#rÂ#’ã#“Cs###sƒrÂãÒÂ³c2ãƒ3c““““““cS3CRÂ#’ã#c3“““““s#RÂãÒÂ³c2ãƒsƒCS““““c#“3BÂ#’ã#ScsCCS“RÂãÒÂ³c2ãƒ#c“s““““ƒ#s’Â#’ã#3ƒS“#ƒS#2ÂãÒÂ³c2ãsc““““scsbÂ#’ã#CC“3““““cƒ#cBÂãÒÂ³c2ãcc###““““ƒCsÂ#’ã#3““““““cSc‚ÂãÒÂ³c2ãc3c““““sscbÂ#’ã““S“““““sC#S‚ÂãÒÂ³c2ãssSSC3##2Â#’ã###CscrÂãÒÂ³c2ãƒ#sC#““““ƒ“CcbÂ#’ã#ƒ“cC3sBÂãÒÂ³c2ã“““““““c"Â#’ã##ƒƒSBÂãÒÂ³c2ã“s#3““ƒCrÂ#’ã#3c3““““ccƒ#“rÂãÒÂ³cBã3C“““““s“cs"Â#’ã#cC3S“scbÂãÒÂ³cBã“3C3C‚Â#’ã#sSS““““c“C#bÂãÒÂ³c2ã“cƒs3cc#ƒbÂ#’ã#SCs##s“sRÂãÒÂ³cBãS#CS2Â#’ã#ƒ#CScsS2ÂãÒÂ³cBã3“3CbÂ#’ã#sssƒBÂãÒÂ³cBã#sCSCs#"Â#’ã3c#3“““““scrÂãÒÂ³c2ã“#SƒcCrÂ#’ã#ƒc#““““s““c“‚ÂãÒÂ³c2ãƒS#“ƒ3CsbÂ#’ã3S#C“““““ƒsSCBÂãÕÒÂµ³cBãS3cc“““““sSrÂ#’ã“cƒc““““sSs2ÂãÒÂ³cBãc#““““““CSrÂ#’ã#“3#s“BÂãÒÂ³cBãC“c““““ƒrÂ#’ã#ƒc33ƒs’ÂãÒÂ³cBãƒSS““““cCC3Â#’ã“ƒ““““s#3#rÂãÒÂ³cBãS3cc“““““sSrÂ#’ã“cƒc““““sSs2ÂãÕÒÂµ³c2ãS#“3“““““c3RÂ#’ã33S““““sƒcsBÂãÒÂ³c2ãCSc““““s3srÂ#’ã3ƒs#sSrÂãÒÂ³c2ãCs#3cCbÂ#’ãCƒc“3C332ÂãÒÂ³c2ãCƒc3ƒ3sRÂ#’ãC33““““““3‚ÂãÒÂ³c2ãC“3“C“bÂ#’ã3““#““““ƒ3##"ÂãÒÂ³c2ãC#3s““““ƒSsSRÂ#’ã3c“SS““““ƒ“C3bÂãÒÂ³c2ã3ƒS“##sƒsRÂ#’ã3“ƒs#““““cƒ“ƒbÂãÒÂ³c2ã3“c33““““S“3bÂ#’ã3s3cc3“‚ÂãÒÂ³c2ã3sSSƒsrÂ#’ã3s3ƒƒ“““““#3c"ÂãÒÂ³c2ã3cc“3C“#CRÂ#’ã3C“3#C“3sBÂãÒÂ³c2ã3“CS#“s“2Â#’ã3C3CS““““Ss“3S"ÂãÒÂ³c2ãCC3s““““ƒ3s#BÂ#’ã3#c3““““ccƒ32ÂãÒÂ³c2ãSCsƒc3ƒ“BÂ#’ã3ƒƒC““““ƒ#scSrÂãÒÂ³c2ãS#sC#““““S“CƒbÂ#’ã#c#cc““““ƒ#cs2ÂãÒÂ³c2ãCƒ3#3CBÂ#’ã##ƒ“ƒ““““sƒƒs#2ÂãÒÂ³c2ãCcs3ƒ“RÂ#’ã#3Sƒ““““c3ƒs"ÂãÒÂ³c2ã3ss3#““““ss“sBÂ#’ã##“S#C#3bÂãÒÂ³c2ã3ss3ƒ““““ƒCƒcsBÂ#’ã#s#3sssC‚ÂãÒÂ³c2ãCCC“““““cSƒ3BÂ#’ã“s#3cCCBÂãÒÂ³c2ãS#C“s“““““#sÂ#’ãCC3ƒC3ƒrÂãÒÂ³c2ãSƒcƒ““““cC3ƒ"Â#’ãs3c3#CSbÂãÒÂ³c2ãcs3#““““cs“s’Â#’ãsCs“““““#ƒ2ÂãÒÂ³c2ãcƒcƒ3ƒ’Â#’ãC“ƒ““““c3ƒƒ3‚ÂãÒÂ³c2ãc“C#ƒ““““sƒ3s3BÂ#’ãcc“““““ƒSs‚ÂãÒÂ³c2ãƒSSƒ3““““sc#“RÂ#’ã3S“““““ƒCccbÂãÒÂ³c2ã“s“cs“““““3#Â#’ã3c33#C3"ÂãÒÂ³cBã#cC““““cƒ32Â#’ãS3ƒc““““ƒc’ÂãÒÂ³c2ã“cs“3Cc3Â#’ãs“#3s#sbÂãÒÂ³c2ã“ƒC3““““““c’Â#’ãc““““sscc“BÂãÒÂ³c2ã“scc#““““SsCƒrÂ#’ãCƒS“#ƒSRÂãÒÂ³c2ãƒCC3Cc#rÂ#’ãCCS#““““ƒS“cƒRÂãÒÂ³c2ãƒ3Sƒc3ƒ“RÂ#’ãCccC““““S“sƒSRÂãÒÂ³c2ãƒssƒ“““““ƒƒS2Â#’ãc#C#ƒ#“"ÂãÒÂ³c2ãƒcs“C““““c“#srÂ#’ãs##“#ƒ33BÂãÒÂ³c2ãƒƒSs““““ƒsƒ"Â#’ãs#“s““““s#s#bÂãÒÂ³c2ãƒCc3““ƒC“RÂ#’ã““S“““““SCcRÂãÒÂ³c2ãƒ33#““““c#“ƒBÂ#’ã“3s3sS#S2ÂãÒÂ³c2ãƒ##ƒ##ƒƒRÂ#’ãcƒ“s““““c#s3ÂãÒÂ³c2ãsss““““scs’Â#’ãƒ3cƒ““““ƒ“3cbÂãÒÂ³c2ãcƒƒ“ƒC#csBÂ#’ãsc““““cCSs“2ÂãÒÂ³c2ãcƒ#“S3CBÂ#’ãSƒƒ3CCCBÂãÒÂ³c2ãcSc“““““scS’Â#’ãcSƒ3““““cc3crÂãÒÂ³c2ãcc#3#s’Â#’ãƒC“ƒ““““Sƒƒƒ‚ÂãÒÂ³c2ãc#s““““ƒs"Â#’ã##s332ÂãÒÂ³c2ãc#CCCCSsCbÂ#’ã#3csƒ“c“bÂãÒÂ³c2ãccƒ““““s“3#BÂ#’ã#3sƒ3SbÂãÒÂ³c2ãs#cCC““““ƒcscrÂ#’ã33“““““ƒ"ÂãÒÂ³c2ãs#SS““““c“3bÂ#’ã3sCC““““ƒssÂãÒÂ³c2ãS“sS3““““cs3Â#’ã3c““#3sƒC2ÂãÒÂ³c2ãS“ƒƒ#““Â#’ã3ƒƒCCCSrÂãÒÂ³c2ãSs#bÂ#’ã3sƒcCC3Ss#2ÂãÒÂ³c2ãSc“CsCCRÂ#’ã3C3CC“sbÂãÒÂ³c2ãS#“3“““““c3RÂ#’ã33S““““sƒcsBÂãÕÒÂµ³cBãc3“C““““ƒ“#c"Â#’ãƒss33“C“BÂãÒÂ³cBãSƒ““““cƒƒRÂ#’ã“ƒS#sCƒc"ÂãÒÂ³cBãCscC3“sRÂ#’ãƒ3CSÂãÒÂ³cBãC“““““““CcbÂ#’ãsƒC3CCC2ÂãÒÂ³cBãc3“C““““ƒ“#c"Â#’ãƒss33“C“BÂãÕÒÂµ³c2ãC#C#ƒrÂ#’ã#sSsƒCsrÂãÒÂ³c2ã33C“c3CSbÂ#’ã#sc3“#“ƒ3bÂãÒÂ³c2ã3CSc““““ƒSs"Â#’ã#S3SS#C“"ÂãÒÂ³c2ã3“““C3ƒ#2Â#’ã#3ƒ“3“““““ƒƒRÂãÒÂ³c2ãCC#ƒ“““““C3‚Â#’ã#SSs3SCƒrÂãÒÂ³c2ãC#C#ƒrÂ#’ã#sSsƒCsrÂãÕÕ××ÒÂ²'G—R#¢$fVGW&R"Â'&÷W'F–W2#¢²$æÖR#¢%FÖò"Â%7–Ö&öÄ”B#¢#’'ÒÂ&vVöÖWG'’#¢²'G—R#¢%öÇ–vöâ"Â&6ö÷&F–æFW2#¢µµ³cBã#sƒƒC““““s#ssRÂ#’ã#SCƒc““““ƒScSRÂãÒÂ³cBã#c#c3“ƒsrÂ#’ã#“s““““ƒ#ccbÂãÒÂ³cBã#“ssƒSCÂ#’ã3#ƒ3CCRÂãÒÂ³cBã#“ƒSƒ“““““#ƒbÂ#’ã#S“ƒ3C3‚ÂãÒÂ³cBã#sƒƒC““““s#ssRÂ#’ã#SCƒc““““ƒScSRÂãÕÕ××ÒÂ²'G—R#¢$fVGW&R"Â'&÷W'F–W2#¢²$æÖR#¢%FÖò"Â%7–Ö&öÄ”B#¢#’'ÒÂ&vVöÖWG'’#¢²'G—R#¢%öÇ–vöâ"Â&6ö÷&F–æFW2#¢µµ³c2ãƒ3sS““““csC#ƒRÂ#’ã##C“S“c‚ÂãÒÂ³c2ãƒ3“c333s‚Â#’ã#3“““““ƒƒBÂãÒÂ³c2ãƒ#c“s““““ƒ#s’Â#’ã#3ƒS“#ƒS#2ÂãÒÂ³c2ãƒsƒCS““““c#“3BÂ#’ã#ScsCCS“RÂãÒÂ³c2ãƒ3c““““““cS3CRÂ#’ã#c3“““““s#RÂãÒÂ³c2ãƒcS3“3Cƒ#rÂ#’ã#“Cs###sƒrÂãÒÂ³c2ãƒƒc3s““““s3s#CBÂ#’ã#“s“c“““““ScÂãÒÂ³c2ãƒC“ƒ““““““3’Â#’ã33ƒSC##ƒbÂãÒÂ³c2ãƒcc3#sC3rÂ#’ã333CS#s3“rÂãÒÂ³c2ãƒ#cs3““““SSC"Â#’ã3SC#C#sSƒcRÂãÒÂ³c2ãƒsRÂ#’ã33ƒ3c““““SsSƒ’ÂãÒÂ³c2ã“#SƒcCrÂ#’ã#ƒc#““““s““c“‚ÂãÒÂ³cBã#sCSCs#"Â#’ã3c#3“““““scrÂãÒÂ³cBã3“3CbÂ#’ã#sssƒBÂãÒÂ³cBãS#CS2Â#’ã#ƒ#CScsS2ÂãÒÂ³c2ã“cƒs3cc#ƒbÂ#’ã#SCs##s“sRÂãÒÂ³cBã“3C3C‚Â#’ã#sSS““““c“C#bÂãÒÂ³cBã3C“““““s“cs"Â#’ã#cC3S“scbÂãÒÂ³c2ã“s#3““ƒCrÂ#’ã#3c3““““ccƒ#“rÂãÒÂ³c2ã“““““““c"Â#’ã##ƒƒSBÂãÒÂ³c2ãƒ3sS““““csC#ƒRÂ#’ã##C“S“c‚ÂãÕÕ××ÒÂ²'G—R#¢$fVGW&R"Â'&÷W'F–W2#¢²$æÖR#¢%FÖò"Â%7–Ö&öÄ”B#¢#’'ÒÂ&vVöÖWG'’#¢²'G—R#¢%öÇ–vöâ"Â&6ö÷&F–æFW2#¢µµ³cBãƒCsC“’Â#’ã3ƒƒC““““ƒ#scSrÂãÒÂ³cBãcSS““““cCƒ2Â#’ã#“SS“““““CC“BÂãÒÂ³cBãSss““““s“s#Â#’ã3sS“sƒC3bÂãÒÂ³cBãc3“S““““cSC3BÂ#’ã3C“““““s#S#C2ÂãÒÂ³cBãƒCsC“’Â#’ã3ƒƒC““““ƒ#scSrÂãÕÕ××ÒÂ²'G—R#¢$fVGW&R"Â'&÷W'F–W2#¢²$æÖR#¢%"Â%7–Ö&öÄ”B#¢#'ÒÂ&vVöÖWG'’#¢²'G—R#¢%öÇ–vöâ"Â&6ö÷&F–æFW2#¢µµ³cBã“s333C3Â#’ã333#““““s3CssrÂãÒÂ³cBãc#c“““““cbÂ#’ã33cC““““c“ssSRÂãÒÂ³cBã#3S3#“3rÂ#’ã#“Sc““““sSSs#2ÂãÒÂ³cBãcS3#“Cƒ2Â#’ã#s#““““sCsSrÂãÒÂ³cBãCƒ““““““3SÂ#’ã3#sCCsrÂãÒÂ³cBãC#3ƒssbÂ#’ã33scC33rÂãÒÂ³cBãƒ3C“““““sbÂ#’ã33“c3““““cƒc3"ÂãÒÂ³cBãƒ““S#“#32Â#’ã3SCƒ““““SƒƒCbÂãÒÂ³cBãc#“““““sCSbÂ#’ã3S33ƒƒc“rÂãÒÂ³cBã“s333C3Â#’ã333#““““s3CssrÂãÕÒÂµ³cBãƒC“C“““““C#S‚Â#’ã33Cƒ“““““c3SsBÂãÒÂ³cBãSss““““s“s#Â#’ã3sS“sƒC3bÂãÒÂ³cBãcSS““““cCƒ2Â#’ã#“SS“““““CC“BÂãÒÂ³cBãƒC“C“““““C#S‚Â#’ã33Cƒ“““““c3SsBÂãÕÕ××ÒÂ²'G—R#¢$fVGW&R"Â'&÷W'F–W2#¢²$æÖR#¢%Fæ2"Â%7–Ö&öÄ”B#¢#3R'ÒÂ&vVöÖWG'’#¢²'G—R#¢%öÇ–vöâ"Â&6ö÷&F–æFW2#¢µµ³cBã#c#“““““ƒS‚Â#’ã#“#ƒs“““““#CRÂãÒÂ³cBã#sƒƒC““““s#ssRÂ#’ã#SCƒc““““ƒScSRÂãÒÂ³cBã#3##““““ƒcCcBÂ#’ã#3ƒsS##CbÂãÒÂ³cBã##ƒs““““cccƒ"Â#’ã#ƒ#3cC3sCbÂãÒÂ³cBãc“#s““rÂ#’ã#s#C“““““##S’ÂãÒÂ³cBãS#33#“SÂ#’ã#“Cc““““cCƒÂãÒÂ³cBã#C#S3sCrÂ#’ã#“s#3sss‚ÂãÒÂ³cBã#C“s““““c#s32Â#’ã3Cƒƒ#crÂãÒÂ³cBãƒ3c““““ƒsScrÂ#’ã3##S“““““ƒ“CBÂãÒÂ³cBã#“S#C““““cƒssrÂ#’ã3“#Cc#ƒ“RÂãÒÂ³cBã3#sCC#SSƒ‚Â#’ã3ƒscc“"ÂãÒÂ³cBã3“C#““““s“CrÂ#’ã3CsSs““““ƒsƒRÂãÒÂ³cBã#S3##ƒsƒ"Â#’ã3Scs##3bÂãÒÂ³cBã#c3#s“ƒ’Â#’ã33S““““sƒcsBÂãÒÂ³cBã#C#Ss““““ƒcs2Â#’ã#“cC#3ƒ#sBÂãÒÂ³cBã#c#“““““ƒS‚Â#’ã#“#ƒs“““““#CRÂãÕÕ××ÒÂ²'G—R#¢$fVGW&R"Â'&÷W'F–W2#¢²$æÖR#¢%FÖò"Â%7–Ö&öÄ”B#¢#’'ÒÂ&vVöÖWG'’#¢²'G—R#¢%öÇ–vöâ"Â&6ö÷&F–æFW2#¢µµ³cBãƒ“s““““sC##BÂ#’ã3ccƒC“““““#sS‚ÂãÒÂ³cBãSƒƒƒ“rÂ#’ã3c3#S#ƒs33rÂãÒÂ³cBãSs“S3“##‚Â#’ã3c3#““““ƒ3#"ÂãÒÂ³cBãcƒ##““““cCƒbÂ#’ã3sCs3Cs2ÂãÒÂ³cBãƒ“s““““sC##BÂ#’ã3ccƒC“““““#sS‚ÂãÕÕ××ÒÂ²'G—R#¢$fVGW&R"Â'&÷W'F–W2#¢²$æÖR#¢%FÖò"Â%7–Ö&öÄ”B#¢#’'ÒÂ&vVöÖWG'’#¢²'G—R#¢%öÇ–vöâ"Â&6ö÷&F–æFW2#¢µµ³c2ã““s““““Sccƒ’Â#’ã3ccs““““cs3rÂãÒÂ³c2ã“sc““““S“SƒrÂ#’ã3ss33“CRÂãÒÂ³c2ã“c3“““““ƒƒ‚Â#’ã3ƒ#S#3“ss32ÂãÒÂ³c2ã“s“ƒ#““““cSCƒBÂ#’ã3ƒ#S#“““““S“SbÂãÒÂ³c2ã““s““““Sccƒ’Â#’ã3ccs““““cs3rÂãÕÕ××ÒÂ²'G—R#¢$fVGW&R"Â'&÷W'F–W2#¢²$æÖR#¢%FÖò"Â%7–Ö&öÄ”B#¢#’'ÒÂ&vVöÖWG'’#¢²'G—R#¢%öÇ–vöâ"Â&6ö÷&F–æFW2#¢µµ³c2ãƒ#SCS3s#’Â#’ã3s“““““s3#3"ÂãÒÂ³c2ãƒc#ƒ3#ƒbÂ#’ã3ƒSSc#“3ƒ"ÂãÒÂ³c2ãƒ#cs“““““c#33BÂ#’ã3“ƒSS“““““CC“‚ÂãÒÂ³c2ãƒSƒc““““sSscBÂ#’ã3“sƒC““““SssƒƒbÂãÒÂ³c2ãƒƒc3CRÂ#’ã3ƒc#““““ƒ#Ccc‚ÂãÒÂ³c2ãƒ#SCS3s#’Â#’ã3s“““““s3#3"ÂãÕÕ××ÒÂ²'G—R#¢$fVGW&R"Â'&÷W'F–W2#¢²$æÖR#¢%FÖò"Â%7–Ö&öÄ”B#¢#’'ÒÂ&vVöÖWG'’#¢²'G—R#¢%öÇ–vöâ"Â&6ö÷&F–æFW2#¢µµ³c2ãSƒƒSƒcc“2Â#’ãCCC#C#sSƒBÂãÒÂ³c2ãc#S3“““““BÂ#’ãCCƒc3“““““3c"ÂãÒÂ³c2ãcCsc3““““cƒc3RÂ#’ãC3CC““““sƒ3ƒ‚ÂãÒÂ³c2ãccS““““ƒƒcc"Â#’ãC3s3““““c3#‚ÂãÒÂ³c2ãs333C2Â#’ãCSSsSSC"ÂãÒÂ³c2ãcƒ33s“BÂ#’ãCCcS“sC#"ÂãÒÂ³c2ãs3sc““““cƒSƒÂ#’ãC#Cc““““sSs3‚ÂãÒÂ³c2ãscƒsC“““““#cBÂ#’ãC3“3c“CƒRÂãÒÂ³c2ãsscsS““““csC3Â#’ãCc3s3sS#bÂãÒÂ³c2ãs#“““““cCBÂ#’ãCcc““““sSscRÂãÒÂ³c2ãcƒ“scC#3sCbÂ#’ã3ƒSƒ3““““sc#c‚ÂãÒÂ³c2ãsCs3ƒƒc“’Â#’ã33ƒ33““““““3RÂãÒÂ³c2ãcƒSs#SCƒ‚Â#’ã3Cc3“““““cS2ÂãÒÂ³c2ãc##S“““““c“#“BÂ#’ã3ƒsC“‚ÂãÒÂ³c2ãcSss“ƒC’Â#’ã3s“ƒ““““sƒs’ÂãÒÂ³c2ãcSƒ3““““ƒcsBÂ#’ã3“C3““““cc3rÂãÒÂ³c2ãSƒƒSƒcc“2Â#’ãCCC#C#sSƒBÂãÕÕ××ÒÂ²'G—R#¢$fVGW&R"Â'&÷W'F–W2#¢²$æÖR#¢%FÖò"Â%7–Ö&öÄ”B#¢#’'ÒÂ&vVöÖWG'’#¢²'G—R#¢%öÇ–vöâ"Â&6ö÷&F–æFW2#¢µµ³c2ã33C“c3CSbÂ#’ã#sc3“#“ƒ3bÂãÒÂ³c2ãC#C#ƒrÂ#’ã#sSsƒCsrÂãÒÂ³c2ãCC#ƒ“““““C3‚Â#’ã#SSs3SCƒrÂãÒÂ³c2ã3“““C3ƒ#2Â#’ã#3ƒ“3“““““ƒƒRÂãÒÂ³c2ã3CSc““““ƒSs"Â#’ã#S3SS#C“"ÂãÒÂ³c2ã33C“c3CSbÂ#’ã#sc3“#“ƒ3bÂãÕÕ××ÒÂ²'G—R#¢$fVGW&R"Â'&÷W'F–W2#¢²$æÖR#¢$·2"Â%7–Ö&öÄ”B#¢#'ÒÂ&vVöÖWG'’#¢²'G—R#¢%öÇ–vöâ"Â&6ö÷&F–æFW2#¢µµ³c2ã#ƒ3ƒ3c“2Â#’ã#c“C“““““SsSƒ‚ÂãÒÂ³c2ã#c3s““““c3s3"Â#’ã#CSSC3ss“RÂãÒÂ³c2ãCCCsbÂ#’ã#3Sƒ#ccƒSRÂãÒÂ³c2ãsc“#““““s“s’Â#’ã#3s3““““S“c33BÂãÒÂ³c2ãƒ#ƒs#S3sRÂ#’ã#S“s33“C“rÂãÒÂ³c2ãs#33ƒC#rÂ#’ã#sCcS““““cS“3"ÂãÒÂ³c2ã#“cSCCs"Â#’ã#cƒ##3S#ƒ"ÂãÒÂ³c2ã#“ƒC3#Â#’ã#3S“c““““sSs“"ÂãÒÂ³c2ãƒc#c“ƒ“rÂ#’ã#“c3#CSbÂãÒÂ³c2ãSC3““““ƒScrÂ#’ã##“““““sSƒ#C"ÂãÒÂ³c2ãSSS#SbÂ#’ã#3““c““““ƒScƒRÂãÒÂ³c2ãCs#s““““Ss#3rÂ#’ã#Ssc#33ƒS2ÂãÒÂ³c"ã“3scc“““““sS‚Â#’ã#“S3““““ƒrÂãÒÂ³c2ã#ƒC“““““#c"Â#’ã333ƒ““““cCƒs’ÂãÒÂ³c2ãssSC““““s3#sRÂ#’ã3“Cƒ’ÂãÒÂ³c2ã#ƒ3ƒ3c“2Â#’ã#c“C“““““SsSƒ‚ÂãÕÕ××ÒÂ²'G—R#¢$fVGW&R"Â'&÷W'F–W2#¢²$æÖR#¢$·2"Â%7–Ö&öÄ”B#¢#'ÒÂ&vVöÖWG'’#¢²'G—R#¢%öÇ–vöâ"Â&6ö÷&F–æFW2#¢µµ³c"ã“cƒcƒƒ“ƒRÂ#’ã3#cC3#CC3ƒbÂãÒÂ³c"ã“SSƒs#3‚Â#’ã33SCc““““ƒCcSRÂãÒÂ³c"ã““#SSƒ#CsBÂ#’ã3sC##“3#‚ÂãÒÂ³c2ã3“CSsSRÂ#’ã3ƒcƒ33ƒ"ÂãÒÂ³c"ã“cƒcƒƒ“ƒRÂ#’ã3#cC3#CC3ƒbÂãÕÕ××ÒÂ²'G—R#¢$fVGW&R"Â'&÷W'F–W2#¢²$æÖR#¢$·2"Â%7–Ö&öÄ”B#¢#'ÒÂ&vVöÖWG'’#¢²'G—R#¢%öÇ–vöâ"Â&6ö÷&F–æFW2#¢µµ³c2ãSsƒ“““““ƒSƒbÂ#’ã3ccƒC“““““#sS‚ÂãÒÂ³c2ãSƒ“s“““““Ss‚Â#’ã3S“33#s“32ÂãÒÂ³c2ãSƒƒ#S““““s““#"Â#’ã3SSƒƒ3cscRÂãÒÂ³c2ãSsS##2Â#’ã3Scƒ“s33“BÂãÒÂ³c2ãSsƒ“““““ƒSƒbÂ#’ã3ccƒC“““““#sS‚ÂãÕÕ××ÒÂ²'G—R#¢$fVGW&R"Â'&÷W'F–W2#¢²$æÖR#¢%G¢"Â%7–Ö&öÄ”B#¢#2'ÒÂ&vVöÖWG'’#¢²'G—R#¢%öÇ–vöâ"Â&6ö÷&F–æFW2#¢µµ³c"ãCƒ#“C3bÂ#’ã#“#“““““cCS2ÂãÒÂ³c"ãC“3ƒ“““““CƒS’Â#’ã#s3ƒSssSbÂãÒÂ³c"ãCƒ“#S33rÂ#’ã#“sƒC#S’ÂãÒÂ³c"ãCƒ#“C3bÂ#’ã#“#“““““cCS2ÂãÕÕ××ÒÂ²'G—R#¢$fVGW&R"Â'&÷W'F–W2#¢²$æÖR#¢%²"Â%7–Ö&öÄ”B#¢#'ÒÂ&vVöÖWG'’#¢²'G—R#¢%öÇ–vöâ"Â&6ö÷&F–æFW2#¢µµ³c"ã““C““““Ss#ƒ’Â#’ã#“#cSS#RÂãÒÂ³c"ãƒ“ƒC“bÂ#’ã#“Cs““““ƒS#S2ÂãÒÂ³c"ãs“s#““““s3“sSBÂ#’ã#“s33s“S"ÂãÒÂ³c"ã““C““““Ss#ƒ’Â#’ã#“#cSS#RÂãÕÕ××ÒÂ²'G—R#¢$fVGW&R"Â'&÷W'F–W2#¢²$æÖR#¢%G¢"Â%7–Ö&öÄ”B#¢#2'ÒÂ&vVöÖWG'’#¢²'G—R#¢%öÇ–vöâ"Â&6ö÷&F–æFW2#¢µµ³c"ãSS#C“RÂ#’ã#“33s#SSBÂãÒÂ³c"ãƒc“““2Â#’ã#“Sc#3c#sbÂãÒÂ³c"ãƒC#SC3s#BÂ#’ã#““CC#SSƒSbÂãÒÂ³c"ãSS#C“RÂ#’ã#“33s#SSBÂãÕÕ××ÒÂ²'G—R#¢$fVGW&R"Â'&÷W'F–W2#¢²$æÖR#¢%²"Â%7–Ö&öÄ”B#¢#'ÒÂ&vVöÖWG'’#¢²'G—R#¢%öÇ–vöâ"Â&6ö÷&F–æFW2#¢µµ³c"ãS33“““““C"Â#’ã3sc““““sƒSs32ÂãÒÂ³c"ã#S#s3ƒRÂ#’ã3scS““““ƒ“sRÂãÒÂ³c"ãSs“““““Ss3cRÂ#’ã3ƒƒc#ƒƒƒbÂãÒÂ³c"ãS33“““““C"Â#’ã3sc““““sƒSs32ÂãÕÕ××ÒÂ²'G—R#¢$fVGW&R"Â'&÷W'F–W2#¢²$æÖR#¢$·2"Â%7–Ö&öÄ”B#¢#'ÒÂ&vVöÖWG'’#¢²'G—R#¢%öÇ–vöâ"Â&6ö÷&F–æFW2#¢µµ³cãƒC#c““““sSsCBÂ#’ã33c#“““““#CSƒrÂãÒÂ³cãƒ“SS““““s“C"Â#’ã#“#3#cC3c2ÂãÒÂ³cãƒCc#s3c#‚Â#’ã#“““““ƒscc"ÂãÒÂ³cãs“Ssƒ3Ccs‚Â#’ã3#c#““““ƒsCcSBÂãÒÂ³cãƒC#c““““sSsCBÂ#’ã33c#“““““#CSƒrÂãÕÕ××ÒÂ²'G—R#¢$fVGW&R"Â'&÷W'F–W2#¢²$æÖR#¢%G¢"Â%7–Ö&öÄ”B#¢#2'ÒÂ&vVöÖWG'’#¢²'G—R#¢%öÇ–vöâ"Â&6ö÷&F–æFW2#¢µµ³c"ãƒ#C#“2Â#’ã3#ƒƒS““““ƒƒ“"ÂãÒÂ³c"ãSƒ“#3C‚Â#’ã#ƒs3“3Cƒ#“bÂãÒÂ³cã““Sc#C3ƒsRÂ#’ã#ƒƒcC"ÂãÒÂ³cã““#sƒ““““cSƒƒBÂ#’ã3“cC““““ƒCsc“2ÂãÒÂ³cã“ss3c“““““#SbÂ#’ã3#ƒC#S“ƒsbÂãÒÂ³c"ãƒ#C#“2Â#’ã3#ƒƒS““““ƒƒ“"ÂãÕÕ××ÒÂ²'G—R#¢$fVGW&R"Â'&÷W'F–W2#¢²$æÖR#¢%FW2"Â%7–Ö&öÄ”B#¢#B'ÒÂ&vVöÖWG'’#¢²'G—R#¢%öÇ–vöâ"Â&6ö÷&F–æFW2#¢µµ³cãCcƒs3““““SSC"Â#’ã3#cRÂãÒÂ³cãCS#Cs““““sS##SbÂ#’ã3s3“C“sBÂãÒÂ³cãCssc““““ƒc3‚Â#’ã3c“3““““ƒƒ3‚ÂãÒÂ³cãCcƒs3““““SSC"Â#’ã3#cRÂãÕÕ××ÒÂ²'G—R#¢$fVGW&R"Â'&÷W'F–W2#¢²$æÖR#¢%²"Â%7–Ö&öÄ”B#¢#'ÒÂ&vVöÖWG'’#¢²'G—R#¢%öÇ–vöâ"Â&6ö÷&F–æFW2#¢µµ³cã“3c3“““““cƒ‚Â#’ã3ƒc#33bÂãÒÂ³cã“#cƒ““““““3S2Â#’ã3ƒ““““ƒC3CrÂãÒÂ³cã“3SSƒ#S"Â#’ã3csƒ“““““SƒSƒrÂãÒÂ³cã“3c3“““““cƒ‚Â#’ã3ƒc#33bÂãÕÕ××ÒÂ²'G—R#¢$fVGW&R"Â'&÷W'F–W2#¢²$æÖR#¢%²"Â%7–Ö&öÄ”B#¢#'ÒÂ&vVöÖWG'’#¢²'G—R#¢%öÇ–vöâ"Â&6ö÷&F–æFW2#¢µµ³c"ãc#3““C2Â#’ã3ƒS3cC#‚ÂãÒÂ³c"ãS“c““3RÂ#’ã3SC“““““ƒ#SƒBÂãÒÂ³c"ãcƒc#32Â#’ã33c3#CCƒRÂãÒÂ³c"ãSS#S“““““C“Â#’ã3s“c““““sSs3‚ÂãÒÂ³c"ãc#3““C2Â#’ã3ƒS3cC#‚ÂãÕÕ××ÒÂ²'G—R#¢$fVGW&R"Â'&÷W'F–W2#¢²$æÖR#¢%G¢"Â%7–Ö&öÄ”B#¢#2'ÒÂ&vVöÖWG'’#¢²'G—R#¢%öÇ–vöâ"Â&6ö÷&F–æFW2#¢µµ³cã“3Cƒcƒƒ“sRÂ#’ã3ƒ“c““““scSs#rÂãÒÂ³cã“3ƒc3“““““3c2Â#’ã3sC#““““““CSSBÂãÒÂ³cã“3SSƒ#S"Â#’ã3csƒ“““““SƒSƒrÂãÒÂ³cã“3Cƒcƒƒ“sRÂ#’ã3ƒ“c““““scSs#rÂãÕÕ××ÒÂ²'G—R#¢$fVGW&R"Â'&÷W'F–W2#¢²$æÖR#¢%G¢"Â%7–Ö&öÄ”B#¢#2'ÒÂ&vVöÖWG'’#¢²'G—R#¢%öÇ–vöâ"Â&6ö÷&F–æFW2#¢µµ³c"ãsCƒc“’Â#’ã3SC3“““““Sc“2ÂãÒÂ³c"ãc#3““C2Â#’ã3ƒS3cC#‚ÂãÒÂ³c"ãs3s#SS#BÂ#’ã3#CƒS““““sƒ“##bÂãÒÂ³c"ãsCƒc“’Â#’ã3SC3“““““Sc“2ÂãÕÕ××ÒÂ²'G—R#¢$fVGW&R"Â'&÷W'F–W2#¢²$æÖR#¢%B"Â%7–Ö&öÄ”B#¢#r'ÒÂ&vVöÖWG'’#¢²'G—R#¢%öÇ–vöâ"Â&6ö÷&F–æFW2#¢µµ³c"ãScCc““““ƒ3"Â#’ã3S#“““““s“S‚ÂãÒÂ³c"ãS3“#““““Sc“ƒSBÂ#’ã3cscC“"ÂãÒÂ³c"ãSScC##ƒ#ƒSbÂ#’ã3#“C“S“s"ÂãÒÂ³c"ãScCc““““ƒ3"Â#’ã3S#“““““s“S‚ÂãÕÕ××ÒÂ²'G—R#¢$fVGW&R"Â'&÷W'F–W2#¢²$æÖR#¢%²"Â%7–Ö&öÄ”B#¢#'ÒÂ&vVöÖWG'’#¢²'G—R#¢%öÇ–vöâ"Â&6ö÷&F–æFW2#¢µµ³cã“#“#“““““““SrÂ#’ã33cc““““ƒ3“RÂãÒÂ³cã“Css#“S32Â#’ã33“““““scS"ÂãÒÂ³cã“c33“““““c3sBÂ#’ã3C“c““““ƒcScC‚ÂãÒÂ³cã“Csc#“““““#Cc2Â#’ã3S“sSCRÂãÒÂ³cã“#“#“““““““SrÂ#’ã33cc““““ƒ3“RÂãÕÕ××ÒÂ²'G—R#¢$fVGW&R"Â'&÷W'F–W2#¢²$æÖR#¢%G¢"Â%7–Ö&öÄ”B#¢#2'ÒÂ&vVöÖWG'’#¢²'G—R#¢%öÇ–vöâ"Â&6ö÷&F–æFW2#¢µµ³cã“c#CC““““ƒcscbÂ#’ã3s3ƒ“““““CƒcÂãÒÂ³cã“Css#“S32Â#’ã33“““““scS"ÂãÒÂ³cã“3SsC#ƒ“BÂ#’ã33ƒSƒ#ccƒbÂãÒÂ³cã“c3“C#3ƒ‚Â#’ã3s“3Cc#sBÂãÒÂ³cã“c#CC““““ƒcscbÂ#’ã3s3ƒ“““““CƒcÂãÕÕ××ÒÂ²'G—R#¢$fVGW&R"Â'&÷W'F–W2#¢²$æÖR#¢%B"Â%7–Ö&öÄ”B#¢#r'ÒÂ&vVöÖWG'’#¢²'G—R#¢%öÇ–vöâ"Â&6ö÷&F–æFW2#¢µµ³c"ãC3C##ƒ#ƒ"Â#’ã3##S““““ƒ““#"ÂãÒÂ³c"ãSƒ“C3ƒs‚Â#’ã#ƒc##3sƒs"ÂãÒÂ³c"ãCsƒSS#ƒ#3#bÂ#’ã#ssc#3c#sƒ‚ÂãÒÂ³c"ãC“3c““““s#SsRÂ#’ã#ƒcs#““““Sƒ“ƒS"ÂãÒÂ³c"ãCCSƒC##bÂ#’ã#ƒ“C##BÂãÒÂ³c"ãC3“#““““ƒ3CrÂ#’ã#sƒ“Cƒ“‚ÂãÒÂ³c"ãCc#“s“““““#sƒbÂ#’ã#cS“““““#cc‚ÂãÒÂ³c"ãCSS““““““ƒ“bÂ#’ã#Sƒƒc3ƒƒs‚ÂãÒÂ³c"ãCƒCc““““S“ƒSRÂ#’ã#sCcS““““cS“3"ÂãÒÂ³c"ãC3“C““““s“#c’Â#’ã#“ƒSc““““sSsc"ÂãÒÂ³c"ãCS“C3#‚Â#’ã#“sCs““““ƒ#“"ÂãÒÂ³c"ãCƒ“““““ƒSbÂ#’ã#cƒ““““SS3ƒƒBÂãÒÂ³c"ã3“#ccS“BÂ#’ã#ƒ#S3cC#bÂãÒÂ³c"ã3s33““““““c‚Â#’ã#ƒcscs3“rÂãÒÂ³c"ã3ƒ3cSrÂ#’ã#s#“#““““““S“rÂãÒÂ³c"ã3cc3C3“s‚Â#’ã#sS3#CsscBÂãÒÂ³c"ã3S#sCƒBÂ#’ã3Sc““““sƒc’ÂãÒÂ³c"ã3##3C““3BÂ#’ã333ƒc“’ÂãÒÂ³c"ã33““““ƒSccBÂ#’ã33ccS#“s3ÂãÒÂ³c"ã#cs#S““““ƒC“bÂ#’ã3csSC#sƒ"ÂãÒÂ³c"ã3c3cc3““bÂ#’ã3S#s3SRÂãÒÂ³c"ã33“ƒsCbÂ#’ã3s3cC33rÂãÒÂ³c"ã33“C#33CBÂ#’ã3“3“““““ƒsbÂãÒÂ³c"ã3scC##ƒ#ƒRÂ#’ã3s#3ƒC3csRÂãÒÂ³c"ãC3Cc“#C33’Â#’ã3ƒSs#3“rÂãÒÂ³c"ãC33“3#c“3SbÂ#’ã3“#ƒS#sCS2ÂãÒÂ³c"ãC“ƒ3CSRÂ#’ã3ƒƒ“cƒC3bÂãÒÂ³c"ãC“3““““s“c#BÂ#’ã3cs3“““““CrÂãÒÂ³c"ãCccCc““““ƒ“cRÂ#’ã3cƒCcbÂãÒÂ³c"ãCcƒsC““““ƒ#rÂ#’ã33sƒ““““ƒ3csrÂãÒÂ³c"ãS3s“““““ƒs‚Â#’ã3cSƒcc“3rÂãÒÂ³c"ãC3C##ƒ#ƒ"Â#’ã3##S““““ƒ““#"ÂãÕÒÂµ³c"ãC##ƒ““““cC33Â#’ã3#3Cƒ““““Sc3ƒ’ÂãÒÂ³c"ãC#C3““““Scƒ3SBÂ#’ã3##Ss3S3C‚ÂãÒÂ³c"ãC#C“““““s“cc‚Â#’ã3##S“““““ƒ“CBÂãÒÂ³c"ãC##ƒ““““cC33Â#’ã3#3Cƒ““““Sc3ƒ’ÂãÕÒÂµ³c"ãC##ƒ““““cC33Â#’ã3#3Cƒ““““Sc3ƒ’ÂãÒÂ³c"ãC#s3“““““SÂ#’ã333“#ƒCƒBÂãÒÂ³c"ã3ƒ“S““““Sƒcƒ’Â#’ã33#s“““““s#ƒ"ÂãÒÂ³c"ãC##ƒ““““cC33Â#’ã3#3Cƒ““““Sc3ƒ’ÂãÕÕ××ÒÂ²'G—R#¢$fVGW&R"Â'&÷W'F–W2#¢²$æÖR#¢%FW2"Â%7–Ö&öÄ”B#¢#B'ÒÂ&vVöÖWG'’#¢²'G—R#¢%öÇ–vöâ"Â&6ö÷&F–æFW2#¢µµ³cãCCs#C““““Sƒsƒ‚Â#’ã33cC““““c“ssSRÂãÒÂ³cãC#“c““““Sc33ƒbÂ#’ã33“C3Cs#BÂãÒÂ³cãC33Ss““““cs33bÂ#’ã33S3“S2ÂãÒÂ³cãCCs#C““““Sƒsƒ‚Â#’ã33cC““““c“ssSRÂãÕÕ××ÒÂ²'G—R#¢$fVGW&R"Â'&÷W'F–W2#¢²$æÖR#¢%²"Â%7–Ö&öÄ”B#¢#'ÒÂ&vVöÖWG'’#¢²'G—R#¢%öÇ–vöâ"Â&6ö÷&F–æFW2#¢µµ³c"ã#S#3ƒssCBÂ#’ã33#3##csƒ#‚ÂãÒÂ³c"ãSS““““c“3#RÂ#’ã3#“sCc#BÂãÒÂ³c"ã3cSCCs#BÂ#’ã3C3s““““ƒsƒCrÂãÒÂ³c"ã#S#3ƒssCBÂ#’ã33#3##csƒ#‚ÂãÕÕ××ÒÂ²'G—R#¢$fVGW&R"Â'&÷W'F–W2#¢²$æÖR#¢%G¢"Â%7–Ö&öÄ”B#¢#2'ÒÂ&vVöÖWG'’#¢²'G—R#¢%öÇ–vöâ"Â&6ö÷&F–æFW2#¢µµ³c"ãs3“““““c3RÂ#’ã33S““““““ƒCbÂãÒÂ³c"ã“ƒ3“““““c“bÂ#’ã3C3C““““cs#s’ÂãÒÂ³cã“s“CCSbÂ#’ã3CSC““““c3#ƒ3"ÂãÒÂ³cã““C“33“2Â#’ã3cSƒ““““ƒƒsÂãÒÂ³c"ãCCcƒ3ƒs’Â#’ã3Scs3CCBÂãÒÂ³c"ã#s“C3BÂ#’ã3Sc““““s3#sBÂãÒÂ³c"ã3sS““““ƒ3CbÂ#’ã33SCc““““ƒCcSRÂãÒÂ³c"ãs3“““““c3RÂ#’ã33S““““““ƒCbÂãÕÕ××ÒÂ²'G—R#¢$fVGW&R"Â'&÷W'F–W2#¢²$æÖR#¢%²"Â%7–Ö&öÄ”B#¢#'ÒÂ&vVöÖWG'’#¢²'G—R#¢%öÇ–vöâ"Â&6ö÷&F–æFW2#¢µµ³cã“ƒc#“#ƒ33bÂ#’ã3csc#3c#sc2ÂãÒÂ³cã““““#ƒƒ3"Â#’ã3Ccs““““s#ƒ#3bÂãÒÂ³cã“s“CCSbÂ#’ã3CSC““““c3#ƒ3"ÂãÒÂ³cã“ƒc#“#ƒ33bÂ#’ã3csc#3c#sc2ÂãÕÕ××ÒÂ²'G—R#¢$fVGW&R"Â'&÷W'F–W2#¢²$æÖR#¢%B"Â%7–Ö&öÄ”B#¢#r'ÒÂ&vVöÖWG'’#¢²'G—R#¢%öÇ–vöâ"Â&6ö÷&F–æFW2#¢µµ³c"ã#““3C“RÂ#’ãC3s33“S"ÂãÒÂ³c"ã3“3#3sƒbÂ#’ã3s““cS3“RÂãÒÂ³c"ã#CS3““““s##RÂ#’ãCƒ““““cƒƒBÂãÒÂ³c"ã#SSƒ#““““sSCs#BÂ#’ãCcS33S“#s2ÂãÒÂ³c"ã#““3C“RÂ#’ãC3s33“S"ÂãÕÕ××ÒÂ²'G—R#¢$fVGW&R"Â'&÷W'F–W2#¢²$æÖR#¢$·2"Â%7–Ö&öÄ”B#¢#'ÒÂ&vVöÖWG'’#¢²'G—R#¢%öÇ–vöâ"Â&6ö÷&F–æFW2#¢µµ³cãC#sc“““““ƒSSBÂ#’ã3s3ƒ#““““ƒSCcRÂãÒÂ³cã33ccƒ3“cBÂ#’ãC3““““BÂãÒÂ³cã3SC“““““s#S#bÂ#’ãCc3ƒƒ3csrÂãÒÂ³cãC##C#“sbÂ#’ãC##““““ƒ“cbÂãÒÂ³cãC#sc“““““ƒSSBÂ#’ã3s3ƒ#““““ƒSCcRÂãÕÕ××ÒÂ²'G—R#¢$fVGW&R"Â'&÷W'F–W2#¢²$æÖR#¢%G¢"Â%7–Ö&öÄ”B#¢#2'ÒÂ&vVöÖWG'’#¢²'G—R#¢%öÇ–vöâ"Â&6ö÷&F–æFW2#¢µµ³cãSC3ƒ3s2Â#’ã3ScC#ƒ3bÂãÒÂ³cãSƒ#3“““““scrÂ#’ã3CcsCCS##rÂãÒÂ³cãSc#“3cƒ#sRÂ#’ã#cƒsc““““c3Sƒ#"ÂãÒÂ³cãScƒ3““““Sc3rÂ#’ã#C#3““““ƒcsrÂãÒÂ³cãS3s3CC“CBÂ#’ã#3ss#“““““3“SsRÂãÒÂ³cãC“cSƒ““““c#ƒƒBÂ#’ã#c3c““3SBÂãÒÂ³cãS3ƒƒ#CbÂ#’ã#ssC“SRÂãÒÂ³cãS33s#SSbÂ#’ã“Sc““33“RÂãÒÂ³cãSCSCS““““Ss“3RÂ#’ãƒ“SS33#3BÂãÒÂ³cãSCSS“““““sC#bÂ#’ãSC“3““““cƒ#’ÂãÒÂ³cãSs“ƒsSBÂ#’ãCs““““Ss33ƒ‚ÂãÒÂ³cãS“cc#ƒ3ƒ"Â#’ãS3“““““#bÂãÒÂ³cãS“3““““ƒcƒBÂ#’ã“c33“#RÂãÒÂ³cãc#33C#“#Â#’ãsSCC““““csƒ2ÂãÒÂ³cãSƒ“sC“bÂ#’ãcSs3““““s#“2ÂãÒÂ³cãSSc3#“““““#“c2Â#‚ã““CsSC##BÂãÒÂ³cãC“ss“““““cs#’Â#’ãC“3ScC#BÂãÒÂ³cãS#“3C“bÂ#’ãsƒS““““““ƒ3bÂãÒÂ³cãCsScc““““ƒscbÂ#’ã““SS““““ƒ“CSBÂãÒÂ³cãCScc““““SS“RÂ#’ãS3ƒƒc“ƒ‚ÂãÒÂ³cãC3C3“““““cc#ƒbÂ#’ãc“s#“S3ÂãÒÂ³cãC33##““““ccCƒ2Â#’ã#css33S3#RÂãÒÂ³cãCƒcs#SBÂ#’ã#ƒSsS‚ÂãÒÂ³cãC3C“3c3#SBÂ#’ã#3CSC““““ƒƒ#c2ÂãÒÂ³cã3ƒs3#“““““s“SSbÂ#’ã#C#C3ssBÂãÒÂ³cã3sƒ“S#C#3SRÂ#’ã3“Ccs“BÂãÒÂ³cã3“CC“sRÂ#’ã33#“3SÂãÒÂ³cã3sƒS““““cc“#’Â#’ã3cCC##ƒ#ƒRÂãÒÂ³cã33C“scSC‚Â#’ãC“#““““sc“s"ÂãÒÂ³cã3CcS““““cS“#ƒBÂ#’ãCC#ƒ##ƒ’ÂãÒÂ³cã#“#cCC3SsÂ#’ãC3“cc“““““sS’ÂãÒÂ³cã#ƒccS#“s3bÂ#’ãC#3#cCƒcrÂãÒÂ³cã#cCCcC#ƒsSRÂ#’ãC3“CCSS“"ÂãÒÂ³cã#SsSS““““c“C3Â#’ãCccS3““““ƒ#‚ÂãÒÂ³cã##ƒc3sCCRÂ#’ãCsc#““““S““ƒ3BÂãÒÂ³cã3c““#ƒƒ3RÂ#’ãCs3c3““““ƒƒc2ÂãÒÂ³cã#SS“ƒC’Â#’ãSƒSƒ#ccƒcbÂãÒÂ³cãSƒ3““““““crÂ#’ãSS#S#3s3ƒBÂãÒÂ³cã3csC#Sƒ‚Â#’ãSc“C““““sss"ÂãÒÂ³cãƒƒ#s333bÂ#’ãƒSc3“3“ƒ#s‚ÂãÒÂ³cã“C#“““““CS‚Â#’ãƒCS#3cCCbÂãÒÂ³cã““ƒ““““ƒC3SBÂ#’ãsƒ#“C33#bÂãÒÂ³cã#SC#33"Â#’ãsc#“SC#SÂãÒÂ³cãc#sS““““ssC#CBÂ#’ãscCS3cS#2ÂãÒÂ³cã3#3SS#C2Â#’ãsSs“S3‚ÂãÒÂ³cãƒC3c““““csSƒ"Â#’ãcC“3C3C#ÂãÒÂ³cã“3c“““““c3bÂ#’ãc#3Cc““““ƒCccRÂãÒÂ³cãs#cƒƒ“Â#’ãc##“SC#CS2ÂãÒÂ³cãs3ccCƒsCRÂ#’ãc3cScBÂãÒÂ³cã#ƒCCs2Â#’ãScSƒ#c“rÂãÒÂ³cã333#ƒs“2Â#’ãS#sc3““““ƒƒcc"ÂãÒÂ³cãC33c3Â#’ãCCCc3““““ƒ3crÂãÒÂ³cãS3#3cCC’Â#’ã3“ss333“3#"ÂãÒÂ³cãS“33C“#rÂ#’ã3#“sCc#BÂãÒÂ³cãSC3ƒ3s2Â#’ã3ScC#ƒ3bÂãÕÒÂµ³cãC##C#“sbÂ#’ãC##““““ƒ“cbÂãÒÂ³cã3C“#CssSBÂ#’ãCSc3S““““ƒC“rÂãÒÂ³cã3SC“““““s#S#bÂ#’ãCc3ƒƒ3csrÂãÒÂ³cã33ccƒ3“cBÂ#’ãC3““““BÂãÒÂ³cãC#sc“““““ƒSSBÂ#’ã3s3ƒ#““““ƒSCcRÂãÒÂ³cãC##C#“sbÂ#’ãC##““““ƒ“cbÂãÕÒÂµ³cãCC“3cCƒÂ#’ã3#C“““““ƒSƒBÂãÒÂ³cãCCƒ3““““ƒccrÂ#’ã333c3C#C#RÂãÒÂ³cãC#“c““““Sc33ƒbÂ#’ã33“C3Cs#BÂãÒÂ³cãC3ƒs#““““cƒ“srÂ#’ã3#3S#S3RÂãÒÂ³cãCC“3cCƒÂ#’ã3#C“““““ƒSƒBÂãÕÒÂµ³cãCssc““““ƒc3‚Â#’ã3c“3““““ƒƒ3‚ÂãÒÂ³cãCcscC““““cCsƒRÂ#’ã3ccƒ““““ƒC3csRÂãÒÂ³cãCS#Cs““““sS##SbÂ#’ã3s3“C“sBÂãÒÂ³cãCSƒc“C3CbÂ#’ã3C3““““ƒScC2ÂãÒÂ³cãCssc““““ƒc3‚Â#’ã3c“3““““ƒƒ3‚ÂãÕÕ××ÒÂ²'G—R#¢$fVGW&R"Â'&÷W'F–W2#¢²$æÖR#¢%B"Â%7–Ö&öÄ”B#¢#r'ÒÂ&vVöÖWG'’#¢²'G—R#¢%öÇ–vöâ"Â&6ö÷&F–æFW2#¢µµ³cã“#C3“““““sc##bÂ#’ãS3SS3“““““s“2ÂãÒÂ³c"ãƒ3s““““ƒ3s‚Â#’ãCƒ“ƒSSrÂãÒÂ³c"ãSS“#Cc3BÂ#’ãS““““““sCcsS2ÂãÒÂ³c"ãƒ“3“CƒS#RÂ#’ãC“““#CssrÂãÒÂ³c"ãc#ƒ3ƒ3bÂ#’ãCƒCƒ3cƒ"ÂãÒÂ³c"ã3s3s““““ƒƒsbÂ#’ãCƒCƒ““““cƒss"ÂãÒÂ³c"ãCssC““““cc#ƒ3RÂ#’ãCS#s#““““cƒ“s‚ÂãÒÂ³c"ã###s3“““““SÂ#’ãC##C3sSs’ÂãÒÂ³c"ã#33C“CRÂ#’ã3S33““““cSc‚ÂãÒÂ³c"ã#c#sƒ“c““bÂ#’ã3#C“““““ƒSƒBÂãÒÂ³c"ãsƒ“3C“#bÂ#’ã3cSc3““““ƒƒc#rÂãÒÂ³c"ã#s3CC“#BÂ#’ã3sƒs“““““sBÂãÒÂ³c"ã#sƒ33SC3bÂ#’ãCC“S“sRÂãÒÂ³c"ãƒs33“S"Â#’ãCcS““““““ÂãÒÂ³c"ã#“CsCRÂ#’ãC3sC3““““cSc3bÂãÒÂ³c"ã3sSs#C“RÂ#’ãC##ƒc“RÂãÒÂ³c"ã##sƒ“cƒ‚Â#’ãCC#c““““Scƒs"ÂãÒÂ³c"ãCcC““““ƒCsc’Â#’ã3ƒƒSsRÂãÒÂ³c"ãƒssƒCCcsBÂ#’ãC33““““SScƒƒ"ÂãÒÂ³c"ãSS3ccCÂ#’ãCc3Sc““““SSSƒƒrÂãÒÂ³c"ãSCS#““““SS“ƒbÂ#’ãC#3““““ƒ#2ÂãÒÂ³c"ã#“33#s“3CBÂ#’ãC3#C“““““3sSƒrÂãÒÂ³c"ã#3SƒCcsbÂ#’ãCCƒƒcƒƒ“RÂãÒÂ³cã“ƒƒ“Cƒ“CbÂ#’ãCsSs““““Ssƒ3bÂãÒÂ³cã“sC3““““Scƒ3cRÂ#’ãCscƒ““““ƒ“3c2ÂãÒÂ³cã“cS#sC#rÂ#’ãC“Ccs““““sƒ#“2ÂãÒÂ³cãƒƒ““#ƒ3‚Â#’ãScc““““““SC2ÂãÒÂ³cã“ƒcc“““““#cÂ#’ãS#SCs2ÂãÒÂ³cã“#C3“““““sc##bÂ#’ãS3SS3“““““s“2ÂãÕÕ××ÒÂ²'G—R#¢$fVGW&R"Â'&÷W'F–W2#¢²$æÖR#¢%"Â%7–Ö&öÄ”B#¢#‚'ÒÂ&vVöÖWG'’#¢²'G—R#¢%öÇ–vöâ"Â&6ö÷&F–æFW2#¢µµ³c"ã#CSs#SC"Â#’ãC3S3“““““ƒ3bÂãÒÂ³c"ã#cSCCs#bÂ#’ãC3s“ƒC“#RÂãÒÂ³c"ã“S#3““““ƒ#cƒRÂ#’ãCcc“##SsƒS‚ÂãÒÂ³c"ã#CSs#SC"Â#’ãC3S3“““““ƒ3bÂãÕÕ××ÒÂ²'G—R#¢$fVGW&R"Â'&÷W'F–W2#¢²$æÖR#¢%B"Â%7–Ö&öÄ”B#¢#r'ÒÂ&vVöÖWG'’#¢²'G—R#¢%öÇ–vöâ"Â&6ö÷&F–æFW2#¢µµ³c"ã#CSs#SC"Â#’ãC3S3“““““ƒ3bÂãÒÂ³c"ã#cSCCs#bÂ#’ãC3s“ƒC“#RÂãÒÂ³c"ã“S#3““““ƒ#cƒRÂ#’ãCcc“##SsƒS‚ÂãÒÂ³c"ã#CSs#SC"Â#’ãC3S3“““““ƒ3bÂãÕÕ××ÒÂ²'G—R#¢$fVGW&R"Â'&÷W'F–W2#¢²$æÖR#¢%B"Â%7–Ö&öÄ”B#¢#r'ÒÂ&vVöÖWG'’#¢²'G—R#¢%öÇ–vöâ"Â&6ö÷&F–æFW2#¢µµ³c"ãƒCS#““““cS“s’Â#’ãCS“ƒC““““ssss2ÂãÒÂ³c"ãcCCCCSsbÂ#’ãCS“CS““““ss“"ÂãÒÂ³c"ãS#Sƒ““““ƒ#ƒsbÂ#’ãCƒ3ƒC3cc“bÂãÒÂ³c"ãs33C“ƒbÂ#’ãCsc#““““c“ssRÂãÒÂ³c"ãƒCS#““““cS“s’Â#’ãCS“ƒC““““ssss2ÂãÕÕ××ÒÂ²'G—R#¢$fVGW&R"Â'&÷W'F–W2#¢²$æÖR#¢%B"Â%7–Ö&öÄ”B#¢#r'ÒÂ&vVöÖWG'’#¢²'G—R#¢%öÇ–vöâ"Â&6ö÷&F–æFW2#¢µµ³cãƒƒS“##ƒ3‚Â#’ãC“s3CC“#2ÂãÒÂ³cãƒ“33“CssbÂ#’ãSC#““““sS3#ÂãÒÂ³cãƒ#“c“““““sSS#3RÂ#’ãSC3c3“’ÂãÒÂ³cãƒ3#CƒƒBÂ#’ãC“ƒS3cC3BÂãÒÂ³cãƒƒS“##ƒ3‚Â#’ãC“s3CC“#2ÂãÕÕ××ÒÂ²'G—R#¢$fVGW&R"Â'&÷W'F–W2#¢²$æÖR#¢$·2"Â%7–Ö&öÄ”B#¢#'ÒÂ&vVöÖWG'’#¢²'G—R#¢%öÇ–vöâ"Â&6ö÷&F–æFW2#¢µµ³cã##s“““““““3RÂ#’ãCsSC““rÂãÒÂ³cãc#““““s3ƒ#RÂ#’ãSCc3##C3bÂãÒÂ³cãc#ƒsSCbÂ#’ãSC“3“““““s#bÂãÒÂ³cã#SS“ƒC’Â#’ãSƒSƒ#ccƒcbÂãÒÂ³cã3c““#ƒƒ3RÂ#’ãCs3c3““““ƒƒc2ÂãÒÂ³cã##s“““““““3RÂ#’ãCsSC““rÂãÕÕ××ÒÂ²'G—R#¢$fVGW&R"Â'&÷W'F–W2#¢²$æÖR#¢%B"Â%7–Ö&öÄ”B#¢#r'ÒÂ&vVöÖWG'’#¢²'G—R#¢%öÇ–vöâ"Â&6ö÷&F–æFW2#¢µµ³cãsScƒ3##RÂ#’ãSc33S#Ss"ÂãÒÂ³cãss#cS““““ƒS“rÂ#’ãSs#3Cc#"ÂãÒÂ³cãs“#““““s3ƒ#RÂ#’ãSc“ƒ“““““ƒƒS‚ÂãÒÂ³cãsScc““““ƒScbÂ#’ãSCcccSƒ“ÂãÒÂ³cãƒc“C3CRÂ#’ãS3ƒc#3ƒƒ‚ÂãÒÂ³cãs“#S###3cBÂ#’ãSƒƒs2ÂãÒÂ³cãsc“C““““s33#bÂ#’ãS3C3#3cssSrÂãÒÂ³cãs3Cs“““““S#‚Â#’ãS3csS#SCbÂãÒÂ³cãscs#3#sƒ#RÂ#’ãSs#SsCƒ“‚ÂãÒÂ³cãsC33““““““cƒRÂ#’ãSs“ƒ““““S“33ƒ2ÂãÒÂ³cãsScƒ3##RÂ#’ãSc33S#Ss"ÂãÕÕ××ÒÂ²'G—R#¢$fVGW&R"Â'&÷W'F–W2#¢²$æÖR#¢%B"Â%7–Ö&öÄ”B#¢#r'ÒÂ&vVöÖWG'’#¢²'G—R#¢%öÇ–vöâ"Â&6ö÷&F–æFW2#¢µµ³cãƒ#3S““““cC32Â#’ãSƒ3C““““sS#sBÂãÒÂ³cãƒssƒ#“#“Â#’ãScs#3sssbÂãÒÂ³cãƒss“c3S3srÂ#’ãSS“ss“““““Csc‚ÂãÒÂ³cãƒ333““““ƒC’Â#’ãSSCcC““““ƒ“scbÂãÒÂ³cãƒ#3S““““cC32Â#’ãSƒ3C““““sS#sBÂãÕÕ××ÒÂ²'G—R#¢$fVGW&R"Â'&÷W'F–W2#¢²$æÖR#¢%FÖò"Â%7–Ö&öÄ”B#¢#’'ÒÂ&vVöÖWG'’#¢²'G—R#¢%öÇ–vöâ"Â&6ö÷&F–æFW2#¢µµ³cBãcS3C“3c3#bÂ#’ã3C3C#C3#s2ÂãÒÂ³cBãc3ƒC““““sss’Â#’ã3ƒ#““““ƒ““c"ÂãÒÂ³cBãc3c333s‚Â#’ã33S3““““cScƒ2ÂãÒÂ³cBãSSCc3sCRÂ#’ã3##sc““““c3SƒS"ÂãÒÂ³cBãc#“““““cs3#’Â#’ã3cƒs#S3s"ÂãÒÂ³cBãcC3S““““c“3rÂ#’ã3cƒ“““““ƒ3SrÂãÒÂ³cBãcS3C“3c3#bÂ#’ã3C3C#C3#s2ÂãÕÕ××ÒÂ²'G—R#¢$fVGW&R"Â'&÷W'F–W2#¢²$æÖR#¢%FÖò"Â%7–Ö&öÄ”B#¢#’'ÒÂ&vVöÖWG'’#¢²'G—R#¢%öÇ–vöâ"Â&6ö÷&F–æFW2#¢µµ³cBãccCS#cs3bÂ#’ã3SCCCSsBÂãÒÂ³cBãcc“#CÂ#’ã3ss#3s#s“RÂãÒÂ³cBãs#CSs#SBÂ#’ãCS3““““ƒSccsBÂãÒÂ³cBãc““3s““““Sƒs3’Â#’ã3Ssc3““““cƒc#ƒRÂãÒÂ³cBãccCS#cs3bÂ#’ã3SCCCSsBÂãÕÕ××ÒÂ²'G—R#¢$fVGW&R"Â'&÷W'F–W2#¢²$æÖR#¢$·2"Â%7–Ö&öÄ”B#¢#'ÒÂ&vVöÖWG'’#¢²'G—R#¢%öÇ–vöâ"Â&6ö÷&F–æFW2#¢µµ³cBãƒƒ“##““““ccCs’Â#’ãSSS““““ƒs3BÂãÒÂ³cBãƒs#sc““““c3S‚Â#’ãS33##csƒcBÂãÒÂ³cBãƒCƒCcsRÂ#’ãSƒS“““““3cc"ÂãÒÂ³cBãƒ33““““s“c#"Â#’ãSscc3ƒƒrÂãÒÂ³cBãsƒS#C##Sƒ‚Â#’ãCsc##S#“"ÂãÒÂ³cBãsc33ƒ#ƒcƒ"Â#’ãCss##“““““cCSRÂãÒÂ³cBãsCƒ#“““““S3Â#’ãS3CsCC#CRÂãÒÂ³cBãs#SƒC““““ƒsscRÂ#’ãCƒ“sSScRÂãÒÂ³cBãs##CCCSrÂ#’ãS3C“““““SsSc‚ÂãÒÂ³cBãsCS##““““ccCs’Â#’ãSc“c#3ƒ‚ÂãÒÂ³cBãsC3“SsrÂ#’ãS##cC““““““sSSBÂãÒÂ³cBãcƒ“cBÂ#’ãC“ScCC3s3bÂãÒÂ³cBãc“ss“ƒS"Â#’ãCcƒsS““““csC3"ÂãÒÂ³cBãcsƒC“““““##bÂ#’ãCsCCs“““““S#ÂãÒÂ³cBãcSs“3c“C‚Â#’ãCS“ƒ#““““sSCs2ÂãÒÂ³cBãcƒCs““““ƒ#ƒ’Â#’ãCCSC““““ƒ33srÂãÒÂ³cBãc“c“““““ƒ“ccbÂ#’ãC#sƒ#“cƒbÂãÒÂ³cBãc“C3#cs“’Â#’ã3“3ƒ333BÂãÒÂ³cBãcS“3C3Cƒ"Â#’ã3cS#C““““ƒƒsc#BÂãÒÂ³cBãccSsCS#BÂ#’ã3Cscs“““““3#“rÂãÒÂ³cBãc#“““““cs3#’Â#’ã3cƒs#S3s"ÂãÒÂ³cBãScScC3“BÂ#’ã33Sc““3SrÂãÒÂ³cBãSc3#““““c33RÂ#’ã3sc“#““““ƒ“sÂãÒÂ³cBãSs“ƒS““““ƒ3“’Â#’ã3ƒC#s““““s###S2ÂãÒÂ³cBãS#SSc“““““SSSbÂ#’ãCss#ƒ3#‚ÂãÒÂ³cBãSC“#3s#sbÂ#’ãC3sƒ“““““ƒbÂãÒÂ³cBãSSCsS““““ssC"Â#’ãC3ssCC2ÂãÒÂ³cBãC“#““““ƒ3CcrÂ#’ãCC3##““““ScCƒ“"ÂãÒÂ³cBãS3Cƒ““““Sc3ƒ’Â#’ãCc3ƒ““““sCƒsCrÂãÒÂ³cBãSCcs#CS3RÂ#’ãCSc“scSC“bÂãÒÂ³cBãSS#SS“““““CCÂ#’ãCƒƒc3ƒ3sC2ÂãÒÂ³cBãSƒ“S““““s3C#RÂ#’ãSSc““““Sƒƒƒ2ÂãÒÂ³cBãcS“c““““sS‚Â#’ãSƒC“c““““ccSƒbÂãÒÂ³cBãƒƒ“##““““ccCs’Â#’ãSSS““““ƒs3BÂãÕÕ××ÒÂ²'G—R#¢$fVGW&R"Â'&÷W'F–W2#¢²$æÖR#¢%FÖò"Â%7–Ö&öÄ”B#¢#’'ÒÂ&vVöÖWG'’#¢²'G—R#¢%öÇ–vöâ"Â&6ö÷&F–æFW2#¢µµ³cBãSƒsSC##RÂ#’ãSsScCƒS’ÂãÒÂ³cBãSSC##ƒ’Â#’ãS#ƒ3““““scƒ"ÂãÒÂ³cBãCc“#s“rÂ#’ãS“ƒsC#bÂãÒÂ³cBãCCCs““““cccƒ2Â#’ãS3Sƒ#““““ƒSCcƒBÂãÒÂ³cBãC“S#“““““s“S#BÂ#’ãSs“#Csss"ÂãÒÂ³cBãSs“CcC2Â#’ãSƒCcs““““sƒ###RÂãÒÂ³cBãSƒsSC##RÂ#’ãSsScCƒS’ÂãÕÕ××ÒÂ²'G—R#¢$fVGW&R"Â'&÷W'F–W2#¢²$æÖR#¢%G""Â%7–Ö&öÄ”B#¢#’'ÒÂ&vVöÖWG'’#¢²'G—R#¢%öÇ–vöâ"Â&6ö÷&F–æFW2#¢µµ³cRãƒƒ3ƒ““““sƒsRÂ#’ã3“s3#“Cƒ"ÂãÒÂ³cRãcƒ3SCs“’Â#’ã3ƒCs““““cS#3ÂãÒÂ³cRãS““#““““sC“s"Â#’ã#s3ƒ“““““cƒS#ƒBÂãÒÂ³cRãS3CcÂ#’ã#sSƒ3ccsRÂãÒÂ³cRãCc3““““cƒc3"Â#’ã#““#ƒ3bÂãÒÂ³cRãC#csƒ““““SSƒƒ‚Â#’ã#ScsccC3bÂãÒÂ³cRãS#Sƒc“bÂ#’ã3#ss““““S“s3c"ÂãÒÂ³cRãSs#CƒS“2Â#’ã3cƒ“rÂãÒÂ³cRãccs“C““““c“#s‚Â#’ã3c“““““ssRÂãÒÂ³cRãs“SCsÂ#’ã3“c#S3C2ÂãÒÂ³cRãssSsSSS2Â#’ã3s#S““““s““#"ÂãÒÂ³cRãsƒ“S#CCssBÂ#’ã3ss““““ƒcccsbÂãÒÂ³cRãƒCsCSsSRÂ#’ãC#“Ss““““cs3rÂãÒÂ³cRã“ƒƒc““““SS“"Â#’ãCs#s“#Sƒ32ÂãÒÂ³cRã“3s3C“““““#cÂ#’ãCsc#ƒ““““sƒ3srÂãÒÂ³cRãƒƒcƒ““““s“3rÂ#’ãCsƒ“#3CcBÂãÒÂ³cRãƒƒ3ƒ““““sƒsRÂ#’ã3“s3#“Cƒ"ÂãÕÕ××ÒÂ²'G—R#¢$fVGW&R"Â'&÷W'F–W2#¢²$æÖR#¢%G""Â%7–Ö&öÄ”B#¢#’'ÒÂ&vVöÖWG'’#¢²'G—R#¢%öÇ–vöâ"Â&6ö÷&F–æFW2#¢µµ³cbãs“ƒ3scs‚Â#’ãS3c““““s3#‚ÂãÒÂ³cbãs“ƒSRÂ#’ãCc“ƒƒ““““c#3ƒ2ÂãÒÂ³cRã“ƒs##““““ccC‚Â#’ãCS3c#3“ƒsBÂãÒÂ³cRã“ƒSc#““““c#CƒRÂ#’ãCssƒ““““s3s32ÂãÒÂ³cRã“c“#cCƒ“RÂ#’ãCƒ33c#c3ƒs"ÂãÒÂ³cbãs“ƒ3scs‚Â#’ãS3c““““s3#‚ÂãÕÕ××ÒÂ²'G—R#¢$fVGW&R"Â'&÷W'F–W2#¢²$æÖR#¢%"Â%7–Ö&öÄ”B#¢#‚'ÒÂ&vVöÖWG'’#¢²'G—R#¢%öÇ–vöâ"Â&6ö÷&F–æFW2#¢µµ³cbãSs““““Ssƒ3‚Â#’ãS#cSCC#sÂãÒÂ³cbãs#s#“"Â#’ãS#“3ƒƒc“sBÂãÒÂ³cbãcƒ3CC#BÂ#’ãS#ƒS#““““SS““‚ÂãÒÂ³cbãSs““““Ssƒ3‚Â#’ãS#cSCC#sÂãÕÕ××ÒÂ²'G—R#¢$fVGW&R"Â'&÷W'F–W2#¢²$æÖR#¢%FæB"Â%7–Ö&öÄ”B#¢#3r'ÒÂ&vVöÖWG'’#¢²'G—R#¢%öÇ–vöâ"Â&6ö÷&F–æFW2#¢µµ³cbã#C3cSRÂ#’ãsCc3c33ƒBÂãÒÂ³cbãƒs“““““sÂ#’ãsCc“Cƒ““rÂãÒÂ³cbãc#32Â#’ãsSSC33“C#SbÂãÒÂ³cbã3S“#““““ƒc“crÂ#’ãssCc“““““Cc"ÂãÒÂ³cbã“C““““sssÂ#’ãsccƒs““““c#3C2ÂãÒÂ³cbãs33““““cC3Â#’ãsƒ#3#CCƒCRÂãÒÂ³cbãsCc““““ƒ3"Â#’ãƒƒC““““cƒ3#‚ÂãÒÂ³cbã#C3cSRÂ#’ãsCc3c33ƒBÂãÕÕ××ÒÂ²'G—R#¢$fVGW&R"Â'&÷W'F–W2#¢²$æÖR#¢%"Â%7–Ö&öÄ”B#¢#'ÒÂ&vVöÖWG'’#¢²'G—R#¢%öÇ–vöâ"Â&6ö÷&F–æFW2#¢µµ³c2ãS“ƒCCƒ“cÂ#’ãC“C#c#ƒ“#Cƒ“bÂãÒÂ³c2ã“sssCC3#CSrÂ#’ãC3ƒcƒ“##s#SBÂãÒÂ³cBã3#3ss3CSSbÂ#’ãCsc“3c3##SS3RÂãÒÂ³cBãS#“3#c#cs3“rÂ#’ã3ssCscƒccscC#rÂãÒÂ³cBã3sCc3sCsBÂ#’ã3““CSCs#ƒS3’ÂãÒÂ³cBãS#33cS#C3rÂ#’ãCC“Scsc“#CbÂãÒÂ³cBãc“sCc#3#SbÂ#’ãCSƒS#“ƒ“sS“CbÂãÒÂ³cBãCS“ƒ3scsrÂ#’ãC#ƒscCCbÂãÒÂ³cBãC3Sƒ3cƒ2Â#’ãCC#c““““scsC2ÂãÒÂ³cBãc###S#“bÂ#’ã3“cCc##ƒ’ÂãÒÂ³cBãS3ƒ#“““““SCcÂ#’ã3ƒ““““““ƒcSS"ÂãÒÂ³cBãƒ“s““““sC##BÂ#’ã3ccƒC“““““#sS‚ÂãÒÂ³cBãcƒ##““““cCƒbÂ#’ã3sCs3Cs2ÂãÒÂ³cBãSs“S3“##‚Â#’ã3c3#““““ƒ3#"ÂãÒÂ³cBãs““33ƒ#rÂ#’ã3cs333“3"ÂãÒÂ³c2ã“c3“““““ƒƒ‚Â#’ã3ƒ#S#3“ss32ÂãÒÂ³c2ã“ƒ“ƒS“““““3“ƒRÂ#’ãC#c3CƒsrÂãÒÂ³c2ã“S“3C“CbÂ#’ãC#c““““ssƒ"ÂãÒÂ³c2ã“s3ƒ“““““3c2Â#’ãC#s#“““““C“cBÂãÒÂ³c2ãƒCcs#““““Sƒ“ƒSBÂ#’ãC#ƒs#“““““ƒ“SrÂãÒÂ³c2ãƒ3SsC““““Sc#ƒ’Â#’ãCCcS#““““sS“s"ÂãÒÂ³c2ãcscSCsRÂ#’ãCƒ3“#““““Sc“ƒS"ÂãÒÂ³c2ãSs“S“““““SC"Â#’ãCc#Cs““““cS#3rÂãÒÂ³c2ãScs3ccCÂ#’ãC3S#3““““ƒ#c“BÂãÒÂ³c2ãS3sƒC"Â#’ãCs3C““““ss#sbÂãÒÂ³c2ãCcCƒ““““SƒƒbÂ#’ãCcƒS#s3rÂãÒÂ³c2ãCC#SS#cc“S#bÂ#’ãCƒSƒcs“S3rÂãÒÂ³c2ãS“ƒCCƒ“cÂ#’ãC“C#c#ƒ“#Cƒ“bÂãÕÕ××ÒÂ²'G—R#¢$fVGW&R"Â'&÷W'F–W2#¢²$æÖR#¢%Fæ2"Â%7–Ö&öÄ”B#¢#3R'ÒÂ&vVöÖWG'’#¢²'G—R#¢%öÇ–vöâ"Â&6ö÷&F–æFW2#¢µµ³cBãSSC#ƒ#’Â#’ã3CƒSC3c#RÂãÒÂ³cBãSƒ#““““c““‚Â#’ã3SC33CCs‚ÂãÒÂ³cBãScsc“““““3ScÂ#’ã3sC“#cƒ3SbÂãÒÂ³cBãCscC#cƒBÂ#’ã3“ƒc““““SSƒcbÂãÒÂ³cBãCccCS3cs#rÂ#’ãC33s3#S32ÂãÒÂ³cBãCcS““““cS“#’Â#’ãCC3CC““““ƒscƒ‚ÂãÒÂ³cBãC3c#3ƒrÂ#’ãCcƒ3““““Scc3bÂãÒÂ³cBãC#ƒ3c#3’Â#’ãCc““C3“sRÂãÒÂ³cBã3#S#CC#SsÂ#’ãCssƒc““rÂãÒÂ³cBã3##3#cCÂ#’ãS““#““““sc“s#BÂãÒÂ³cBãƒc““#ƒƒ3RÂ#’ãCS“#“33SC‚ÂãÒÂ³cBãcsc““““cƒBÂ#’ã3“s“C3“s2ÂãÒÂ³cBãC3Sƒ3cƒ2Â#’ãCC#c““““scsC2ÂãÒÂ³cBãCS“ƒ3scsrÂ#’ãC#ƒscCCbÂãÒÂ³cBãssS“““““ƒC"Â#’ãCccc#ƒ3ƒ"ÂãÒÂ³cBã#c##3“#BÂ#’ãSsSS““““““C3RÂãÒÂ³cBãS3ƒ#3cƒrÂ#’ãSs#3““““c#c3SrÂãÒÂ³cBãCCCc#cƒƒRÂ#’ãS3“c#c#“#rÂãÒÂ³cBãCSCS“““““s“#"Â#’ãS#“#3CƒbÂãÒÂ³cBãCƒcSS““““cCC32Â#’ãS#“s““““css#ƒRÂãÒÂ³cBãS“cC“BÂ#’ãS3#3““sc"ÂãÒÂ³cBãSƒ#3cC2Â#’ãSƒ33#““““Ss“ƒbÂãÒÂ³cBãcCcs#S"Â#’ãSƒ3cC“““““CsSc‚ÂãÒÂ³cBãSƒ“S““““s3C#RÂ#’ãSSc““““Sƒƒƒ2ÂãÒÂ³cBãSS#SS“““““CCÂ#’ãCƒƒc3ƒ3sC2ÂãÒÂ³cBãSCcs#CS3RÂ#’ãCSc“scSC“bÂãÒÂ³cBãS3Cƒ““““Sc3ƒ’Â#’ãCc3ƒ““““sCƒsCrÂãÒÂ³cBãC“ss““““““srÂ#’ãCCƒsCS3"ÂãÒÂ³cBãC““S#C“RÂ#’ãC3ƒ#““ƒ3rÂãÒÂ³cBãSSCsS““““ssC"Â#’ãC3ssCC2ÂãÒÂ³cBãSC“#3s#sbÂ#’ãC3sƒ“““““ƒbÂãÒÂ³cBãS#c##““““ƒCc’Â#’ãC3#sC#bÂãÒÂ³cBãScC#s3c2Â#’ã3“s3#““““ƒs“cbÂãÒÂ³cBãSƒS3cC2Â#’ã3ƒCs““““ƒS#ƒBÂãÒÂ³cBãSc3#““““c33RÂ#’ã3sc“#““““ƒ“sÂãÒÂ³cBãSSC#ƒ#’Â#’ã3CƒSC3c#RÂãÕÕ××ÒÂ²'G—R#¢$fVGW&R"Â'&÷W'F–W2#¢²$æÖR#¢%FÖò"Â%7–Ö&öÄ”B#¢#’'ÒÂ&vVöÖWG'’#¢²'G—R#¢%öÇ–vöâ"Â&6ö÷&F–æFW2#¢µµ³c2ãcCS3S“S#bÂ#’ãCƒ#Cc#ƒ“‚ÂãÒÂ³c2ãc#“###“sbÂ#’ãCSƒSsSCS2ÂãÒÂ³c2ãc#cS“##ƒ3bÂ#’ãCSSS3#“C"ÂãÒÂ³c2ãcƒ3c“““““sSS“BÂ#’ãCc#S“““““s“"ÂãÒÂ³c2ãcCS3S“S#bÂ#’ãCƒ#Cc#ƒ“‚ÂãÕÕ××ÒÂ²'G—R#¢$fVGW&R"Â'&÷W'F–W2#¢²$æÖR#¢%FÖò"Â%7–Ö&öÄ”B#¢#’'ÒÂ&vVöÖWG'’#¢²'G—R#¢%öÇ–vöâ"Â&6ö÷&F–æFW2#¢µµ³cBã3#“ƒc“““““cÂ#’ãC“3#33cC#“"ÂãÒÂ³cBã#sS3“#Cƒ3bÂ#’ãCƒ#ƒ3#sƒBÂãÒÂ³cBã#cƒ“““““scSbÂ#’ãCƒ3C““““Ss#ƒCRÂãÒÂ³cBã3##3#cCÂ#’ãS““#““““sc“s#BÂãÒÂ³cBã3#“ƒc“““““cÂ#’ãC“3#33cC#“"ÂãÕÕ××ÒÂ²'G—R#¢$fVGW&R"Â'&÷W'F–W2#¢²$æÖR#¢%²"Â%7–Ö&öÄ”B#¢#'ÒÂ&vVöÖWG'’#¢²'G—R#¢%öÇ–vöâ"Â&6ö÷&F–æFW2#¢µµ³cã3ƒ#ƒ##ƒsbÂ#’ãSƒ##s““““s###’ÂãÒÂ³cã3Ss““““ss3#2Â#’ãSC“c““““ƒ“ScBÂãÒÂ³cã3Cƒ““““scƒsÂ#’ãSCƒ“#Ss“’ÂãÒÂ³cã3ƒ#ƒ##ƒsbÂ#’ãSƒ##s““““s###’ÂãÕÕ××ÒÂ²'G—R#¢$fVGW&R"Â'&÷W'F–W2#¢²$æÖR#¢$·2"Â%7–Ö&öÄ”B#¢#'ÒÂ&vVöÖWG'’#¢²'G—R#¢%öÇ–vöâ"Â&6ö÷&F–æFW2#¢µµ³cã3##C#S3BÂ#’ãS3#C“““““ƒsSRÂãÒÂ³cã#ƒCCs2Â#’ãScSƒ#c“rÂãÒÂ³cãs#cƒƒ“Â#’ãc##“SC#CS2ÂãÒÂ³cã#c#““““ƒS3BÂ#’ãcSƒc“ƒrÂãÒÂ³cã#33sc““““sƒSc’Â#’ãSƒSCS#sCbÂãÒÂ³cã3S“c““““ƒSsÂ#’ãSC#sC““““s#sƒ"ÂãÒÂ³cã3##C#S3BÂ#’ãS3#C“““““ƒsSRÂãÕÕ××ÒÂ²'G—R#¢$fVGW&R"Â'&÷W'F–W2#¢²$æÖR#¢%²"Â%7–Ö&öÄ”B#¢#'ÒÂ&vVöÖWG'’#¢²'G—R#¢%öÇ–vöâ"Â&6ö÷&F–æFW2#¢µµ³cã3cƒ#3C#srÂ#’ãSƒ“C““““ƒ33ƒ2ÂãÒÂ³cã3#Cc““““S“ƒrÂ#’ãSs3ƒsC#3BÂãÒÂ³cã#ƒ#S3ƒs#sBÂ#’ãS“sS#Cs“3‚ÂãÒÂ³cã#3“ƒ#““““SSC’Â#’ãcC3““““ccƒ#ƒ"ÂãÒÂ³cã#sƒs“““““c#“bÂ#’ãcƒCs3“#3"ÂãÒÂ³cã3cƒ#3C#srÂ#’ãSƒ“C““““ƒ33ƒ2ÂãÕÕ××ÒÂ²'G—R#¢$fVGW&R"Â'&÷W'F–W2#¢²$æÖR#¢%²"Â%7–Ö&öÄ”B#¢#'ÒÂ&vVöÖWG'’#¢²'G—R#¢%öÇ–vöâ"Â&6ö÷&F–æFW2#¢µµ³cãSCC#ƒ#“ƒRÂ#’ãsc3“““““““3bÂãÒÂ³cã3cc““““sssRÂ#’ãss##““““ƒ“c2ÂãÒÂ³cã“C3C““““sssCRÂ#’ãƒ3“c“““““cSS#“RÂãÒÂ³cãcc““““s#s’Â#’ãƒ“ƒ““““s3ssBÂãÒÂ³cãS#sƒ““““SSƒ“Â#’ãss“3s““““Sƒs3srÂãÒÂ³cãSCC#ƒ#“ƒRÂ#’ãsc3“““““““3bÂãÕÕ××ÒÂ²'G—R#¢$fVGW&R"Â'&÷W'F–W2#¢²$æÖR#¢%""Â%7–Ö&öÄ”B#¢#C’'ÒÂ&vVöÖWG'’#¢²'G—R#¢%öÇ–vöâ"Â&6ö÷&F–æFW2#¢µµ³crã3C#33#s’Â3ãcC“3#c#’ÂãÒÂ³crã#“3“c#BÂ3ãcS#3s“sBÂãÒÂ³crãS#3ƒCBÂ3ãcƒ33##“3’ÂãÒÂ³crã3C#33#s’Â3ãcC“3#c#’ÂãÕÕ××ÒÂ²'G—R#¢$fVGW&R"Â'&÷W'F–W2#¢²$æÖR#¢%"Â%7–Ö&öÄ”B#¢#‚'ÒÂ&vVöÖWG'’#¢²'G—R#¢%öÇ–vöâ"Â&6ö÷&F–æFW2#¢µµ³cbãƒS3“CƒS2Â3ãƒ“c3##C3‚ÂãÒÂ³cbãssCCsBÂ3ãƒS“Sƒc3’ÂãÒÂ³cbãssssƒSRÂ3ãƒ““S“““““C"ÂãÒÂ³cbãƒS3“CƒS2Â3ãƒ“c3##C3‚ÂãÕÕ××ÒÂ²'G—R#¢$fVGW&R"Â'&÷W'F–W2#¢²$æÖR#¢%FöÒ"Â%7–Ö&öÄ”B#¢#c"'ÒÂ&vVöÖWG'’#¢²'G—R#¢%öÇ–vöâ"Â&6ö÷&F–æFW2#¢µµ³crãcƒ““““c“3‚Â3ã“cc3““““s3c##bÂãÒÂ³cbã““SC““““ƒscBÂ3ãc“ƒ“““““3S‚ÂãÒÂ³cbã“ƒC#ƒ#’Â3ãs3#““3C2ÂãÒÂ³cbã“s“S#CƒÂ3ãƒƒ“““““ƒƒS3‚ÂãÒÂ³cbã“#Ss““““Scs3bÂ3ãsCcS“sSbÂãÒÂ³cbã“SscCƒS“rÂ3ãCCc"ÂãÒÂ³crãc3““““ƒƒƒbÂ3ã33C““““ƒ#csBÂãÒÂ³crã#3Cƒ#RÂ3ãCcCC““““ƒcsc#rÂãÒÂ³crãcƒ““““c“3‚Â3ã“cc3““““s3c##bÂãÕÕ××ÒÂ²'G—R#¢$fVGW&R"Â'&÷W'F–W2#¢²$æÖR#¢%FöÒ"Â%7–Ö&öÄ”B#¢#c"'ÒÂ&vVöÖWG'’#¢²'G—R#¢%öÇ–vöâ"Â&6ö÷&F–æFW2#¢µµ³cbã“““ƒ““““““3bÂ3ã#cƒ“SrÂãÒÂ³crã“ƒ“3#33Â3ã#ƒS“#ƒSBÂãÒÂ³crãSS3“CCƒ"Â3ã##cSs““““scs#BÂãÒÂ³crãSSCƒ“rÂ3ã###ƒ““““SS3ƒs2ÂãÒÂ³cbã“““ƒ““““““3bÂ3ã#cƒ“SrÂãÕÕ××ÒÂ²'G—R#¢$fVGW&R"Â'&÷W'F–W2#¢²$æÖR#¢%B"Â%7–Ö&öÄ”B#¢#r'ÒÂ&vVöÖWG'’#¢²'G—R#¢%öÇ–vöâ"Â&6ö÷&F–æFW2#¢µµ³crã#ƒ3cC3sBÂ3ã“ƒ3s“ƒS#bÂãÒÂ³crã#ccS#3cBÂ3ã“sC“““““c“csc2ÂãÒÂ³crã#C3S“““““3CÂ3ã““CCcÂãÒÂ³crã#c““ƒsc“2Â3ãƒ#“ƒbÂãÒÂ³crã#ƒ3cC3sBÂ3ã“ƒ3s“ƒS#bÂãÕÕ××ÒÂ²'G—R#¢$fVGW&R"Â'&÷W'F–W2#¢²$æÖR#¢%"Â%7–Ö&öÄ”B#¢#'ÒÂ&vVöÖWG'’#¢²'G—R#¢%öÇ–vöâ"Â&6ö÷&F–æFW2#¢µµ³crãCsƒc““’Â3ã3cs3s#s‚ÂãÒÂ³crãcƒSSƒ#S"Â3ã““ssC““““ƒc#cc2ÂãÒÂ³crãsS“““““3CÂ3ã“sS“““““Sƒ3SBÂãÒÂ³crã#“C““““ss#s"Â3ã“CSC#““““““CS2ÂãÒÂ³crãc3ƒS#ss3BÂ3ã“3Sc#ƒƒrÂãÒÂ³crã##3““““Sc3‚Â3ã“CcccS“"ÂãÒÂ³crã3Cƒ3““““scc#2Â3ã“cScc““““ƒscrÂãÒÂ³crãƒƒc#ƒƒƒ"Â3ãCSs““““ƒC#ƒrÂãÒÂ³crã##sSƒ““““SsƒƒrÂ3ãS3Ss““““ss#rÂãÒÂ³crãCsƒc““’Â3ã3cs3s#s‚ÂãÕÕ××ÒÂ²'G—R#¢$fVGW&R"Â'&÷W'F–W2#¢²$æÖR#¢%B"Â%7–Ö&öÄ”B#¢#r'ÒÂ&vVöÖWG'’#¢²'G—R#¢%öÇ–vöâ"Â&6ö÷&F–æFW2#¢µµ³crã3s33“S"Â3ãSs“SCƒBÂãÒÂ³crã3Cs3cc3“’Â3ãs“ƒC#Sƒ‚ÂãÒÂ³crã3#3C“‚Â3ãC“#C““““cƒssƒ‚ÂãÒÂ³crã#c33““““sƒ#RÂ3ãC3“c“““““SS’ÂãÒÂ³crã3S“““““cCcƒÂ3ãcSƒC3Sƒ"ÂãÒÂ³crã3#S““““c““#rÂ3ãssccCƒsBÂãÒÂ³crã#ƒ“ƒsRÂ3ãƒƒc#C#s2ÂãÒÂ³crã3s33“S"Â3ãSs“SCƒBÂãÕÕ××ÒÂ²'G—R#¢$fVGW&R"Â'&÷W'F–W2#¢²$æÖR#¢%FöÒ"Â%7–Ö&öÄ”B#¢#c"'ÒÂ&vVöÖWG'’#¢²'G—R#¢%öÇ–vöâ"Â&6ö÷&F–æFW2#¢µµ³crãsƒ3c3“rÂ3ã#“ƒƒ“““““#3c3"ÂãÒÂ³crã“C#S““““c““#bÂ3ãsS““““ƒs3C2ÂãÒÂ³crã3ƒ“SCC##BÂ3ãc“sSS"ÂãÒÂ³crã3“ƒsC#bÂ3ã#CC““““ccssƒrÂãÒÂ³crãS“3c“S"Â3ã#s3ƒ#’ÂãÒÂ³crãƒcS“#ƒC2Â3ã##3CS#s3ƒ2ÂãÒÂ³crãsƒ3c3“rÂ3ã#“ƒƒ“““““#3c3"ÂãÕÕ××ÒÂ²'G—R#¢$fVGW&R"Â'&÷W'F–W2#¢²$æÖR#¢%"Â%7–Ö&öÄ”B#¢##2'ÒÂ&vVöÖWG'’#¢²'G—R#¢%öÇ–vöâ"Â&6ö÷&F–æFW2#¢µµ³c‚ã###“c3sC‚Â3ã3“sc“CsscsssBÂãÒÂ³crã“cCS3““““s##BÂ3ãC#s“““bÂãÒÂ³crã“3ƒ#CscÂ3ãC#3C“““““c#S33RÂãÒÂ³c‚ã###“c3sC‚Â3ãCCƒs#ƒ#S3c3bÂãÒÂ³c‚ã###“c3sC‚Â3ã3“sc“CsscsssBÂãÕÕ××ÒÂ²'G—R#¢$fVGW&R"Â'&÷W'F–W2#¢²$æÖR#¢%"Â%7–Ö&öÄ”B#¢##2'ÒÂ&vVöÖWG'’#¢²'G—R#¢%öÇ–vöâ"Â&6ö÷&F–æFW2#¢µµ³crã“33“CƒSRÂ3ãCS“3c3c3‚ÂãÒÂ³crã“ssCƒ#“"Â3ãCSSC#c#2ÂãÒÂ³c‚ã###“c3sC‚Â3ãC#Cƒ3cs#S“ƒbÂãÒÂ³crã“33“CƒSRÂ3ãCS“3c3c3‚ÂãÕÕ××ÒÂ²'G—R#¢$fVGW&R"Â'&÷W'F–W2#¢²$æÖR#¢$§2"Â%7–Ö&öÄ”B#¢#SR'ÒÂ&vVöÖWG'’#¢²'G—R#¢$×VÇF•öÇ–vöâ"Â&6ö÷&F–æFW2#¢µµµ³crãƒSSs“#ƒBÂ3ãS3C#““““S“ƒ3rÂãÒÂ³c‚ã###“c3sC‚Â3ãS##cƒƒ#S#“BÂãÒÂ³c‚ã###“c3sC‚Â3ãC“sCscSƒ#CbÂãÒÂ³crã“Cƒs#CSBÂ3ãS3sSSRÂãÒÂ³c‚ã###“c3sC‚Â3ãCƒcs3cSsSsS"ÂãÒÂ³c‚ã###“c3sC‚Â3ãC3sC3ƒ““S#SrÂãÒÂ³crãƒC#3““““ƒsc2Â3ãSSC##3#“2ÂãÒÂ³crãsCCƒc““““SSƒrÂ3ãS33c3c3ssRÂãÒÂ³crãs#ƒƒ3CSbÂ3ãSCsƒ“““““SƒSsRÂãÒÂ³crãc“Ccs““““ƒƒ#rÂ3ãS#cC““““c#ƒ"ÂãÒÂ³crãs#“cC3s‚Â3ãSC#CCc2ÂãÒÂ³crãscƒSC##ƒrÂ3ãSC“s““““ƒsƒcBÂãÒÂ³crãƒcƒ“cƒS"Â3ãSƒ#3##s“"ÂãÒÂ³crãƒss#ƒs“BÂ3ãS#SC“““““s#S“‚ÂãÒÂ³crãƒSSs“#ƒBÂ3ãS3C#““““S“ƒ3rÂãÕÕÒÂµµ³c‚ã###“c3sC‚Â3ã3SSc3ƒƒƒBÂãÒÂ³crã“c“““““““s#’Â3ã3s3ƒC“SBÂãÒÂ³crã“ƒS““““Sc“3’Â3ã3ƒ3#ƒ““““s33s3BÂãÒÂ³crãƒCC“S3C#2Â3ãCssƒ#CcƒcBÂãÒÂ³crãs“sSC#sƒ2Â3ãCc“CƒƒƒrÂãÒÂ³crãs33Cc“““““CcÂ3ãCs““““““CccBÂãÒÂ³crãsscsCCS#2Â3ãCcƒƒC“s"ÂãÒÂ³crãss“c33ƒ2Â3ãCsƒƒƒ3s’ÂãÒÂ³crãsƒSC“““““s#S’Â3ãCƒ3C#3#“#BÂãÒÂ³crãƒcsƒ““““ƒƒs"Â3ãCs##s3c#SBÂãÒÂ³crã“sc3S““““ƒC‚Â3ãC3Ss““““scss‚ÂãÒÂ³c‚ã###“c3sC‚Â3ãCCƒs#ƒ#S3c3bÂãÒÂ³crã“3ƒ#ƒ““““cƒ3s‚Â3ãC“S3““““Ss3ƒBÂãÒÂ³crã“cCS3““““s##BÂ3ãC#s“““bÂãÒÂ³c‚ã###“c3sC‚Â3ã3“sc“CsscsssBÂãÒÂ³c‚ã###“c3sC‚Â3ã3SSc3ƒƒƒBÂãÕÕÕ××ÒÂ²'G—R#¢$fVGW&R"Â'&÷W'F–W2#¢²$æÖR#¢$²"Â%7–Ö&öÄ”B#¢#S‚'ÒÂ&vVöÖWG'’#¢²'G—R#¢%öÇ–vöâ"Â&6ö÷&F–æFW2#¢µµ³crã“C3cƒ““““S“3ƒbÂ3ãSS3C“c3C3bÂãÒÂ³crã“sC“3“c#‚Â3ãSSC“s““““c#s33RÂãÒÂ³crã“ƒƒƒ“““““ƒ3SbÂ3ãSC“cs““““ƒ3#cRÂãÒÂ³crã“sC““““cs#s‚Â3ãSCc##3S#ssbÂãÒÂ³crã“C3cƒ““““S“3ƒbÂ3ãSS3C“c3C3bÂãÕÕ××ÒÂ²'G—R#¢$fVGW&R"Â'&÷W'F–W2#¢²$æÖR#¢%"Â%7–Ö&öÄ”B#¢#'ÒÂ&vVöÖWG'’#¢²'G—R#¢%öÇ–vöâ"Â&6ö÷&F–æFW2#¢µµ³crãsƒ“c““““ss‚Â3ãC#“C33#"ÂãÒÂ³crãƒCs#““““ƒ3"Â3ã3“C“3S#"ÂãÒÂ³crãƒSs#Cƒ‚Â3ã3ƒ#ƒS““““cƒ“#ƒ‚ÂãÒÂ³crãƒ#ƒ#ƒ32Â3ã3ƒ#S#“s“2ÂãÒÂ³crãsSSc“““““ƒSSRÂ3ãC3s#““““ƒ3“c“rÂãÒÂ³crãsƒ“c““““ss‚Â3ãC#“C33#"ÂãÕÕ××ÒÂ²'G—R#¢$fVGW&R"Â'&÷W'F–W2#¢²$æÖR#¢%Fâ"Â%7–Ö&öÄ”B#¢#'ÒÂ&vVöÖWG'’#¢²'G—R#¢%öÇ–vöâ"Â&6ö÷&F–æFW2#¢µµ³crãS#3cc““““ƒscbÂ3ãCC3#S““““ƒC“CrÂãÒÂ³crãS33S3“““““s‚Â3ãCs#sCsrÂãÒÂ³crãCƒc“cC3srÂ3ãC#ƒs“3rÂãÒÂ³crã3ƒsC““““ssrÂ3ãC#ƒ#“““““SCSƒ"ÂãÒÂ³crã3c#SC“““““ƒ#SRÂ3ãCCƒC3#CbÂãÒÂ³crãCc““““ƒ#3bÂ3ãCCS3s#SSC‚ÂãÒÂ³crãCc3#ƒÂ3ãC#3s3c3RÂãÒÂ³crãCƒ“3S#SbÂ3ãC#sƒƒc“bÂãÒÂ³crãS#ƒ“#s33BÂ3ãCS3cC33sBÂãÒÂ³crãS#3cc““““ƒscbÂ3ãCC3#S““““ƒC“CrÂãÕÕ××ÒÂ²'G—R#¢$fVGW&R"Â'&÷W'F–W2#¢²$æÖR#¢%Fâ"Â%7–Ö&öÄ”B#¢#'ÒÂ&vVöÖWG'’#¢²'G—R#¢%öÇ–vöâ"Â&6ö÷&F–æFW2#¢µµ³crãCcsƒC““““Sssƒ‚Â3ãc3C“c3SbÂãÒÂ³crãCsSƒc#3ƒƒrÂ3ãS“S##CƒrÂãÒÂ³crãSsc““““scsÂ3ãcƒ“““““3c‚ÂãÒÂ³crãs#c“3C3#’Â3ãSsƒs3S#ƒ2ÂãÒÂ³crãsƒƒ“ƒ3#cƒ2Â3ãSƒƒ3#ƒC33BÂãÒÂ³crãƒ3“““““““CcbÂ3ãSsƒ3C3“scrÂãÒÂ³crãcc#C#cƒ‚Â3ãSS““““““ƒ#bÂãÒÂ³crãCsƒCs“SÂ3ãScs3ƒ3ƒcssrÂãÒÂ³crãCssƒ““““s“3#Â3ãS3sC““““csƒÂãÒÂ³crãCS3SS““““s“C#Â3ãSƒsc““““ƒ3Scƒ2ÂãÒÂ³crã3ƒ“ƒC3SƒÂ3ãC“C#33#ƒ#2ÂãÒÂ³crã33CC“rÂ3ãCƒƒ3“““““cc"ÂãÒÂ³crã#csCƒ#‚Â3ãC3“3C“Cƒ‚ÂãÒÂ³crã#S“““““ƒcSbÂ3ãC#c3CC“"ÂãÒÂ³crã3333s“CrÂ3ãC3sƒ3“““““c“2ÂãÒÂ³crã3#“sSc#S"Â3ãC##SC““““ƒƒ#c"ÂãÒÂ³crã3ssƒ““““ƒƒs"Â3ãCSC#cbÂãÒÂ³crãsƒ“#S33RÂ3ã3“C“#Ss““BÂãÒÂ³crãSƒCCsBÂ3ã3ƒS3““““s##32ÂãÒÂ³crã#cCCc““““c“s’Â3ãCƒ3S““““s“#s2ÂãÒÂ³crã##“3““““sScsrÂ3ãCƒC33ƒC#‚ÂãÒÂ³crãs#Cs““““cS#2Â3ãCScsc““““c3SƒÂãÒÂ³crãƒƒƒS““““Sƒ“3BÂ3ãCƒS3““““ss"ÂãÒÂ³crã#3sc3““““ƒƒcBÂ3ãC“ƒc3““““c3c3BÂãÒÂ³crãC#S“““““c“‚Â3ãS“cC#S3RÂãÒÂ³crãCcsƒC““““Sssƒ‚Â3ãc3C“c3SbÂãÕÕ××ÒÂ²'G—R#¢$fVGW&R"Â'&÷W'F–W2#¢²$æÖR#¢%Fâ"Â%7–Ö&öÄ”B#¢#'ÒÂ&vVöÖWG'’#¢²'G—R#¢%öÇ–vöâ"Â&6ö÷&F–æFW2#¢µµ³crãS3C““cC"Â3ãC“sCƒ““““cc3‚ÂãÒÂ³crãSCsCsCRÂ3ãCƒcs“““““3#"ÂãÒÂ³crãcSC3#“C3RÂ3ãCƒƒ#““““cSCs“"ÂãÒÂ³crãcS##scCbÂ3ãCCs3“““““2ÂãÒÂ³crãSCsSs“““““sÂ3ãCsSs#S3ƒRÂãÒÂ³crãCs#“s““““c#s3BÂ3ãCcS““““cƒcsrÂãÒÂ³crãScSC###"Â3ãCƒs3ƒ“3“bÂãÒÂ³crãCƒ““c3’Â3ãCƒ“c#c#“ƒRÂãÒÂ³crãS3C““cC"Â3ãC“sCƒ““““cc3‚ÂãÕÕ××ÒÂ²'G—R#¢$fVGW&R"Â'&÷W'F–W2#¢²$æÖR#¢$§G""Â%7–Ö&öÄ”B#¢#s‚'ÒÂ&vVöÖWG'’#¢²'G—R#¢%öÇ–vöâ"Â&6ö÷&F–æFW2#¢µµ³crãƒ33#ƒC3RÂ3ãSs“s““““Sss3CBÂãÒÂ³crã“CcC“““““csS3"Â3ãCSƒ3ƒ3c“rÂãÒÂ³crã“33“CƒSRÂ3ãCS“3c3c3‚ÂãÒÂ³crãs#ƒscS2Â3ãS##3sƒc"ÂãÒÂ³crãƒ33#ƒC3RÂ3ãSs“s““““Sss3CBÂãÕÕ××ÒÂ²'G—R#¢$fVGW&R"Â'&÷W'F–W2#¢²$æÖR#¢$²"Â%7–Ö&öÄ”B#¢#S‚'ÒÂ&vVöÖWG'’#¢²'G—R#¢%öÇ–vöâ"Â&6ö÷&F–æFW2#¢µµ³crãcsccCƒsbÂ3ãS#CSs““““scs#BÂãÒÂ³crãS“#3CSBÂ3ãSC#CC“rÂãÒÂ³crãCsƒCs“SÂ3ãScs3ƒ3ƒcssrÂãÒÂ³crãc#3“““““scÂ3ãSSCcsƒ“sbÂãÒÂ³crãsƒƒ“ƒ3#cƒ2Â3ãSs“““““3ƒs"ÂãÒÂ³crã“#C““““cSsƒBÂ3ãSS#3CC“S2ÂãÒÂ³crãƒ“s#““““s3#‚Â3ãSCCs““““ƒsrÂãÒÂ³crãƒ“cƒ““““sS3srÂ3ãS3#ƒ#““““ƒCcsbÂãÒÂ³crãƒS3sc““““cƒSsrÂ3ãS3#C3#CC3CrÂãÒÂ³crãƒs3s“““““ss#bÂ3ãSƒc3cƒs’ÂãÒÂ³crãssƒs###s’Â3ãSC“ƒC3#RÂãÒÂ³crãs#“cC3s‚Â3ãSC#CCc2ÂãÒÂ³crãc“Ccs““““ƒƒ#rÂ3ãS#cC““““c#ƒ"ÂãÒÂ³crãcscƒ#"Â3ãSSƒ#“ƒBÂãÒÂ³crãcsc3“““““Sc3rÂ3ãS#cs3““““SSCÂãÒÂ³crãs3S3S“C2Â3ãCƒscSCsC“RÂãÒÂ³crãs“3#s““““ƒs#BÂ3ãCƒs““““ƒƒƒ3rÂãÒÂ³crãƒc3s““““ƒƒsbÂ3ãCsScCƒS“32ÂãÒÂ³crãƒs##S““““s““#Â3ãCsc#S3ƒBÂãÒÂ³crãƒc#cS““““SS“CÂ3ãCcƒcƒ““““ƒC3cbÂãÒÂ³crãsƒSC“““““s#S’Â3ãCƒ3C#3#“#BÂãÒÂ³crãss“c33ƒ2Â3ãCsƒƒƒ3s’ÂãÒÂ³crãsscsCCS#2Â3ãCcƒƒC“s"ÂãÒÂ³crãcƒC“#““““““c2Â3ãCscCc##ƒƒƒ2ÂãÒÂ³crãcs3SS33##‚Â3ãCƒƒs3S3‚ÂãÒÂ³crãc“33s“S"Â3ãCƒcs3Cƒ3bÂãÒÂ³crãcƒs#c3CƒsrÂ3ãC“s“s““““sss#RÂãÒÂ³crãc3C3#cC2Â3ãS3cs#s33‚ÂãÒÂ³crãC““#““““cCƒ2Â3ãC“cS“““““““S2ÂãÒÂ³crãCsS“c“““““SbÂ3ãCƒCs3#ƒ“3CbÂãÒÂ³crãSCs“C2Â3ãCƒsC#““““s“CrÂãÒÂ³crãSS“3CRÂ3ãCss3C3Cƒ2ÂãÒÂ³crãCSssƒ““““sƒs‚Â3ãCSc““““sscsC2ÂãÒÂ³crã3cs“#““““ƒc“cbÂ3ãCc33#“C2ÂãÒÂ³crã3#cCc““““ƒ“cbÂ3ãCS#c““““c3ƒRÂãÒÂ³crã3333s“CrÂ3ãC3sƒ3“““““c“2ÂãÒÂ³crã#S“““““ƒcSbÂ3ãC#c3CC“"ÂãÒÂ³crã#“c“SC#C2Â3ãCC“sc#3“CRÂãÒÂ³crã3C“C““BÂ3ãCƒƒ“ƒ##cƒ’ÂãÒÂ³crãC##SsSrÂ3ãCs#Sƒ““““ƒ#ƒrÂãÒÂ³crãCs##S““““c““2Â3ãSsC““““““#S2ÂãÒÂ³crãcsccCƒsbÂ3ãS#CSs““““scs#BÂãÕÕ××ÒÂ²'G—R#¢$fVGW&R"Â'&÷W'F–W2#¢²$æÖR#¢%G"Â%7–Ö&öÄ”B#¢#R'ÒÂ&vVöÖWG'’#¢²'G—R#¢%öÇ–vöâ"Â&6ö÷&F–æFW2#¢µµ³crãcƒsƒ“““““ƒc2Â3ãSCsSC““““c3#ƒRÂãÒÂ³crãs3#S““““cC“3"Â3ãSƒc#3#ƒrÂãÒÂ³crãƒC#“ƒ““““ƒƒƒc2Â3ãCƒCƒc“bÂãÒÂ³crãƒc#““““s““sÂ3ãCsƒc“““““cRÂãÒÂ³crãs3S3S“C2Â3ãCƒscSCsC“RÂãÒÂ³crãcsc3“““““Sc3rÂ3ãS#cs3““““SSCÂãÒÂ³crãcƒsƒ“““““ƒc2Â3ãSCsSC““““c3#ƒRÂãÕÕ××ÒÂ²'G—R#¢$fVGW&R"Â'&÷W'F–W2#¢²$æÖR#¢%GB"Â%7–Ö&öÄ”B#¢#R'ÒÂ&vVöÖWG'’#¢²'G—R#¢%öÇ–vöâ"Â&6ö÷&F–æFW2#¢µµ³crãcƒc“““““ƒS’Â3ãS#“C“““““33ÂãÒÂ³crãCs##S““““c““2Â3ãSsC““““““#S2ÂãÒÂ³crãC##SsSrÂ3ãCs#Sƒ““““ƒ#ƒrÂãÒÂ³crã3cƒs#““““ƒƒ“cBÂ3ãCƒ“ƒ#c“ƒ3‚ÂãÒÂ³crãC3ƒ““““sƒsRÂ3ãC“3“S““““cSC#“BÂãÒÂ³crãCss3““““s“c"Â3ãS#3#BÂãÒÂ³crãS3s““““ƒC#‚Â3ãS#ƒ“C#ƒƒBÂãÒÂ³crãCs“##s#ƒBÂ3ãScC3SS#SBÂãÒÂ³crãS“#3CSBÂ3ãSC#CC“rÂãÒÂ³crãcƒc“““““ƒS’Â3ãS#“C“““““33ÂãÕÕ××ÒÂ²'G—R#¢$fVGW&R"Â'&÷W'F–W2#¢²$æÖR#¢$²"Â%7–Ö&öÄ”B#¢#S‚'ÒÂ&vVöÖWG'’#¢²'G—R#¢%öÇ–vöâ"Â&6ö÷&F–æFW2#¢µµ³crã3ƒsS#3Csƒ"Â3ãC“c#3CS"ÂãÒÂ³crãCS3SS““““s“C#Â3ãSƒsc““““ƒ3Scƒ2ÂãÒÂ³crãCssƒ““““s“3#Â3ãS3sC““““csƒÂãÒÂ³crãCs“3““““sƒ#bÂ3ãSc#cƒ“““““C3SƒbÂãÒÂ³crãS3SC3s‚Â3ãS3S##““““ƒcCcrÂãÒÂ³crãCcC#SÂ3ãScS#“““““S“Ss2ÂãÒÂ³crãC3ƒ““““sƒsRÂ3ãC“3“S““““cSC#“BÂãÒÂ³crã3ƒsS#3Csƒ"Â3ãC“c#3CS"ÂãÕÕ××ÒÂ²'G—R#¢$fVGW&R"Â'&÷W'F–W2#¢²$æÖR#¢%G"Â%7–Ö&öÄ”B#¢#R'ÒÂ&vVöÖWG'’#¢²'G—R#¢%öÇ–vöâ"Â&6ö÷&F–æFW2#¢µµ³crãS“““““““s2Â3ãc3#c3““““ƒ3cS‚ÂãÒÂ³crãCs#c“““““3c"Â3ãc#ƒs““““ƒ#’ÂãÒÂ³crãSc3c#3c#s’Â3ãc#cC#3S’ÂãÒÂ³crãC3“S“““““C2Â3ãcSCc““““cCƒ2ÂãÒÂ³crã3ƒCS“#ƒCrÂ3ãSƒsCC“s3BÂãÒÂ³crãC“SC““““ƒ3#crÂ3ãcƒ““““ccƒÂãÒÂ³crã3““ƒc3ƒ“rÂ3ãc###S3sS#RÂãÒÂ³crãC3ƒc3“"Â3ãc3SCC3SS‚ÂãÒÂ³crãS“““““““s2Â3ãc3#c3““““ƒ3cS‚ÂãÕÕ××ÒÂ²'G—R#¢$fVGW&R"Â'&÷W'F–W2#¢²$æÖR#¢%"Â%7–Ö&öÄ”B#¢#Cr'ÒÂ&vVöÖWG'’#¢²'G—R#¢%öÇ–vöâ"Â&6ö÷&F–æFW2#¢µµ³crãcƒƒƒƒCsbÂ3ãc#s“““““ƒƒrÂãÒÂ³crãcssƒ#“cƒ"Â3ãc#Sƒ““““c3ƒ#bÂãÒÂ³crãcc3“““““cƒrÂ3ãc3##3s“CRÂãÒÂ³crãcƒ3CCCs2Â3ãc3#“C““““sC#s"ÂãÒÂ³crãcƒƒƒƒCsbÂ3ãc#s“““““ƒƒrÂãÕÕ××ÒÂ²'G—R#¢$fVGW&R"Â'&÷W'F–W2#¢²$æÖR#¢%"Â%7–Ö&öÄ”B#¢#Cr'ÒÂ&vVöÖWG'’#¢²'G—R#¢%öÇ–vöâ"Â&6ö÷&F–æFW2#¢µµ³crãcs333C2Â3ãc3s#“#333RÂãÒÂ³crãcC3s##S3‚Â3ãc#s“S““““ƒSCrÂãÒÂ³crãSS#ss3SSBÂ3ãc3c#““““ƒ“cRÂãÒÂ³crãcs333C2Â3ãc3s#“#333RÂãÕÕ××ÒÂ²'G—R#¢$fVGW&R"Â'&÷W'F–W2#¢²$æÖR#¢%"Â%7–Ö&öÄ”B#¢#Cr'ÒÂ&vVöÖWG'’#¢²'G—R#¢%öÇ–vöâ"Â&6ö÷&F–æFW2#¢µµ³crãƒ“S3““““cs2Â3ãc33cƒ3“bÂãÒÂ³crãs““3S““““ccC3"Â3ãc3S3““““ƒ“cRÂãÒÂ³crãs“s3C““““c#ƒ2Â3ãcCSCƒ#ƒrÂãÒÂ³crãƒSƒSs"Â3ãcC3CSsCrÂãÒÂ³crãƒ“S3““““cs2Â3ãc33cƒ3“bÂãÕÕ××ÒÂ²'G—R#¢$fVGW&R"Â'&÷W'F–W2#¢²$æÖR#¢$§G""Â%7–Ö&öÄ”B#¢#s‚'ÒÂ&vVöÖWG'’#¢²'G—R#¢%öÇ–vöâ"Â&6ö÷&F–æFW2#¢µµ³crãsƒƒS““““sƒ“#2Â3ãs33s“““““ƒsrÂãÒÂ³crãssS““““c3C2Â3ãs#3s“sC2ÂãÒÂ³crãcƒƒCS3cs#RÂ3ãcƒssƒ#CcƒCbÂãÒÂ³crãs3sƒS"Â3ãcsCCƒ““““ƒ3sbÂãÒÂ³crãc“ƒc““““s3sbÂ3ãcccs#C32ÂãÒÂ³crãs3ssC3S"Â3ãcS#33““““““SrÂãÒÂ³crãsC#ƒ#“rÂ3ãc3““#s“c2ÂãÒÂ³crãsSƒ#ScƒbÂ3ãc#sssƒSC’ÂãÒÂ³crãsc3#cCCƒs"Â3ãc#“S““““sC#ƒrÂãÒÂ³crãƒScsƒ““““SSƒƒ‚Â3ãc##sƒ“cƒƒ2ÂãÒÂ³crãƒ3ccC#3Sƒ’Â3ãcScC#ƒSƒbÂãÒÂ³crãƒ“##c#“ƒƒRÂ3ãc“cC3ƒSsS2ÂãÒÂ³crãƒƒ““““ƒ3ƒ"Â3ãc#ƒƒC"ÂãÒÂ³crãƒƒ#C““““sƒ3#"Â3ãS“c““““csc‚ÂãÒÂ³crã“###“ƒ3CÂ3ãcSC““““SsƒbÂãÒÂ³crã“3S3“SbÂ3ãcSCƒ““““cc3ƒ2ÂãÒÂ³crã“sƒ“““““ƒcÂ3ãS“ƒ#3““““ƒscrÂãÒÂ³crã“SC#““““““S‚Â3ãS“s#““““ƒ3CcbÂãÒÂ³c‚ã###“c3sC‚Â3ãcƒ#ssc“S“##rÂãÒÂ³c‚ã###“c3sC‚Â3ãcƒƒcs##CRÂãÒÂ³crã“cƒ33‚Â3ãSƒSS3#SrÂãÒÂ³crãƒ“cƒCÂ3ãSƒ““C#3ƒSBÂãÒÂ³crãs#c“3C3#’Â3ãSsƒs3S#ƒ2ÂãÒÂ³crãSsc““““scsÂ3ãcƒ“““““3c‚ÂãÒÂ³crãCsSƒc#3ƒƒrÂ3ãS“S##CƒrÂãÒÂ³crãCc#ƒsSC"Â3ãccC““““ƒ#ccRÂãÒÂ³crãSc3c#3c#s’Â3ãc#cC#3S’ÂãÒÂ³crãCs#c“““““3c"Â3ãc#ƒs““““ƒ#’ÂãÒÂ³crãS#CSsS"Â3ãc3S###“CrÂãÒÂ³crãcC3s##S3‚Â3ãc#s“S““““ƒSCrÂãÒÂ³crãcs333C2Â3ãc3s#“#333RÂãÒÂ³crãcsS““““““ƒÂ3ãcSSCSCs#bÂãÒÂ³crãS##“““““CcÂ3ãcC#cS““““cS“3RÂãÒÂ³crãsƒƒS““““sƒ“#2Â3ãs33s“““““ƒsrÂãÕÒÂµ³crãccƒS“““““3“Â3ãc#s3#““““Ss“ƒC"ÂãÒÂ³crãcƒ“sƒCBÂ3ãc3#S““““s“““2ÂãÒÂ³crãcc3“““““cƒrÂ3ãc3##3s“CRÂãÒÂ³crãccƒS“““““3“Â3ãc#s3#““““Ss“ƒC"ÂãÕÕ××ÒÂ²'G—R#¢$fVGW&R"Â'&÷W'F–W2#¢²$æÖR#¢%Fâ"Â%7–Ö&öÄ”B#¢#'ÒÂ&vVöÖWG'’#¢²'G—R#¢%öÇ–vöâ"Â&6ö÷&F–æFW2#¢µµ³crãS“33ƒ3ƒcs’Â3ãc3sc#““““s#CscbÂãÒÂ³crãCC“3Cc2Â3ãc3#C““““csƒ2ÂãÒÂ³crãC3“3s#SCRÂ3ãc3Sc3#CC‚ÂãÒÂ³crãcsS““““““ƒÂ3ãcSSCSCs#bÂãÒÂ³crãS“33ƒ3ƒcs’Â3ãc3sc#““““s#CscbÂãÕÕ××ÒÂ²'G—R#¢$fVGW&R"Â'&÷W'F–W2#¢²$æÖR#¢%"Â%7–Ö&öÄ”B#¢#Cr'ÒÂ&vVöÖWG'’#¢²'G—R#¢%öÇ–vöâ"Â&6ö÷&F–æFW2#¢µµ³crãscc#““““csCƒ"Â3ãc“Sƒc“rÂãÒÂ³crãsccsS“““““sCbÂ3ãc3“c#BÂãÒÂ³crãs3#33““““““BÂ3ãc3ƒSƒ3cc‚ÂãÒÂ³crãs“sccCƒsrÂ3ãc#3c““““csSƒ"ÂãÒÂ³crãsSSCC“sBÂ3ãc3S““““ƒƒccrÂãÒÂ³crãsSƒ#ScƒbÂ3ãc#sssƒSC’ÂãÒÂ³crãsC#ƒ#“rÂ3ãc3““#s“c2ÂãÒÂ³crãs3ssC3S"Â3ãcS#33““““““SrÂãÒÂ³crãc“ƒc““““s3sbÂ3ãcccs#C32ÂãÒÂ³crãs3sƒS"Â3ãcsCCƒ““““ƒ3sbÂãÒÂ³crãcƒƒCS3cs#RÂ3ãcƒssƒ#CcƒCbÂãÒÂ³crãs#C#C3ss"Â3ãs##““““SS33ƒ2ÂãÒÂ³crãs#“cssC‚Â3ãc““s““““Ssƒ3RÂãÒÂ³crãscc#““““csCƒ"Â3ãc“Sƒc“rÂãÕÕ××ÒÂ²'G—R#¢$fVGW&R"Â'&÷W'F–W2#¢²$æÖR#¢%B"Â%7–Ö&öÄ”B#¢#r'ÒÂ&vVöÖWG'’#¢²'G—R#¢%öÇ–vöâ"Â&6ö÷&F–æFW2#¢µµ³crã“C##3sƒbÂ3ãccSƒC““““ssss"ÂãÒÂ³crã“C3“““““ƒcrÂ3ãcc##“““““sCS#CBÂãÒÂ³crãƒƒSsƒ““““cƒƒRÂ3ãcc#3““““Sc3bÂãÒÂ³crãƒ““S“““““sC#RÂ3ãcsS3#““““ƒs“c3bÂãÒÂ³crã“C##3sƒbÂ3ãccSƒC““““ssss"ÂãÕÕ××ÒÂ²'G—R#¢$fVGW&R"Â'&÷W'F–W2#¢²$æÖR#¢$²"Â%7–Ö&öÄ”B#¢#S‚'ÒÂ&vVöÖWG'’#¢²'G—R#¢%öÇ–vöâ"Â&6ö÷&F–æFW2#¢µµ³crãƒ3c#s““““ƒ##‚Â3ãcSS33““““ƒCCbÂãÒÂ³crãƒcs““““““#BÂ3ãcs“““““s#cs3BÂãÒÂ³crãƒCS““““SƒC3‚Â3ãc“SsC“““““c#Ss"ÂãÒÂ³crãƒCc““““S“Sƒ‚Â3ãcc“33““““sC##bÂãÒÂ³crãƒ3c#s““““ƒ##‚Â3ãcSS33““““ƒCCbÂãÕÕ××ÒÂ²'G—R#¢$fVGW&R"Â'&÷W'F–W2#¢²$æÖR#¢$²"Â%7–Ö&öÄ”B#¢#S‚'ÒÂ&vVöÖWG'’#¢²'G—R#¢%öÇ–vöâ"Â&6ö÷&F–æFW2#¢µµ³crãsC“3““““sƒ2Â3ãs3cSbÂãÒÂ³crãsCcS““““cƒC#rÂ3ãcSS3ƒc#‚ÂãÒÂ³crãssC““““csƒ"Â3ãc“3cs““““ƒ3#rÂãÒÂ³crãsC“3““““sƒ2Â3ãs3cSbÂãÕÕ××ÒÂ²'G—R#¢$fVGW&R"Â'&÷W'F–W2#¢²$æÖR#¢%"Â%7–Ö&öÄ”B#¢#Cr'ÒÂ&vVöÖWG'’#¢²'G—R#¢%öÇ–vöâ"Â&6ö÷&F–æFW2#¢µµ³crãcCC##3S#s’Â3ãss#“““““33bÂãÒÂ³crãsC#““““ƒS3’Â3ãsSƒCS“sRÂãÒÂ³crãSCS“““““s“’Â3ãcC33CCCs2ÂãÒÂ³crãCCcC““““sss‚Â3ãc3ƒs3ƒ“C‚ÂãÒÂ³crãC““““““““BÂ3ãcS#ƒ3CCs2ÂãÒÂ³crãCSƒcc#SƒƒrÂ3ãc“C33“C#3BÂãÒÂ³crãSSs3S3BÂ3ãcsƒCC3SƒBÂãÒÂ³crãC“S##CsƒrÂ3ãcƒ“““““ƒs3S2ÂãÒÂ³crãcCC##3S#s’Â3ãss#“““““33bÂãÕÕ××ÒÂ²'G—R#¢$fVGW&R"Â'&÷W'F–W2#¢²$æÖR#¢%"Â%7–Ö&öÄ”B#¢#Cr'ÒÂ&vVöÖWG'’#¢²'G—R#¢%öÇ–vöâ"Â&6ö÷&F–æFW2#¢µµ³crã“s3ƒ““““S“33’Â3ãSsƒ#““““SƒCƒƒRÂãÒÂ³crã“ƒ““““““sS#"Â3ãSs““sSS"ÂãÒÂ³crã“C#“RÂ3ãSƒsS#c#33"ÂãÒÂ³c‚ã###“c3sC‚Â3ãcƒƒcs##CRÂãÒÂ³crã“s“ƒ““““s3ƒsRÂ3ãSƒsCCScbÂãÒÂ³crã“s3ƒ““““S“33’Â3ãSsƒ#““““SƒCƒƒRÂãÕÕ××ÒÂ²'G—R#¢$fVGW&R"Â'&÷W'F–W2#¢²$æÖR#¢%"Â%7–Ö&öÄ”B#¢#‚'ÒÂ&vVöÖWG'’#¢²'G—R#¢%öÇ–vöâ"Â&6ö÷&F–æFW2#¢µµ³crã““Ss““““SsƒBÂ3ãc#s#3#ssƒBÂãÒÂ³crã“sƒ““““sC3#BÂ3ãc3ssSCƒbÂãÒÂ³crã“#sƒ3#SC3RÂ3ãS“CƒC“sS"ÂãÒÂ³crã“ƒ#C#SbÂ3ãc“S““““SƒcƒS2ÂãÒÂ³crã““Ss““““SsƒBÂ3ãc#s#3#ssƒBÂãÕÕ××ÒÂ²'G—R#¢$fVGW&R"Â'&÷W'F–W2#¢²$æÖR#¢%FÒ"Â%7–Ö&öÄ”B#¢#sB'ÒÂ&vVöÖWG'’#¢²'G—R#¢%öÇ–vöâ"Â&6ö÷&F–æFW2#¢µµ³crã“3SSS““““c“C2Â3ãcCccs““““sƒ##3bÂãÒÂ³c‚ã###“c3sC‚Â3ãc3“3Sƒƒscs#CcBÂãÒÂ³c‚ã###“c3sC‚Â3ãc3#C#3#Cc3#3rÂãÒÂ³crã“S3SƒcSÂ3ãc3“3“““““3’ÂãÒÂ³crã“3SSS““““c“C2Â3ãcCccs““““sƒ##3bÂãÕÕ××ÒÂ²'G—R#¢$fVGW&R"Â'&÷W'F–W2#¢²$æÖR#¢%FÒ"Â%7–Ö&öÄ”B#¢#sB'ÒÂ&vVöÖWG'’#¢²'G—R#¢%öÇ–vöâ"Â&6ö÷&F–æFW2#¢µµ³crã“#ƒ#C#sSƒ"Â3ãc3Cs“““““ccSbÂãÒÂ³crã“s“ƒS2Â3ãc3“CSsS"ÂãÒÂ³crã“3CCc##ƒ“Â3ãcCs“““““cbÂãÒÂ³crã“#ƒ#C#sSƒ"Â3ãc3Cs“““““ccSbÂãÕÕ××ÒÂ²'G—R#¢$fVGW&R"Â'&÷W'F–W2#¢²$æÖR#¢%"Â%7–Ö&öÄ”B#¢#‚'ÒÂ&vVöÖWG'’#¢²'G—R#¢%öÇ–vöâ"Â&6ö÷&F–æFW2#¢µµ³crã“ƒ#C““““Sƒ33’Â3ãccSCsCRÂãÒÂ³crã“ƒ33#“CbÂ3ãcCƒS#“s“bÂãÒÂ³crãƒƒ3#s33RÂ3ãcScS#sCRÂãÒÂ³crã“#s#ƒs#"Â3ãccƒ“Cƒƒ“bÂãÒÂ³crã“ƒ#C““““Sƒ33’Â3ãccSCsCRÂãÕÕ××ÒÂ²'G—R#¢$fVGW&R"Â'&÷W'F–W2#¢²$æÖR#¢%B"Â%7–Ö&öÄ”B#¢#r'ÒÂ&vVöÖWG'’#¢²'G—R#¢%öÇ–vöâ"Â&6ö÷&F–æFW2#¢µµ³crã“S#3““““ƒcrÂ3ãcƒ3sSS"ÂãÒÂ³crã“C““CCc#Â3ãcƒƒcƒ“““““C3c"ÂãÒÂ³crã“SSs#3sssrÂ3ãcƒsCs“““““#ÂãÒÂ³crã“S#3““““ƒcrÂ3ãcƒ3sSS"ÂãÕÕ××ÒÂ²'G—R#¢$fVGW&R"Â'&÷W'F–W2#¢²$æÖR#¢%B"Â%7–Ö&öÄ”B#¢#r'ÒÂ&vVöÖWG'’#¢²'G—R#¢%öÇ–vöâ"Â&6ö÷&F–æFW2#¢µµ³crã“csc““33’Â3ãc“c3C“’ÂãÒÂ³crã“Scc““““c33BÂ3ãc“3S3““““cs3bÂãÒÂ³crã“Ss“ƒ#scƒRÂ3ãsCs““““ƒ#’ÂãÒÂ³crã“csc““33’Â3ãc“c3C“’ÂãÕÕ××ÒÂ²'G—R#¢$fVGW&R"Â'&÷W'F–W2#¢²$æÖR#¢%FÒ"Â%7–Ö&öÄ”B#¢#sB'ÒÂ&vVöÖWG'’#¢²'G—R#¢%öÇ–vöâ"Â&6ö÷&F–æFW2#¢µµ³crãƒ“CcCBÂ3ãs3CC““““ƒƒ32ÂãÒÂ³crãƒ333“CsRÂ3ãcƒcsS“““““sCs"ÂãÒÂ³crãƒC3cCrÂ3ãcSccƒ“bÂãÒÂ³crãƒƒsƒ3“csrÂ3ãc3C“S#C#3ƒBÂãÒÂ³crãsSSS3“CRÂ3ãcS###“3C‚ÂãÒÂ³crãsCƒC“3CbÂ3ãs3Sc“““““SSSc"ÂãÒÂ³crãsscCƒsBÂ3ãsS“3S3#ƒ"ÂãÒÂ³crãsƒƒƒ““““cƒ‚Â3ãsS##C3ssC"ÂãÒÂ³crãƒ“CcCBÂ3ãs3CC““““ƒƒ32ÂãÕÕ××ÒÂ²'G—R#¢$fVGW&R"Â'&÷W'F–W2#¢²$æÖR#¢$§2"Â%7–Ö&öÄ”B#¢#SR'ÒÂ&vVöÖWG'’#¢²'G—R#¢%öÇ–vöâ"Â&6ö÷&F–æFW2#¢µµ³crãƒcCC““““ƒss"Â3ãs3scƒ3#RÂãÒÂ³crãƒsƒSS““““ƒCC’Â3ãcsc#ƒ“ƒ#BÂãÒÂ³crãƒss3c““““ƒ#SrÂ3ãcScCS““"ÂãÒÂ³crãƒcS#3#cC3‚Â3ãsS#“““““C“SsrÂãÒÂ³crãƒc#“s“““““#s"Â3ãccscs““““c3#3SRÂãÒÂ³crãƒ3ƒ#““““c““s’Â3ãcS3cs““““s3##sbÂãÒÂ³crãƒCc““““S“Sƒ‚Â3ãcc“33““““sC##bÂãÒÂ³crãƒCS““““SƒC3‚Â3ãc“SsC“““““c#Ss"ÂãÒÂ³crãƒƒ3S2Â3ãsC#““““s3ƒ#3bÂãÒÂ³crãƒCs#3#cC3RÂ3ãs#CC##S2ÂãÒÂ³crãƒcCC““““ƒss"Â3ãs3scƒ3#RÂãÕÕ××ÒÂ²'G—R#¢$fVGW&R"Â'&÷W'F–W2#¢²$æÖR#¢%FÒ"Â%7–Ö&öÄ”B#¢#sB'ÒÂ&vVöÖWG'’#¢²'G—R#¢%öÇ–vöâ"Â&6ö÷&F–æFW2#¢µµ³crãSc“S““““ƒC#Â3ãc““#3C#‚ÂãÒÂ³crãS33ƒ““““sCƒsBÂ3ãssc33“ƒBÂãÒÂ³crãSSSƒCCSsBÂ3ãs#C3CCC“bÂãÒÂ³crãSS3S#CCsc’Â3ãs3C#““““S“Cƒ3rÂãÒÂ³crãSc“S““““ƒC#Â3ãc““#3C#‚ÂãÕÕ××ÒÂ²'G—R#¢$fVGW&R"Â'&÷W'F–W2#¢²$æÖR#¢%Fâ"Â%7–Ö&öÄ”B#¢#'ÒÂ&vVöÖWG'’#¢²'G—R#¢%öÇ–vöâ"Â&6ö÷&F–æFW2#¢µµ³crãcS#C3#S‚Â3ãsS#ƒ““““cƒ3sƒrÂãÒÂ³crãs3“3“ƒ#bÂ3ãsƒƒ3CC#BÂãÒÂ³crãc#ƒ##“Â3ãsƒ3c33s“BÂãÒÂ³crãSƒƒƒ#ƒ‚Â3ãc““3““““SScƒsBÂãÒÂ³crãSSScC““““sCssBÂ3ãsS3“““““ScSbÂãÒÂ³crãS3SC#c#BÂ3ãs“c333ss2ÂãÒÂ³crãSS33ƒ#ƒcƒBÂ3ãsC33s“C2ÂãÒÂ³crãcS#C3#S‚Â3ãsS#ƒ““““cƒ3sƒrÂãÕÒÂµ³crãcS“c#S3ƒ’Â3ãs3#sccC3RÂãÒÂ³crãcƒ#3““““sCc#"Â3ãs#3c““““““SSC‚ÂãÒÂ³crãcƒ3c3##CCÂ3ãs#SS“““““ƒcSrÂãÒÂ³crãcS#cƒƒ“2Â3ãsC3SS““““S“C3c‚ÂãÒÂ³crãcS“c#S3ƒ’Â3ãs3#sccC3RÂãÕÕ××ÒÂ²'G—R#¢$fVGW&R"Â'&÷W'F–W2#¢²$æÖR#¢%FÒ"Â%7–Ö&öÄ”B#¢#sB'ÒÂ&vVöÖWG'’#¢²'G—R#¢%öÇ–vöâ"Â&6ö÷&F–æFW2#¢µµ³crãcsSƒS#ss3bÂ3ãs#33cCsS"ÂãÒÂ³crãcC““““““Ccc"Â3ãs#Cc#3#ƒ#RÂãÒÂ³crãc3Cc““““cSƒBÂ3ãs#s“““““ScS3ƒ"ÂãÒÂ³crãcSss““““csƒ2Â3ãs33S““““sC#crÂãÒÂ³crãcsSƒS#ss3bÂ3ãs#33cCsS"ÂãÕÕ××ÒÂ²'G—R#¢$fVGW&R"Â'&÷W'F–W2#¢²$æÖR#¢%FÒ"Â%7–Ö&öÄ”B#¢#sB'ÒÂ&vVöÖWG'’#¢²'G—R#¢%öÇ–vöâ"Â&6ö÷&F–æFW2#¢µµ³crãs3“c#3ƒ‚Â3ãss““““““sƒ2ÂãÒÂ³crãs3“#S#ƒs3Â3ãs3csS““““ƒsCS2ÂãÒÂ³crãsSs3C“CbÂ3ãsC“““““Ss33c2ÂãÒÂ³crãsCS“ƒ“““““3ƒc"Â3ãsS##s“ƒ#"ÂãÒÂ³crãs3“c#3ƒ‚Â3ãss““““““sƒ2ÂãÕÕ××ÒÂ²'G—R#¢$fVGW&R"Â'&÷W'F–W2#¢²$æÖR#¢$§2"Â%7–Ö&öÄ”B#¢#SR'ÒÂ&vVöÖWG'’#¢²'G—R#¢%öÇ–vöâ"Â&6ö÷&F–æFW2#¢µµ³crãcsc““““cscs‚Â3ãs#3ƒ#c“ƒsRÂãÒÂ³crãc##S““““c“ƒ#‚Â3ãs#S3C#Cƒc2ÂãÒÂ³crãcS“c#S3ƒ’Â3ãs3#sccC3RÂãÒÂ³crãcS““S““““SSCC"Â3ãsC#s“““““ccScBÂãÒÂ³crãcsc““““cscs‚Â3ãs#3ƒ#c“ƒsRÂãÕÕ××ÒÂ²'G—R#¢$fVGW&R"Â'&÷W'F–W2#¢²$æÖR#¢%"Â%7–Ö&öÄ”B#¢#Cr'ÒÂ&vVöÖWG'’#¢²'G—R#¢%öÇ–vöâ"Â&6ö÷&F–æFW2#¢µµ³crãcƒƒc“““““3c2Â3ãsSC#““““ƒCCcBÂãÒÂ³crãs“#““““sCsBÂ3ãsCC3““““ƒScBÂãÒÂ³crãs#cCcC#ƒsBÂ3ãs##CScsSÂãÒÂ³crãc“S3cSÂ3ãs3c“c3“srÂãÒÂ³crãcƒƒc“““““3c2Â3ãsSC#““““ƒCCcBÂãÕÕ××ÒÂ²'G—R#¢$fVGW&R"Â'&÷W'F–W2#¢²$æÖR#¢$§2"Â%7–Ö&öÄ”B#¢#SR'ÒÂ&vVöÖWG'’#¢²'G—R#¢%öÇ–vöâ"Â&6ö÷&F–æFW2#¢µµ³crãc“3##csƒ2Â3ãsCs“ƒC““bÂãÒÂ³crãc“Cc““““““SrÂ3ãs3cC“““““SsS3S‚ÂãÒÂ³crãcS#C3#S‚Â3ãsS#ƒ““““cƒ3sƒrÂãÒÂ³crãcsƒSc“’Â3ãsCC#C“““““3sc‚ÂãÒÂ³crãccC#““““ƒ“CcÂ3ãsS3“3ƒ#ƒBÂãÒÂ³crãc“3##csƒ2Â3ãsCs“ƒC““bÂãÕÕ××ÒÂ²'G—R#¢$fVGW&R"Â'&÷W'F–W2#¢²$æÖR#¢%FÒ"Â%7–Ö&öÄ”B#¢#sB'ÒÂ&vVöÖWG'’#¢²'G—R#¢%öÇ–vöâ"Â&6ö÷&F–æFW2#¢µµ³crãcscSS““““sCC#bÂ3ãsc“c#33ƒS2ÂãÒÂ³crãcSƒc““““ƒ3"Â3ãsc#“““ƒ‚ÂãÒÂ³crãcC3C“““““S#bÂ3ãsS““CC3s2ÂãÒÂ³crãcSƒ““““Scƒ“Â3ãscƒƒ““““Scƒ“BÂãÒÂ³crãcscSS““““sCC#bÂ3ãsc“c#33ƒS2ÂãÕÕ××ÒÂ²'G—R#¢$fVGW&R"Â'&÷W'F–W2#¢²$æÖR#¢%FÒ"Â%7–Ö&öÄ”B#¢#sB'ÒÂ&vVöÖWG'’#¢²'G—R#¢%öÇ–vöâ"Â&6ö÷&F–æFW2#¢µµ³crãƒƒC#““““sCCsbÂ3ãcS3sS#c#33RÂãÒÂ³crãƒS33“CƒCrÂ3ãs“sƒS3ss#S"ÂãÒÂ³crã“3cCbÂ3ãƒ“cSCCs#"ÂãÒÂ³crãƒ“3#“““““c“S#rÂ3ãs““sC3‚ÂãÒÂ³crã“3c“““““sSSbÂ3ãs“cCƒ““““s3sC"ÂãÒÂ³crã“###““““cS32Â3ãsƒƒ#s““““s###RÂãÒÂ³crã“CƒCcS“RÂ3ãƒ3“S"ÂãÒÂ³crã“S3Ss““““ss#RÂ3ãƒ#33#CssÂãÒÂ³crã“Sƒcƒ““““sC3sBÂ3ãƒ#S“##ƒ3“rÂãÒÂ³crã“C3ƒ“““““ƒc"Â3ãs“Cc““““ƒ3cRÂãÒÂ³crã“sSSs““““ƒsrÂ3ãs““Cƒ““““Sc3ƒ’ÂãÒÂ³crã“ƒƒS““““ƒ3“rÂ3ãssƒc#3#‚ÂãÒÂ³c‚ã###“c3sC‚Â3ãƒ#3ƒ“ccS3c2ÂãÒÂ³c‚ã###“c3sC‚Â3ãcSC“s“S#“C##ƒbÂãÒÂ³crã“ƒ33C“3Â3ãcSs“cS3“3RÂãÒÂ³crã““#CC““““ƒcsc2Â3ãccSsC““““cc#ƒ‚ÂãÒÂ³crãƒ““S“““““sC#RÂ3ãcsS3#““““ƒs“c3bÂãÒÂ³crãƒƒC#““““sCCsbÂ3ãcS3sS#c#33RÂãÕÒÂµ³crã“Scc““““c33BÂ3ãc“3S3““““cs3bÂãÒÂ³crã“csc““33’Â3ãc“c3C“’ÂãÒÂ³crã“Ss“ƒ#scƒRÂ3ãsCs““““ƒ#’ÂãÒÂ³crã“Scc““““c33BÂ3ãc“3S3““““cs3bÂãÕÒÂµ³crã“C“#C#S“BÂ3ãcƒ3cƒ3#BÂãÒÂ³crã“SSs#3sssrÂ3ãcƒsCs“““““#ÂãÒÂ³crã“C““CCc#Â3ãcƒƒcƒ“““““C3c"ÂãÒÂ³crã“C“#C#S“BÂ3ãcƒ3cƒ3#BÂãÕÒÂµ³crã“Cs““““cS#2Â3ãs“S“#“““““c“SƒrÂãÒÂ³crã“c““““sCSs2Â3ãs“cs““““ƒs‚ÂãÒÂ³crã“sCsCÂ3ãs“c#“3ƒ3#3rÂãÒÂ³crã“Cs““““cS#2Â3ãs“S“#“““““c“SƒrÂãÕÕ××ÒÂ²'G—R#¢$fVGW&R"Â'&÷W'F–W2#¢²$æÖR#¢%""Â%7–Ö&öÄ”B#¢#C’'ÒÂ&vVöÖWG'’#¢²'G—R#¢%öÇ–vöâ"Â&6ö÷&F–æFW2#¢µµ³crã““#““““““S2Â3ãƒƒcƒ““““cC33‚ÂãÒÂ³crãƒS“sS#c#3RÂ3ãƒs#ƒS##sC"ÂãÒÂ³crãsSƒ3c#3ƒ‚Â3ãƒC#3“““““ƒcc2ÂãÒÂ³crãsS#SS#ƒ#32Â3ãƒSS3Ss3BÂãÒÂ³crãsscƒS““““ƒƒ“RÂ3ãƒs“c“““““SSS3ƒRÂãÒÂ³crãscC““cRÂ3ãƒƒCC“““““csS“RÂãÒÂ³crãsc3C“#c33RÂ3ã“3cƒ“CbÂãÒÂ³crãsSCS#““““ƒS“cBÂ3ã“#“c““““ScSƒbÂãÒÂ³crãsC33“CsBÂ3ãƒSƒsS##CÂãÒÂ³crãs#3“ƒC“2Â3ãƒ“CcS“sRÂãÒÂ³crãs“S3“##‚Â3ãƒ“CS#“““““S“SbÂãÒÂ³crãs#3#“““““#“cBÂ3ãƒcc###“ƒcrÂãÒÂ³crãcsSSC3s‚Â3ãƒc3#C“““““ƒsSCRÂãÒÂ³crãcc3ƒcC3ƒs"Â3ãƒCC#CsS“CBÂãÒÂ³crãcC#s#C#ssBÂ3ãƒS#scsBÂãÒÂ³crãc“33““““cScƒ2Â3ã“#ƒ““““c33ƒ3"ÂãÒÂ³crãsƒ#ƒ3CSBÂ3ã“3Sƒc““““ƒs2ÂãÒÂ³crãƒƒ33““““ƒ“"Â3ã“3#c##“’ÂãÒÂ³crãƒ#ƒ#C#“s"Â3ã“CsS#C“32ÂãÒÂ³crãƒS“s3#3“3‚Â3ã“#““3““““s3#3"ÂãÒÂ³crãƒS#3##csƒrÂ3ã“sCsCC#BÂãÒÂ³crã“#sC#““““s“CrÂ3ã“Cc““““S“ƒƒ"ÂãÒÂ³c‚ã###“c3sC‚Â3ã“3ccccc3#rÂãÒÂ³crã““#““““““S2Â3ãƒƒcƒ““““cC33‚ÂãÕÕ××ÒÂ²'G—R#¢$fVGW&R"Â'&÷W'F–W2#¢²$æÖR#¢%FVâ"Â%7–Ö&öÄ”B#¢#SB'ÒÂ&vVöÖWG'’#¢²'G—R#¢%öÇ–vöâ"Â&6ö÷&F–æFW2#¢µµ³c‚ã###“c3sC‚Â3ã“3ccccc3#rÂãÒÂ³crãƒS#3##csƒrÂ3ã“sCsCC#BÂãÒÂ³crãƒS“s3#3“3‚Â3ã“#““3““““s3#3"ÂãÒÂ³crãƒ#ƒ#C#“s"Â3ã“CsS#C“32ÂãÒÂ³crãƒƒ33““““ƒ“"Â3ã“3#c##“’ÂãÒÂ³crãsƒ#ƒ3CSBÂ3ã“3Sƒc““““ƒs2ÂãÒÂ³crãc“33““““cScƒ2Â3ã“#ƒ““““c33ƒ3"ÂãÒÂ³crãsƒS““““ƒc‚Â3ã“Cƒ“3“““““ƒcBÂãÒÂ³crãƒ3C“c3“’Â3ã“c#c“““““cSƒrÂãÒÂ³crã“““3c“C"Â3ã“C3C““““SS#ƒ“2ÂãÒÂ³crã“#c#3““““ssc#Â3ã“#S#“““““3Cc#2ÂãÒÂ³crã“Cs3s##S3bÂ3ã“3Cƒ“““““3c"ÂãÒÂ³crã“S#““““cƒCsrÂ3ã“C#C““““sssc2ÂãÒÂ³crã“###““ƒ"Â3ã“SC3““““ƒcƒsbÂãÒÂ³crã“#cƒS#sSÂ3ã“c“c#3c#s“RÂãÒÂ³crã“s#c#Cƒƒ’Â3ã“ƒƒ#CsSƒ“"ÂãÒÂ³crã“cƒsCSÂ3ãƒ““““ƒS3cƒRÂãÒÂ³c‚ã###“c3sC‚Â3ã“ƒCcCCCSC3“3rÂãÒÂ³c‚ã###“c3sC‚Â3ã“3ccccc3#rÂãÕÕ××ÒÂ²'G—R#¢$fVGW&R"Â'&÷W'F–W2#¢²$æÖR#¢%FÒ"Â%7–Ö&öÄ”B#¢#sB'ÒÂ&vVöÖWG'’#¢²'G—R#¢%öÇ–vöâ"Â&6ö÷&F–æFW2#¢µµ³crãscs#S"Â3ãsCs#““““sCsSbÂãÒÂ³crãc“SS““““cCC3BÂ3ãsSsƒ“““““ƒƒS#bÂãÒÂ³crãc“s“#ƒ2Â3ãssCc““““sCsbÂãÒÂ³crãcƒscC“RÂ3ãssSs#ƒ3#2ÂãÒÂ³crãc“CsS“““““sCRÂ3ãsƒSƒSssSrÂãÒÂ³crãs#ƒCcc"Â3ãsc#S3““““ƒ#s"ÂãÒÂ³crãscs#S"Â3ãsCs#““““sCsSbÂãÕÕ××ÒÂ²'G—R#¢$fVGW&R"Â'&÷W'F–W2#¢²$æÖR#¢%FÒ"Â%7–Ö&öÄ”B#¢#sB'ÒÂ&vVöÖWG'’#¢²'G—R#¢%öÇ–vöâ"Â&6ö÷&F–æFW2#¢µµ³crãs““c““““sSsrÂ3ãsC“3C“C"ÂãÒÂ³crãs#3ƒ#Scƒ’Â3ãssCbÂãÒÂ³crãsSSƒ#ccƒBÂ3ãs“sSS““““S“C3BÂãÒÂ³crãsSss“““““Ss3RÂ3ãsS“C“3c3#SrÂãÒÂ³crãs““c““““sSsrÂ3ãsC“3C“C"ÂãÕÕ××ÒÂ²'G—R#¢$fVGW&R"Â'&÷W'F–W2#¢²$æÖR#¢%FÒ"Â%7–Ö&öÄ”B#¢#sB'ÒÂ&vVöÖWG'’#¢²'G—R#¢%öÇ–vöâ"Â&6ö÷&F–æFW2#¢µµ³crãƒC#SS““““ƒCC‚Â3ãss#ƒƒ#3rÂãÒÂ³crãƒ3CsS3#3BÂ3ãsƒSC““““c3#ƒ2ÂãÒÂ³crãƒ3s“S3“##RÂ3ãs“c3““C"ÂãÒÂ³crãƒCSƒSc“"Â3ãs“C“C““““sC#sSRÂãÒÂ³crãƒC#SS““““ƒCC‚Â3ãss#ƒƒ#3rÂãÕÕ××ÒÂ²'G—R#¢$fVGW&R"Â'&÷W'F–W2#¢²$æÖR#¢%"Â%7–Ö&öÄ”B#¢#‚'ÒÂ&vVöÖWG'’#¢²'G—R#¢%öÇ–vöâ"Â&6ö÷&F–æFW2#¢µµ³crã“sCsCÂ3ãs“c#“3ƒ3#3rÂãÒÂ³crã“c““““sCSs2Â3ãs“cs““““ƒs‚ÂãÒÂ³crã“Cs““““cS#2Â3ãs“S“#“““““c“SƒrÂãÒÂ³crã“sCsCÂ3ãs“c#“3ƒ3#3rÂãÕÕ××ÒÂ²'G—R#¢$fVGW&R"Â'&÷W'F–W2#¢²$æÖR#¢%FÒ"Â%7–Ö&öÄ”B#¢#sB'ÒÂ&vVöÖWG'’#¢²'G—R#¢%öÇ–vöâ"Â&6ö÷&F–æFW2#¢µµ³crãƒ3C3c#rÂ3ãƒ3Sƒ#cƒrÂãÒÂ³crãƒ“S#Ss32Â3ãƒS““““s#cscrÂãÒÂ³crãƒ#3S##CÂ3ãƒ3ƒc33ƒƒ"ÂãÒÂ³crãƒ3C3c#rÂ3ãƒ3Sƒ#cƒrÂãÕÕ××ÒÂ²'G—R#¢$fVGW&R"Â'&÷W'F–W2#¢²$æÖR#¢%F×2"Â%7–Ö&öÄ”B#¢#3R'ÒÂ&vVöÖWG'’#¢²'G—R#¢%öÇ–vöâ"Â&6ö÷&F–æFW2#¢µµ³crãƒ3cCCcbÂ3ã“cS3#S“3ƒ"ÂãÒÂ³crãƒƒSsc#CRÂ3ã“c“3c“SRÂãÒÂ³crãƒ““3““““cƒ#‚Â3ã“Sƒc“““““Sc"ÂãÒÂ³crã“#cƒS#sSÂ3ã“c“c#3c#s“RÂãÒÂ³crã“##c##“BÂ3ã“C“S““““sCƒ#CrÂãÒÂ³crã“Sƒ3c“sbÂ3ã“3C3c““““ƒsSc#‚ÂãÒÂ³crã“#c#3““““ssc#Â3ã“#S#“““““3Cc#2ÂãÒÂ³crã“““3c“C"Â3ã“C3C““““SS#ƒ“2ÂãÒÂ³crãƒ3cCCcbÂ3ã“cS3#S“3ƒ"ÂãÕÕ××ÒÂ²'G—R#¢$fVGW&R"Â'&÷W'F–W2#¢²$æÖR#¢%FöÒ"Â%7–Ö&öÄ”B#¢#c"'ÒÂ&vVöÖWG'’#¢²'G—R#¢%öÇ–vöâ"Â&6ö÷&F–æFW2#¢µµ³crãcS#C3#3Â3ãCc“CC3#2ÂãÒÂ³crãƒ3c““““s#SsRÂ3ãsC#““““S“ƒS‚ÂãÒÂ³crã““3C““““cSsƒBÂ3ãsCS“““““ƒC’ÂãÒÂ³c‚ã###“c3sC‚Â3ã“““c“ccc##S’ÂãÒÂ³crã“C#3c33ƒBÂ3ã3cS““““““3"ÂãÒÂ³crãƒ#ƒ“#3SsƒÂ3ãS“3#““““Ss“ƒbÂãÒÂ³crãƒ33“““““C‚Â3ãS“S““““ƒ3CRÂãÒÂ³crãƒS#Cs“BÂ3ãC#c“#C33BÂãÒÂ³crãs“#ƒ““““ƒS3cbÂ3ãCcc3““““ƒ3c#"ÂãÒÂ³crãsSs“““““sƒ#’Â3ãS“ssƒSSrÂãÒÂ³crãs3ƒs#““““cƒ“s‚Â3ãƒ#Ss““““scs#32ÂãÒÂ³crãs“#C““““sƒss2Â3ãscsƒ#“cƒ"ÂãÒÂ³crãs““ƒC“‚Â3ãScS#3“ssc‚ÂãÒÂ³crãc33Sƒc3’Â3ãc“s“SCƒ"ÂãÒÂ³crãS3ss#SCƒbÂ3ãCcƒ““““SƒƒS2ÂãÒÂ³crãC“CS““““cƒC3Â3ã###S3sC32ÂãÒÂ³crãCSC3S#S#3bÂ3ã#s3C3“#"ÂãÒÂ³crãCC#BÂ3ãCsS““““c#C332ÂãÒÂ³crãC3ƒ#““““sSCsRÂ3ãCS##““““ScCƒcrÂãÒÂ³crãC3CS““““ƒc“2Â3ãcƒ###“C"ÂãÒÂ³crãScƒ3c“““““sSSrÂ3ã3##““““ccCs’ÂãÒÂ³crãcS#C3#3Â3ãCc“CC3#2ÂãÕÒÂµ³crãs3S““““c“3rÂ3ãsCC““““scss2ÂãÒÂ³crãc“ss3#3“BÂ3ãsƒƒ3ƒ#‚ÂãÒÂ³crãcƒCsCS“RÂ3ãsSƒc““““ssƒRÂãÒÂ³crãcƒƒcc““““s#s’Â3ãs3cc““““ƒscsBÂãÒÂ³crãs3S““““c“3rÂ3ãsCC““““scss2ÂãÕÒÂµ³crãsƒƒS““““s“ƒ#Â3ãcc3““““s3c##RÂãÒÂ³crãs“C#2Â3ãc“c#c#“SbÂãÒÂ³crãscƒsS#SrÂ3ãsƒ3ƒ33cs‚ÂãÒÂ³crãssCƒ#“ƒbÂ3ãc“CS“““““s“sBÂãÒÂ³crãsƒƒS““““s“ƒ#Â3ãcc3““““s3c##RÂãÕÒÂµ³crãƒ“###3"Â3ãc““3c“S"ÂãÒÂ³crãƒƒ#ƒ#sƒ2Â3ã3s“CcCBÂãÒÂ³crãƒ“Cc““““ƒSrÂ3ãcƒ3cS3BÂãÒÂ³crãƒ“###3"Â3ãc““3c“S"ÂãÕÒÂµ³crãƒc““3#c“32Â3ãc3S#C“2ÂãÒÂ³crãƒSsc#““““c#CƒbÂ3ãSScC““““ƒCscsBÂãÒÂ³crãƒc“““““c2Â3ãCS““““ss3#rÂãÒÂ³crãƒsC““““c##ƒrÂ3ãC#ƒS“““““ƒ“C‚ÂãÒÂ³crãƒc““3#c“32Â3ãc3S#C“2ÂãÕÕ××ÒÂ²'G—R#¢$fVGW&R"Â'&÷W'F–W2#¢²$æÖR#¢%"Â%7–Ö&öÄ”B#¢#'ÒÂ&vVöÖWG'’#¢²'G—R#¢%öÇ–vöâ"Â&6ö÷&F–æFW2#¢µµ³crãƒc33#“S2Â3ã#S#ƒ“““““cƒSRÂãÒÂ³crã““Ss#CÂ3ã##cc3#sC3#bÂãÒÂ³crãƒs#“S3RÂ3ã#““s““““Sss3C"ÂãÒÂ³crãƒƒc“““““““cS2Â3ã##Sƒ#33srÂãÒÂ³crãƒSS#““““ƒ“sÂ3ã#3““““sscsCBÂãÒÂ³crãƒ33Sc““““ƒSSc‚Â3ã#cs#3#sss‚ÂãÒÂ³crãsƒ3ssƒSC2Â3ã##“““““c33S"ÂãÒÂ³crãƒCƒ“s3C2Â3ã##S“s“““““ssƒRÂãÒÂ³crãƒc33#“S2Â3ã#S#ƒ“““““cƒSRÂãÕÕ××ÒÂ²'G—R#¢$fVGW&R"Â'&÷W'F–W2#¢²$æÖR#¢%F×2"Â%7–Ö&öÄ”B#¢#3R'ÒÂ&vVöÖWG'’#¢²'G—R#¢%öÇ–vöâ"Â&6ö÷&F–æFW2#¢µµ³crãCc3Cc“““““Cc2Â3ã#sC#““““s“Cs#bÂãÒÂ³crãCC##C#sSƒ2Â3ã##“3““““ƒ“cCRÂãÒÂ³crãS3C“““““sSRÂ3ã#3“ƒS““““s3“##BÂãÒÂ³crãS3Ss““““ssƒ#"Â3ã#cC“““““ƒ3rÂãÒÂ³crãc3ƒS““““cƒC3"Â3ã#c3sƒ““““ƒƒc“BÂãÒÂ³crãCc3Cc“““““Cc2Â3ã#sC#““““s“Cs#bÂãÕÕ××ÒÂ²'G—R#¢$fVGW&R"Â'&÷W'F–W2#¢²$æÖR#¢%"Â%7–Ö&öÄ”B#¢#'ÒÂ&vVöÖWG'’#¢²'G—R#¢%öÇ–vöâ"Â&6ö÷&F–æFW2#¢µµ³crãƒsƒccsCƒCsBÂ3ã3“Cƒ#S3“sƒ“#rÂãÒÂ³crãƒCƒs3ƒ“3’Â3ã3““3s““““Sƒs3‚ÂãÒÂ³crãƒ33CC“rÂ3ã3sc3ƒCCBÂãÒÂ³crãƒS3#C“3‚Â3ã3s#cC““““ƒ“scCbÂãÒÂ³crãƒs##c#“3’Â3ã3“Ccs“Ccƒ##3‚ÂãÒÂ³crãƒƒƒ““““““3rÂ3ã3cS“s““““ƒssBÂãÒÂ³crãƒ3C#““““c“s‚Â3ã3Ssƒs““““Sc#3ƒRÂãÒÂ³crãƒ“3“C‚Â3ã33ssS#c#3bÂãÒÂ³crãƒ33#ƒC3RÂ3ã33Cƒ#c“BÂãÒÂ³crãsssƒ“c“‚Â3ã#ƒss3c33‚ÂãÒÂ³crãƒccsC##BÂ3ã#“SSs“““““s“RÂãÒÂ³crãƒ3SS#3#BÂ3ã#ƒSc““““SSSƒrÂãÒÂ³crã“ƒc33ƒs‚Â3ã3C““““c#ƒ"ÂãÒÂ³crã“ƒƒs““““c#3BÂ3ã#“3#“““““s“SS2ÂãÒÂ³crãs“SC3““““cSc3Â3ã#c““““““sS#SBÂãÒÂ³crãsCƒS““““ƒƒ“RÂ3ã#Sƒƒƒ##rÂãÒÂ³crãSss“3ƒ3BÂ3ãsƒc#“““““sCS’ÂãÒÂ³crãSc“3S““““scC#2Â3ã#sƒ““““cƒƒ"ÂãÒÂ³crãS#cS2Â3ãƒcs3““““ƒSrÂãÒÂ³crãCc3SS““““S“C3BÂ3ã“ƒsƒ“c“RÂãÒÂ³crãS33C“3c3#bÂ3ã#3Ss#3sssBÂãÒÂ³crãc3ƒS““““cƒC3"Â3ã#c3sƒ““““ƒƒc“BÂãÒÂ³crãS3Ss““““ssƒ#"Â3ã#cC“““““ƒ3rÂãÒÂ³crãS3C“““““sSRÂ3ã#3“ƒS““““s3“##BÂãÒÂ³crãCc#s33cC"Â3ã#3ccCC3c3Cƒ##bÂãÒÂ³crãSsCcc3ss3cBÂ3ã#s#“Cc“SSƒSƒ“BÂãÒÂ³crãc#C##cƒ3#S’Â3ã#sc3“3ƒsc#ƒS2ÂãÒÂ³crãss“ƒcSS#sƒ‚Â3ã3##CcCs3““‚ÂãÒÂ³crãssCsƒSsSscSsÂ3ã33#ƒs3C3“cC#‚ÂãÒÂ³crãsƒ“ƒCs3##Cƒ"Â3ã3Scc#cSc“sbÂãÒÂ³crãssƒ3SSCCcSc’Â3ã3“s3C“s“Sƒc"ÂãÒÂ³crãsS3#sƒ#S3rÂ3ãC3c3scS3CSC““‚ÂãÒÂ³crãc“sƒcscSSƒcsrÂ3ãCccƒ#C“C#RÂãÒÂ³crãs#““““ƒscc2Â3ãC“s“ƒC’ÂãÒÂ³crãsƒs#cc3rÂ3ãC#3s““““csƒ#rÂãÒÂ³crãsƒ#““““““sS#RÂ3ã3ƒsƒ““““s“3‚ÂãÒÂ³crã“CC“““““ssS#"Â3ãCCsSc#CRÂãÒÂ³crãƒsS#SƒsC‚Â3ãCscC“‚ÂãÒÂ³crãƒsƒccsCƒCsBÂ3ã3“Cƒ#S3“sƒ“#rÂãÕÕ××ÒÂ²'G—R#¢$fVGW&R"Â'&÷W'F–W2#¢²$æÖR#¢%F×2"Â%7–Ö&öÄ”B#¢#3R'ÒÂ&vVöÖWG'’#¢²'G—R#¢%öÇ–vöâ"Â&6ö÷&F–æFW2#¢µµ³crã““sƒ““““ƒ3c‚Â3ã“ƒSSS#3#3cRÂãÒÂ³crã“ƒƒ3““““sCc#bÂ3ã““##C““““ƒ3scc‚ÂãÒÂ³crã“ƒs“““““ss"Â3ã““ƒ“33“3"ÂãÒÂ³c‚ã###“c3sC‚Â3ã“““c“ccc##S’ÂãÒÂ³crã““sƒ““““ƒ3c‚Â3ã“ƒSSS#3#3cRÂãÕÕ××ÒÂ²'G—R#¢$fVGW&R"Â'&÷W'F–W2#¢²$æÖR#¢%F×2"Â%7–Ö&öÄ”B#¢#3R'ÒÂ&vVöÖWG'’#¢²'G—R#¢%öÇ–vöâ"Â&6ö÷&F–æFW2#¢µµ³c‚ã###“c3sC‚Â3ã“3ccccc3#rÂãÒÂ³crãƒS#3##csƒrÂ3ã“sCsCC#BÂãÒÂ³crãƒS“s3#3“3‚Â3ã“#““3““““s3#3"ÂãÒÂ³crãƒ3C““““SscƒrÂ3ã“CsSC““““s3#sSrÂãÒÂ³crãƒƒ33““““ƒ“"Â3ã“3#c##“’ÂãÒÂ³crãs“#ƒc#ƒƒƒBÂ3ã“3s““C3ƒ#"ÂãÒÂ³crãs#C““““ƒccbÂ3ã“SC#““““c“CscbÂãÒÂ³crãc#3#c32Â3ãƒCs#ƒ““““c33‚ÂãÒÂ³crãSƒcs3cc#‚Â3ãsƒs““““cƒ#bÂãÒÂ³crãSSƒCs““““ƒS#‚Â3ãsccC““““sƒ3#BÂãÒÂ³crãSSS““““ƒ“C2Â3ãscS3“SC2ÂãÒÂ³crãC3Sƒ““““s3s’Â3ãsccc““““s#sRÂãÒÂ³crã3S“s333“3Â3ãs#3S“““““CÂãÒÂ³crã#C“s##ssƒ"Â3ãcCc3ƒ““““ƒ“ƒcCRÂãÒÂ³crã#sC#332Â3ãc“s““““Ssƒ3sBÂãÒÂ³crãCScc““““ƒsc‚Â3ãS“C#““““sS3#RÂãÒÂ³crãCC“#3Sss’Â3ãcC3SS#C‚ÂãÒÂ³crãCcS“sBÂ3ãc“s““““Ssƒ3sBÂãÒÂ³crãSC“““““SsbÂ3ãcC3ƒc““““ssrÂãÒÂ³crãScSCbÂ3ãcSsƒ““““c3ƒBÂãÒÂ³crãsƒƒs““““ƒ#‚Â3ãc3“c#BÂãÒÂ³crã#““““s3ƒ#RÂ3ãcSc3c““““csSƒ2ÂãÒÂ³crãs#cC“"Â3ãsS“s““““Sss3‚ÂãÒÂ³crãcSsƒCrÂ3ãs#“SsSSC3BÂãÒÂ³crãƒSSsRÂ3ãsSScCC3s#rÂãÒÂ³crãSSC3#“C3bÂ3ãsCC3“““““cc#’ÂãÒÂ³crãƒ“““““ƒ“ccBÂ3ãsƒs#c“““““c"ÂãÒÂ³crãC#SC““““ƒƒ#cRÂ3ãssCcC““““s“ss2ÂãÒÂ³crãCc““““s3srÂ3ãsƒsc““““s“Ss‚ÂãÒÂ³crã“C#C3ss2Â3ãsƒC“C3ƒsC2ÂãÒÂ³crãSƒƒ““““ƒƒcRÂ3ãsS#C33CC3RÂãÒÂ³crã#c“3“C‚Â3ãsccC““““ƒssbÂãÒÂ³crãC#c3“ƒsBÂ3ãsCc“““““ƒS#RÂãÒÂ³cbã““CscC"Â3ãss#Cc2ÂãÒÂ³crã#cs#CrÂ3ãss“s“““““ƒs3bÂãÒÂ³cbã““ƒ3c3“bÂ3ãs“s3#““““ss“s"ÂãÒÂ³cbã“cs#c“““““c2Â3ãsssC““““““#S"ÂãÒÂ³cbã“ƒcS##S"Â3ãƒsS““““ƒ3C“‚ÂãÒÂ³cbã“SScssC‚Â3ãƒ#S“““““““3bÂãÒÂ³cbã“S#3#““““ƒ#“cbÂ3ãsƒ3“cS3“ÂãÒÂ³cbã“3cc###ƒ‚Â3ãs“CC“““““csS#‚ÂãÒÂ³cbã“““sCS#"Â3ãsss3“““““ƒ"ÂãÒÂ³cbãƒS#3CCCrÂ3ãsc#“##SsƒRÂãÒÂ³cbãscs#“33332Â3ãs#ssƒSCRÂãÒÂ³cbãs3c#c““““scsBÂ3ãsCC“c““““ƒcScCbÂãÒÂ³cbãsC#s“SƒRÂ3ãscC“3““““ƒƒcRÂãÒÂ³cbãƒC“““““3ƒÂ3ãƒc#C3sSsƒRÂãÒÂ³cbãƒCS“#ƒSRÂ3ãƒc“C#ƒƒRÂãÒÂ³cbãsc33#Sc3RÂ3ãsƒSSƒ““““ssƒs#"ÂãÒÂ³cbãs3“cs““““c3#3bÂ3ãs“#“““““CbÂãÒÂ³cbãs3ƒ3““““ƒcƒrÂ3ãƒ#“#ƒ3“BÂãÒÂ³cbãs#ƒsSS"Â3ãsSscSCsS32ÂãÒÂ³cbãsCsS“““““sCÂ3ãsC3“““““ƒ"ÂãÒÂ³cbãcƒCsc“““““3ScÂ3ãsCCs“““““#BÂãÒÂ³cbãcƒ3sC““““cc#ƒBÂ3ãscs#3““““ƒ#cƒ‚ÂãÒÂ³cbãsc“s3C3“#Â3ãƒƒSccƒ“C"ÂãÒÂ³cbãssCCsBÂ3ãƒS“Sƒc3’ÂãÒÂ³cbãƒS3“CƒS2Â3ãƒ“c3##C3‚ÂãÒÂ³cbãss#3#““““ƒ#“sÂ3ãƒ“S3““““cs#“RÂãÒÂ³cbãƒS#ƒ““BÂ3ã“ScC“ƒbÂãÒÂ³cbãƒ#sƒ““““ƒ3s"Â3ã“c3C#““““““CSbÂãÒÂ³cbãs“c3c““““SsSƒbÂ3ã“Cƒcs#CCBÂãÒÂ³cbãssCcƒ““2Â3ã“S“s“““““C#RÂãÒÂ³cbãssssc##3’Â3ã“sC#C#sSƒrÂãÒÂ³cbãƒScƒ#““““ƒCc’Â3ãCCS““““s#“#BÂãÒÂ³cbãƒS3ƒ#“““““SCbÂ3ã##S##S"ÂãÒÂ³cbãƒ“s“““““#sÂ3ã“““c33“BÂãÒÂ³cbãsc#ƒcƒƒ“BÂ3ã““ƒS““““ƒ3crÂãÒÂ³cbãs“3S““““ƒ“"Â3ã3cSs“““““cs2ÂãÒÂ³cbãƒ3“Ss#C"Â3ãS“3c““““c#SƒS‚ÂãÒÂ³cbãƒ3sƒ““““ƒƒc‚Â3ãsCs“#Sƒ3bÂãÒÂ³cbãsƒCScsC2Â3ã3#ƒ““ÂãÒÂ³cbãcs3ƒCCrÂ3ãSc3“““““c’ÂãÒÂ³cbãsCC3““““cc3BÂ3ãs3C3C#3bÂãÒÂ³cbãs#ƒ“““““c3S3"Â3ã“CS#3c3’ÂãÒÂ³cbãs“S“““““#ccBÂ3ã##ƒC3cSs“rÂãÒÂ³cbãƒS#““““cS“ƒ"Â3ã#C“C3s#SbÂãÒÂ³cbãƒC#ccSƒ“bÂ3ã#s“s#S3’ÂãÒÂ³cbã“ƒ3““““ccƒRÂ3ã3#“““““cÂãÒÂ³crãC“c33‚Â3ã3“3“C“BÂãÒÂ³crã3ƒ##““““cCƒ2Â3ã#“ƒ“#Ss“"ÂãÒÂ³crã#C3c““““ƒsScbÂ3ã#C3sS““““s#C#bÂãÒÂ³crãsCƒ#SƒRÂ3ã###S“““““c“#bÂãÒÂ³crãCs““““s#csRÂ3ã#CS3““““c#3"ÂãÒÂ³crãcs3c““““c#SƒbÂ3ã#3ƒc“2ÂãÒÂ³crã#Scc“bÂ3ã#S3C3C#BÂãÒÂ³crã3cƒƒC“sRÂ3ã##s““““SccƒrÂãÒÂ³crãCCC33““““““’Â3ã#3SC““““c3#ƒ"ÂãÒÂ³crãCc3SS““““S“C3BÂ3ã“ƒsƒ“c“RÂãÒÂ³crãS#cS2Â3ãƒcs3““““ƒSrÂãÒÂ³crãSc“3S““““scC#2Â3ã#sƒ““““cƒƒ"ÂãÒÂ³crãSss“3ƒ3BÂ3ãsƒc#“““““sCS’ÂãÒÂ³crãsCƒS““““ƒƒ“RÂ3ã#Sƒƒƒ##rÂãÒÂ³crãs“SC3““““cSc3Â3ã#c““““““sS#SBÂãÒÂ³crã“ƒƒs““““c#3BÂ3ã#“3#“““““s“SS2ÂãÒÂ³crã“ƒc33ƒs‚Â3ã3C““““c#ƒ"ÂãÒÂ³crãƒs“c#““““s#Cs‚Â3ã#““C3““““ƒSc32ÂãÒÂ³crãƒ“ƒ““““c3ƒ2Â3ã#ƒS3C“#C‚ÂãÒÂ³crãƒccsC##BÂ3ã#“SSs“““““s“RÂãÒÂ³crãsss#““““Sƒ“ƒ’Â3ã#“##“““““““S2ÂãÒÂ³crãƒ33#ƒC3RÂ3ã33Cƒ#c“BÂãÒÂ³crãƒ#Cs““““cS##’Â3ã33#cC““““s“sc“RÂãÒÂ³crãƒsSƒc“bÂ3ã3C##“ƒ3C“BÂãÒÂ³crãƒƒƒ““““““3rÂ3ã3cS“s““““ƒssBÂãÒÂ³crãƒsS#SƒsC‚Â3ãCscC“‚ÂãÒÂ³crã“CC“““““ssS#"Â3ãCCsSc#CRÂãÒÂ³crãsƒ#““““““sS#RÂ3ã3ƒsƒ““““s“3‚ÂãÒÂ³crãsƒs#cc3rÂ3ãC#3s““““csƒ#rÂãÒÂ³crãs#““““ƒscc2Â3ãC“s“ƒC’ÂãÒÂ³crãcs#s“3Sƒ2Â3ã3“SC#"ÂãÒÂ³crãc3#s““““c##3bÂ3ã3“ScS““““ƒ““rÂãÒÂ³crãSƒ#“c3“‚Â3ãCc3“““““cBÂãÒÂ³crãS“3c#CÂ3ãCCs“““““cƒ#cRÂãÒÂ³crãScc#“#ƒ33RÂ3ãSC33#“CrÂãÒÂ³crãSƒƒ“““““ƒ3‚Â3ãSS3C“CRÂãÒÂ³crãSƒƒc#ƒ“ƒ2Â3ãCsƒc““““ƒ3’ÂãÒÂ³crãcS“3“““““ƒbÂ3ãC“ƒƒ“““““s3SCrÂãÒÂ³crãccsS““““ƒ#C"Â3ãS“C#ƒƒ"ÂãÒÂ³crãcC3#ƒC3BÂ3ãS#“#S33bÂãÒÂ³crãcƒ33#““““ƒs“crÂ3ãS#c#““““ƒƒCcSbÂãÒÂ³crãss#“““““ƒSƒrÂ3ãS#“#““““ƒC“cbÂãÒÂ³crãsƒ#c###ƒ’Â3ãS#sSc#“3ƒ‚ÂãÒÂ³crãssc3c#3“Â3ãS#Sƒcc“bÂãÒÂ³crãƒcc““““c#ƒÂ3ãS#3S“““““CÂãÒÂ³crãƒCcC3““““ƒc"Â3ãSCcc““““s3#C2ÂãÒÂ³crã“#“S3ƒc#BÂ3ãSc““S““““SSC3ƒRÂãÒÂ³crã“CSssƒSBÂ3ãSc#S““““SƒC3crÂãÒÂ³crãƒs“ƒ3scsrÂ3ãSS#S#ƒs332ÂãÒÂ³crã“sƒC““““SssƒrÂ3ãS#S“sƒC3RÂãÒÂ³crã“3S3““““Ss3bÂ3ãC“Cƒ“““““c3S3#"ÂãÒÂ³crã“SsCS““““cs“3"Â3ãS#C“SCC##2ÂãÒÂ³crã““#3#cs“"Â3ãS#“““““cCcƒ#2ÂãÒÂ³c‚ã###“c3sC‚Â3ãS3CƒƒSc“c“"ÂãÒÂ³c‚ã###“c3sC‚Â3ãCƒƒ#cc“SƒbÂãÒÂ³crã“c3S““““ƒ“rÂ3ãCcƒ3““ƒ3ƒ2ÂãÒÂ³crã“ƒSS“““““cC32Â3ãCs##S3"ÂãÒÂ³crã“s3ƒSssRÂ3ãCSƒ#““““sS3##bÂãÒÂ³c‚ã###“c3sC‚Â3ãCccSc#33“3#cRÂãÒÂ³c‚ã###“c3sC‚Â3ã3cƒsS#ƒ3Ssc“cBÂãÒÂ³crã“ƒƒs““““c#3BÂ3ã3cS“3#c“3s2ÂãÒÂ³crã“scCs3“#BÂ3ã3sc#S“““““““3bÂãÒÂ³crã“3s3“CCƒ"Â3ã3CC“ƒ““““SƒƒƒCrÂãÒÂ³crã“C###S#“2Â3ã33sSS““““S“C3bÂãÒÂ³c‚ã###“c3sC‚Â3ã3SS“Cccs““3ƒbÂãÒÂ³c‚ã###“c3sC‚Â3ã“3ccccc3#rÂãÕÒÂµ³crãƒs“ƒ“““““3ƒc"Â3ã#ƒC##ƒ#ƒ32ÂãÒÂ³crãS“3c“S"Â3ã#s3ƒ#’ÂãÒÂ³crã3“ƒsC#bÂ3ã#CC““““ccssƒrÂãÒÂ³crã3ƒ“SCC##BÂ3ãc“sSS"ÂãÒÂ³crã“C#S““““c““#bÂ3ãsS““““ƒs3C2ÂãÒÂ³crãƒs“ƒ“““““3ƒc"Â3ã#ƒC##ƒ#ƒ32ÂãÕÒÂµ³cbã““CSƒ#ccƒbÂ3ã##CCsbÂãÒÂ³crãSSCƒ“rÂ3ã###ƒ““““SS3ƒs2ÂãÒÂ³crãSS3“CCƒ"Â3ã##cSs““““scs#BÂãÒÂ³crã“ƒ“3#33Â3ã#ƒS“#ƒSBÂãÒÂ³cbã““CSƒ#ccƒbÂ3ã##CCsbÂãÕÒÂµ³crãƒ“Sc3C"Â3ã“s3ƒ“““““CƒS“‚ÂãÒÂ³crãƒCS#C““““sƒssÂ3ã“sCS““““Ss“3“BÂãÒÂ³crã“#cSSBÂ3ã“Ss##ssƒCRÂãÒÂ³crãƒ“Sc3C"Â3ã“s3ƒ“““““CƒS“‚ÂãÕÒÂµ³crã““Ss#CÂ3ã##cc3#sC3#bÂãÒÂ³crãƒc33#“S2Â3ã#S#ƒ“““““cƒSRÂãÒÂ³crãƒCƒ“s3C2Â3ã##S“s“““““ssƒRÂãÒÂ³crãsƒ3ssƒSC2Â3ã##“““““c33S"ÂãÒÂ³crãƒ33Sc““““ƒSSc‚Â3ã#cs#3#sss‚ÂãÒÂ³crãƒSS#““““ƒ“sÂ3ã#3““““sscsCBÂãÒÂ³crãƒƒc“““““““cS2Â3ã##Sƒ#33srÂãÒÂ³crãƒs#“S3RÂ3ã#““s““““Sss3C"ÂãÒÂ³crã““Ss#CÂ3ã##cc3#sC3#bÂãÕÒÂµ³crãƒcS#3““““ƒ#c"Â3ãC““S“““““cC3BÂãÒÂ³crãƒcCƒ#“ƒrÂ3ãC“ƒ“s#cS32ÂãÒÂ³crãƒcc“ƒ#sÂ3ãSC“““““SsSbÂãÒÂ³crãƒcS#3““““ƒ#c"Â3ãC““S“““““cC3BÂãÕÒÂµ³crãccS““““sƒC’Â3ãƒ#ƒ““““cS3ƒrÂãÒÂ³crã#3Cƒ#RÂ3ãCcCC““““ƒcsc#rÂãÒÂ³crãc3““““ƒƒƒbÂ3ã33C““““ƒ#csBÂãÒÂ³cbã“SscCƒS“rÂ3ãCCc"ÂãÒÂ³cbã“#Ss““““Scs3bÂ3ãsCcS“sSbÂãÒÂ³cbã“s“S#CƒÂ3ãƒƒ“““““ƒƒS3‚ÂãÒÂ³cbã“ƒC#ƒ#’Â3ãs3#““3C2ÂãÒÂ³cbã““SC““““ƒscBÂ3ãc“ƒ“““““3S‚ÂãÒÂ³crãccS““““sƒC’Â3ãƒ#ƒ““““cS3ƒrÂãÕÒÂµ³crã3Cs3cc3“’Â3ãs“ƒC#Sƒ‚ÂãÒÂ³crã3s33“S"Â3ãSs“SCƒBÂãÒÂ³crã#ƒ“ƒsRÂ3ãƒƒc#C#s2ÂãÒÂ³crã3#S““““c““#rÂ3ãssccCƒsBÂãÒÂ³crã3S“““““cCcƒÂ3ãcSƒC3Sƒ"ÂãÒÂ³crã#c33““““sƒ#RÂ3ãC3“c“““““SS’ÂãÒÂ³crã3#3C“‚Â3ãC“#C““““cƒssƒ‚ÂãÒÂ³crã3Cs3cc3“’Â3ãs“ƒC#Sƒ‚ÂãÕÒÂµ³crãCC3sC““““sc#sbÂ3ã“s#“““““S“S3RÂãÒÂ³crãC#SC“3c3#RÂ3ã“ƒ“cƒCRÂãÒÂ³crãCƒc“Â3ãƒ#ƒ““““c33ƒBÂãÒÂ³crãC33CC“sBÂ3ãssSC#sƒS‚ÂãÒÂ³crãCC3sC““““sc#sbÂ3ã“s#“““““S“S3RÂãÕÒÂµ³crãCcC#S“ƒbÂ3ãƒs3Cƒ#rÂãÒÂ³crã##sSƒ““““SsƒƒrÂ3ãS3Ss““““ss#rÂãÒÂ³crãƒƒc#ƒƒƒ"Â3ãCSs““““ƒC#ƒrÂãÒÂ³crã3Cƒ3““““scc#2Â3ã“cScc““““ƒscrÂãÒÂ³crã##3““““Sc3‚Â3ã“CcccS“"ÂãÒÂ³crãc3ƒS#ss3BÂ3ã“3Sc#ƒƒrÂãÒÂ³crã#“C““““ss#s"Â3ã“CSC#““““““CS2ÂãÒÂ³crãsS“““““3CÂ3ã“sS“““““Sƒ3SBÂãÒÂ³crãcƒSSƒ#S"Â3ã““ssC““““ƒc#cc2ÂãÒÂ³crãCcC#S“ƒbÂ3ãƒs3Cƒ#rÂãÕÒÂµ³crã#scƒ““““ccƒƒ"Â3ã““ssC““““ƒc#cc2ÂãÒÂ³crã#cSc“““““SScÂ3ã““““c““““sSsCRÂãÒÂ³crã#C3S“““““3CÂ3ã““CCcÂãÒÂ³crã#sƒ#“#ƒ332Â3ã“sCS“##ƒ3sRÂãÒÂ³crã#scƒ““““ccƒƒ"Â3ã““ssC““““ƒc#cc2ÂãÕÒÂµ³crãC“##““““ccCƒ2Â3ãsƒ#““““SSCƒc2ÂãÒÂ³crãCSƒSssSÂ3ãs#““““s3“srÂãÒÂ³crãC3S“c#S3ƒ’Â3ãSƒ“““““SƒS3s"ÂãÒÂ³crãC33““““sCc#rÂ3ã““#ƒ3s2ÂãÒÂ³crãC“##““““ccCƒ2Â3ãsƒ#““““SSCƒc2ÂãÕÒÂµ³crãc#ƒ#“ƒBÂ3ãƒ3c#ƒ##C2ÂãÒÂ³crã#sS#“C33#BÂ3ãƒ““s“““““#sƒ2ÂãÒÂ³crã“SƒsS‚Â3ãƒSS““““c#cƒC‚ÂãÒÂ³crã#3S##CsƒbÂ3ãƒcS3cc3“CbÂãÒÂ³crãc#ƒ#“ƒBÂ3ãƒ3c#ƒ##C2ÂãÕÒÂµ³crã#CccC““““ƒ“scÂ3ãƒ3cC#ƒSƒBÂãÒÂ³crã33#“33RÂ3ãƒ#s“C33sƒBÂãÒÂ³crã3#3ss3ƒS#RÂ3ãƒCƒc3ƒ“#"ÂãÒÂ³crã33c#S33s3"Â3ãƒcCs#3#ss“2ÂãÒÂ³crã3#3CS““““Ss“3rÂ3ãƒS“s3C3“#C"ÂãÒÂ³crã33“#““““ƒc“c2Â3ãƒ#ƒ“““““s3#bÂãÒÂ³crã#CccC““““ƒ“scÂ3ãƒ3cC#ƒSƒBÂãÕÕ××ÒÂ²'G—R#¢$fVGW&R"Â'&÷W'F–W2#¢²$æÖR#¢%"Â%7–Ö&öÄ”B#¢#'ÒÂ&vVöÖWG'’#¢²'G—R#¢%öÇ–vöâ"Â&6ö÷&F–æFW2#¢µµ³crã““CƒƒCsBÂ3ã3S#S““““c“ƒ3"ÂãÒÂ³crã“C###S#“2Â3ã33sSS““““S“C3bÂãÒÂ³crã“3s3“CCƒ"Â3ã3CC“ƒ““““SƒƒƒCrÂãÒÂ³crã“scCs3“#BÂ3ã3sc#S“““““““3bÂãÒÂ³crã“ƒƒs““““c#3BÂ3ã3cS“3#c“3s2ÂãÒÂ³c‚ã###“c3sC‚Â3ã3cƒsS#ƒ3Ssc“cBÂãÒÂ³crã““CƒƒCsBÂ3ã3S#S““““c“ƒ3"ÂãÕÕ××ÒÂ²'G—R#¢$fVGW&R"Â'&÷W'F–W2#¢²$æÖR#¢%F×2"Â%7–Ö&öÄ”B#¢#3R'ÒÂ&vVöÖWG'’#¢²'G—R#¢%öÇ–vöâ"Â&6ö÷&F–æFW2#¢µµ³crãƒs#SsSbÂ3ã3“CS3##3#rÂãÒÂ³crãƒS3#C“3‚Â3ã3s#cC““““ƒ“scCbÂãÒÂ³crãƒ33CC“rÂ3ã3sc3ƒCCBÂãÒÂ³crãƒCƒs3ƒ“3’Â3ã3““3s““““Sƒs3‚ÂãÒÂ³crãƒs#SsSbÂ3ã3“CS3##3#rÂãÕÕ××ÒÂ²'G—R#¢$fVGW&R"Â'&÷W'F–W2#¢²$æÖR#¢%"Â%7–Ö&öÄ”B#¢#'ÒÂ&vVöÖWG'’#¢²'G—R#¢%öÇ–vöâ"Â&6ö÷&F–æFW2#¢µµ³crãcCƒCcs“C“ƒ3cbÂ3ãSƒ3S#SCSSc“cbÂãÒÂ³crãcC3#ƒC3BÂ3ãS#“#S33bÂãÒÂ³crãcS““3ƒCsrÂ3ãC“SC#“ƒƒBÂãÒÂ³crãS“S33CSÂ3ãCs“#3““““c#c3bÂãÒÂ³crãSƒƒ“““““ƒ3‚Â3ãSS3C“CRÂãÒÂ³crãScƒƒc#“Cƒ“cbÂ3ãScC3s#3ƒbÂãÒÂ³crãcCS3sCs’Â3ãS#sccSRÂãÒÂ³crãcC“#ƒSCS3cbÂ3ãS3#ƒ#33#S3’ÂãÒÂ³crãcCƒCcs“C“ƒ3cbÂ3ãSƒ3S#SCSSc“cbÂãÕÕ××ÒÂ²'G—R#¢$fVGW&R"Â'&÷W'F–W2#¢²$æÖR#¢%F×2"Â%7–Ö&öÄ”B#¢#3R'ÒÂ&vVöÖWG'’#¢²'G—R#¢%öÇ–vöâ"Â&6ö÷&F–æFW2#¢µµ³crãScCsS3#2Â3ãSSƒ“#3CƒbÂãÒÂ³crãSSsƒC#RÂ3ãS3sƒ3“csbÂãÒÂ³crãScs3C““““s#‚Â3ãS3“ƒ““““““32ÂãÒÂ³crãccCS3cs#RÂ3ãS#“cSCCs’ÂãÒÂ³crãScCsS3#2Â3ãSSƒ“#3CƒbÂãÕÕ××ÒÂ²'G—R#¢$fVGW&R"Â'&÷W'F–W2#¢²$æÖR#¢%F×2"Â%7–Ö&öÄ”B#¢#3R'ÒÂ&vVöÖWG'’#¢²'G—R#¢%öÇ–vöâ"Â&6ö÷&F–æFW2#¢µµ³crãƒC3ƒ“““““3S‚Â3ãSƒS3CC“CRÂãÒÂ³crã“ccƒCÂ3ãccƒ3“sBÂãÒÂ³crãƒc“s““““sC##rÂ3ãScCcƒ3“s2ÂãÒÂ³crãƒc3sS“““““#C2Â3ãSs3C3“Ss3bÂãÒÂ³crãƒ#33#““““ss“s2Â3ãSScc“““““ScBÂãÒÂ³crãsƒccc3Sƒs‚Â3ãSs3#““““s3#rÂãÒÂ³crãƒ#ssS“““““#C2Â3ãcƒ##““CbÂãÒÂ³crã“CsC#SƒRÂ3ãc3##c“ƒ““RÂãÒÂ³crãƒC3ƒ“““““3S‚Â3ãSƒS3CC“CRÂãÕÕ××ÒÂ²'G—R#¢$fVGW&R"Â'&÷W'F–W2#¢²$æÖR#¢%"Â%7–Ö&öÄ”B#¢#'ÒÂ&vVöÖWG'’#¢²'G—R#¢%öÇ–vöâ"Â&6ö÷&F–æFW2#¢µµ³c‚ã###“c3sC‚Â3ãCƒƒ#cc“SƒbÂãÒÂ³crã“s3ƒSssRÂ3ãCSƒ#““““sS3##bÂãÒÂ³crã“ƒSS“““““cC32Â3ãCs##S3"ÂãÒÂ³crã“c3S““““ƒ“rÂ3ãCcƒ3““ƒ3ƒ2ÂãÒÂ³c‚ã###“c3sC‚Â3ãCƒƒ#cc“SƒbÂãÕÕ××ÒÂ²'G—R#¢$fVGW&R"Â'&÷W'F–W2#¢²$æÖR#¢%"Â%7–Ö&öÄ”B#¢#'ÒÂ&vVöÖWG'’#¢²'G—R#¢%öÇ–vöâ"Â&6ö÷&F–æFW2#¢µµ³c‚ã###“c3sC‚Â3ãcSsƒ3s“C3“3ƒƒBÂãÒÂ³crã““#3#cs“"Â3ãS#“““““cCcƒ#2ÂãÒÂ³crã“SsCS““““cs“3"Â3ãS#C“SCC##2ÂãÒÂ³crã“3S3““““Ss3bÂ3ãC“Cƒ“““““c3S3#"ÂãÒÂ³crã“sƒC““““SssƒrÂ3ãS#S“sƒC3RÂãÒÂ³crãƒs“ƒ3scsrÂ3ãSS#S#ƒs332ÂãÒÂ³crã“C3sc““““cƒS‚Â3ãScscssSrÂãÒÂ³crãƒCcC3““““ƒc"Â3ãSCcc““““s3#C2ÂãÒÂ³crãƒcc““““c#ƒÂ3ãS#3S“““““CÂãÒÂ³crãssc3c#3“Â3ãS#Sƒcc“bÂãÒÂ³crãsƒ#c###ƒ’Â3ãS#sSc#“3ƒ‚ÂãÒÂ³crãs3cCcscƒ“sSÂ3ãS3C3SƒssSrÂãÒÂ³crãsƒ“3#sC“c3c‚Â3ãSsƒƒcc3sƒC#‚ÂãÒÂ³crãƒ#33#““““ss“s2Â3ãSScc“““““ScBÂãÒÂ³crãƒc3sS“““““#C2Â3ãSs3C3“Ss3bÂãÒÂ³crãƒc“s““““sC##rÂ3ãScCcƒ3“s2ÂãÒÂ³crã“ccƒCÂ3ãccƒ3“sBÂãÒÂ³crãƒCcC33Ss‚Â3ãSƒƒƒs““““s##sbÂãÒÂ³crã“C“##Cc#rÂ3ãc#S“S3c“Csƒ"ÂãÒÂ³c‚ã###“c3sC‚Â3ãcSsƒ3s“C3“3ƒƒBÂãÕÕ××ÒÂ²'G—R#¢$fVGW&R"Â'&÷W'F–W2#¢²$æÖR#¢%Ò"Â%7–Ö&öÄ”B#¢#ƒ'ÒÂ&vVöÖWG'’#¢²'G—R#¢%öÇ–vöâ"Â&6ö÷&F–æFW2#¢µµ³crã““cC“3S"Â#bã“SS#Ss3CrÂãÒÂ³crã“C““““““cS32Â#bãƒCsƒ“““““SƒSsrÂãÒÂ³crã“#c3““““““cÂ#bãsSsƒ“““““sƒS“RÂãÒÂ³crã“C3““““ssbÂ#bãcƒcC““““ƒCscRÂãÒÂ³crã“3cS“““““““RÂ#bãSssƒ3C‚ÂãÒÂ³crã“Ss#SCƒRÂ#bãS33“S“#C’ÂãÒÂ³crã“Cƒ““““““ƒSrÂ#bãCsCSCs#BÂãÒÂ³crã“ƒS“C3Â#bãC##ƒ3#ƒÂãÒÂ³c‚ã###“c3sC‚Â#bã3Csc“Cs3SsCscrÂãÒÂ³c‚ã###“c3sC‚Â#bã##ƒs3““cƒS“sss"ÂãÒÂ³crã“SCCS““““ƒ#“rÂ#bã#Cs3““““““cC‚ÂãÒÂ³crã““S““““s3C#2Â#bã#ƒCsƒ“c“‚ÂãÒÂ³crã“cS3““““c#3"Â#bã3#“scCRÂãÒÂ³crã“Ss““““scs#Â#bã3ssC3ƒBÂãÒÂ³crãƒcScC““““ƒCsc‚Â#bãC33#3C3"ÂãÒÂ³crãƒcccs#CRÂ#bãCS3sƒCc“3RÂãÒÂ³crãƒs“c3S3sbÂ#bãS3#sS3bÂãÒÂ³crãss“sSc#RÂ#bãScC3#3cssƒbÂãÒÂ³crãss3CS““““Ss“3bÂ#bãS“““3“““““3ÂãÒÂ³crãƒ“S3RÂ#bãcSƒƒ““““ƒcƒc#RÂãÒÂ³crãsƒ“C3s#‚Â#bãsSCcS““““cS“#‚ÂãÒÂ³crãƒCS##SRÂ#bãƒ“#“#3CƒsBÂãÒÂ³crãƒƒ“3“CƒCrÂ#bã“SSs““““Ssƒ3s‚ÂãÒÂ³crã“#“s““““ƒ#s"Â#bã““ƒ“““““sSƒ#C2ÂãÒÂ³crã““c#““““ƒ#Cc‚Â#rãc#Cs“““““S#sRÂãÒÂ³crã“sScƒ“bÂ#rãƒ“#3Cƒƒ2ÂãÒÂ³c‚ã###“c3sC‚Â#rãS3“sSCcScC#2ÂãÒÂ³crã““cC“3S"Â#bã“SS#Ss3CrÂãÕÕ××Õ×